Сборка…
info: Microsoft.Hosting.Lifetime[14]
      Now listening on: http://localhost:5000
info: Microsoft.Hosting.Lifetime[0]
      Application started. Press Ctrl+C to shut down.
info: Microsoft.Hosting.Lifetime[0]
      Hosting environment: Development
info: Microsoft.Hosting.Lifetime[0]
      Content root path: C:\git\100720261441\backend
info: Microsoft.AspNetCore.Hosting.Diagnostics[1]
      Request starting HTTP/1.1 GET http://localhost:5000/api/random - - -
info: Microsoft.AspNetCore.Routing.EndpointMiddleware[0]
      Executing endpoint 'RandomNumberApi.Controllers.RandomController.Get (RandomNumberApi)'
info: Microsoft.AspNetCore.Mvc.Infrastructure.ControllerActionInvoker[102]
      Route matched with {action = "Get", controller = "Random"}. Executing controller action with signature Microsoft.AspNetCore.Mvc.IActionResult Get() on controller RandomNumberApi.Controllers.RandomController (RandomNumberApi).
info: Microsoft.AspNetCore.Mvc.Infrastructure.ObjectResultExecutor[1]
      Executing OkObjectResult, writing value of type '<>f__AnonymousType0`1[[System.Int32, System.Private.CoreLib, Version=8.0.0.0, Culture=neutral, PublicKeyToken=7cec85d7bea7798e]]'.
info: Microsoft.AspNetCore.Mvc.Infrastructure.ControllerActionInvoker[105]
      Executed action RandomNumberApi.Controllers.RandomController.Get (RandomNumberApi) in 16.1913ms
info: Microsoft.AspNetCore.Routing.EndpointMiddleware[1]
      Executed endpoint 'RandomNumberApi.Controllers.RandomController.Get (RandomNumberApi)'
info: Microsoft.AspNetCore.Hosting.Diagnostics[2]
      Request finished HTTP/1.1 GET http://localhost:5000/api/random - 200 - application/json;+charset=utf-8 52.3029ms
info: Microsoft.AspNetCore.Hosting.Diagnostics[1]
      Request starting HTTP/1.1 GET http://localhost:5000/swagger/index.html - - -
info: Microsoft.AspNetCore.Hosting.Diagnostics[2]
      Request finished HTTP/1.1 GET http://localhost:5000/swagger/index.html - 200 - text/html;charset=utf-8 38.9609ms
info: Microsoft.AspNetCore.Hosting.Diagnostics[1]
      Request starting HTTP/1.1 GET http://localhost:5000/api/random - - -
info: Microsoft.AspNetCore.Routing.EndpointMiddleware[0]
      Executing endpoint 'RandomNumberApi.Controllers.RandomController.Get (RandomNumberApi)'
info: Microsoft.AspNetCore.Mvc.Infrastructure.ControllerActionInvoker[102]
      Route matched with {action = "Get", controller = "Random"}. Executing controller action with signature Microsoft.AspNetCore.Mvc.IActionResult Get() on controller RandomNumberApi.Controllers.RandomController (RandomNumberApi).
info: Microsoft.AspNetCore.Mvc.Infrastructure.ObjectResultExecutor[1]
      Executing OkObjectResult, writing value of type '<>f__AnonymousType0`1[[System.Int32, System.Private.CoreLib, Version=8.0.0.0, Culture=neutral, PublicKeyToken=7cec85d7bea7798e]]'.
info: Microsoft.AspNetCore.Mvc.Infrastructure.ControllerActionInvoker[105]
      Executed action RandomNumberApi.Controllers.RandomController.Get (RandomNumberApi) in 0.7894ms
info: Microsoft.AspNetCore.Routing.EndpointMiddleware[1]
      Executed endpoint 'RandomNumberApi.Controllers.RandomController.Get (RandomNumberApi)'
info: Microsoft.AspNetCore.Hosting.Diagnostics[2]
      Request finished HTTP/1.1 GET http://localhost:5000/api/random - 200 - application/json;+charset=utf-8 2.2673ms
info: Microsoft.AspNetCore.Hosting.Diagnostics[1]
      Request starting HTTP/1.1 GET http://localhost:5000/api/random - - -
info: Microsoft.AspNetCore.Routing.EndpointMiddleware[0]
      Executing endpoint 'RandomNumberApi.Controllers.RandomController.Get (RandomNumberApi)'
info: Microsoft.AspNetCore.Mvc.Infrastructure.ControllerActionInvoker[102]
      Route matched with {action = "Get", controller = "Random"}. Executing controller action with signature Microsoft.AspNetCore.Mvc.IActionResult Get() on controller RandomNumberApi.Controllers.RandomController (RandomNumberApi).
info: Microsoft.AspNetCore.Mvc.Infrastructure.ObjectResultExecutor[1]
      Executing OkObjectResult, writing value of type '<>f__AnonymousType0`1[[System.Int32, System.Private.CoreLib, Version=8.0.0.0, Culture=neutral, PublicKeyToken=7cec85d7bea7798e]]'.
info: Microsoft.AspNetCore.Mvc.Infrastructure.ControllerActionInvoker[105]
      Executed action RandomNumberApi.Controllers.RandomController.Get (RandomNumberApi) in 2.649ms
info: Microsoft.AspNetCore.Routing.EndpointMiddleware[1]
      Executed endpoint 'RandomNumberApi.Controllers.RandomController.Get (RandomNumberApi)'
info: Microsoft.AspNetCore.Hosting.Diagnostics[2]
      Request finished HTTP/1.1 GET http://localhost:5000/api/random - 200 - application/json;+charset=utf-8 3.8373ms
info: Microsoft.AspNetCore.Hosting.Diagnostics[1]
      Request starting HTTP/1.1 GET http://localhost:5000/api/random - - -
info: Microsoft.AspNetCore.Routing.EndpointMiddleware[0]
      Executing endpoint 'RandomNumberApi.Controllers.RandomController.Get (RandomNumberApi)'
info: Microsoft.AspNetCore.Mvc.Infrastructure.ControllerActionInvoker[102]
      Route matched with {action = "Get", controller = "Random"}. Executing controller action with signature Microsoft.AspNetCore.Mvc.IActionResult Get() on controller RandomNumberApi.Controllers.RandomController (RandomNumberApi).
info: Microsoft.AspNetCore.Mvc.Infrastructure.ObjectResultExecutor[1]
      Executing OkObjectResult, writing value of type '<>f__AnonymousType0`1[[System.Int32, System.Private.CoreLib, Version=8.0.0.0, Culture=neutral, PublicKeyToken=7cec85d7bea7798e]]'.
info: Microsoft.AspNetCore.Mvc.Infrastructure.ControllerActionInvoker[105]
      Executed action RandomNumberApi.Controllers.RandomController.Get (RandomNumberApi) in 0.2471ms
info: Microsoft.AspNetCore.Routing.EndpointMiddleware[1]
      Executed endpoint 'RandomNumberApi.Controllers.RandomController.Get (RandomNumberApi)'
info: Microsoft.AspNetCore.Hosting.Diagnostics[2]
      Request finished HTTP/1.1 GET http://localhost:5000/api/random - 200 - application/json;+charset=utf-8 0.6416ms
info: Microsoft.AspNetCore.Hosting.Diagnostics[1]
      Request starting HTTP/1.1 GET http://localhost:5000/api/random - - -
info: Microsoft.AspNetCore.Routing.EndpointMiddleware[0]
      Executing endpoint 'RandomNumberApi.Controllers.RandomController.Get (RandomNumberApi)'
info: Microsoft.AspNetCore.Mvc.Infrastructure.ControllerActionInvoker[102]
      Route matched with {action = "Get", controller = "Random"}. Executing controller action with signature Microsoft.AspNetCore.Mvc.IActionResult Get() on controller RandomNumberApi.Controllers.RandomController (RandomNumberApi).
info: Microsoft.AspNetCore.Mvc.Infrastructure.ObjectResultExecutor[1]
      Executing OkObjectResult, writing value of type '<>f__AnonymousType0`1[[System.Int32, System.Private.CoreLib, Version=8.0.0.0, Culture=neutral, PublicKeyToken=7cec85d7bea7798e]]'.
info: Microsoft.AspNetCore.Mvc.Infrastructure.ControllerActionInvoker[105]
      Executed action RandomNumberApi.Controllers.RandomController.Get (RandomNumberApi) in 0.2959ms
info: Microsoft.AspNetCore.Routing.EndpointMiddleware[1]
      Executed endpoint 'RandomNumberApi.Controllers.RandomController.Get (RandomNumberApi)'
info: Microsoft.AspNetCore.Hosting.Diagnostics[2]
      Request finished HTTP/1.1 GET http://localhost:5000/api/random - 200 - application/json;+charset=utf-8 0.8226ms
info: Microsoft.AspNetCore.Hosting.Diagnostics[1]
      Request starting HTTP/1.1 GET http://localhost:5000/api/random - - -
info: Microsoft.AspNetCore.Routing.EndpointMiddleware[0]
      Executing endpoint 'RandomNumberApi.Controllers.RandomController.Get (RandomNumberApi)'
info: Microsoft.AspNetCore.Mvc.Infrastructure.ControllerActionInvoker[102]
      Route matched with {action = "Get", controller = "Random"}. Executing controller action with signature Microsoft.AspNetCore.Mvc.IActionResult Get() on controller RandomNumberApi.Controllers.RandomController (RandomNumberApi).
info: Microsoft.AspNetCore.Mvc.Infrastructure.ObjectResultExecutor[1]
      Executing OkObjectResult, writing value of type '<>f__AnonymousType0`1[[System.Int32, System.Private.CoreLib, Version=8.0.0.0, Culture=neutral, PublicKeyToken=7cec85d7bea7798e]]'.
info: Microsoft.AspNetCore.Mvc.Infrastructure.ControllerActionInvoker[105]
      Executed action RandomNumberApi.Controllers.RandomController.Get (RandomNumberApi) in 0.2739ms
info: Microsoft.AspNetCore.Routing.EndpointMiddleware[1]
      Executed endpoint 'RandomNumberApi.Controllers.RandomController.Get (RandomNumberApi)'
info: Microsoft.AspNetCore.Hosting.Diagnostics[2]
      Request finished HTTP/1.1 GET http://localhost:5000/api/random - 200 - application/json;+charset=utf-8 0.7484ms
info: Microsoft.AspNetCore.Hosting.Diagnostics[1]
      Request starting HTTP/1.1 GET http://localhost:5000/api/random - - -
info: Microsoft.AspNetCore.Routing.EndpointMiddleware[0]
      Executing endpoint 'RandomNumberApi.Controllers.RandomController.Get (RandomNumberApi)'
info: Microsoft.AspNetCore.Mvc.Infrastructure.ControllerActionInvoker[102]
      Route matched with {action = "Get", controller = "Random"}. Executing controller action with signature Microsoft.AspNetCore.Mvc.IActionResult Get() on controller RandomNumberApi.Controllers.RandomController (RandomNumberApi).
info: Microsoft.AspNetCore.Mvc.Infrastructure.ObjectResultExecutor[1]
      Executing OkObjectResult, writing value of type '<>f__AnonymousType0`1[[System.Int32, System.Private.CoreLib, Version=8.0.0.0, Culture=neutral, PublicKeyToken=7cec85d7bea7798e]]'.
info: Microsoft.AspNetCore.Mvc.Infrastructure.ControllerActionInvoker[105]
      Executed action RandomNumberApi.Controllers.RandomController.Get (RandomNumberApi) in 0.2889ms
info: Microsoft.AspNetCore.Routing.EndpointMiddleware[1]
      Executed endpoint 'RandomNumberApi.Controllers.RandomController.Get (RandomNumberApi)'
info: Microsoft.AspNetCore.Hosting.Diagnostics[2]
      Request finished HTTP/1.1 GET http://localhost:5000/api/random - 200 - application/json;+charset=utf-8 1.0231ms
info: Microsoft.AspNetCore.Hosting.Diagnostics[1]
      Request starting HTTP/1.1 GET http://localhost:5000/api/random - - -
info: Microsoft.AspNetCore.Routing.EndpointMiddleware[0]
      Executing endpoint 'RandomNumberApi.Controllers.RandomController.Get (RandomNumberApi)'
info: Microsoft.AspNetCore.Mvc.Infrastructure.ControllerActionInvoker[102]
      Route matched with {action = "Get", controller = "Random"}. Executing controller action with signature Microsoft.AspNetCore.Mvc.IActionResult Get() on controller RandomNumberApi.Controllers.RandomController (RandomNumberApi).
info: Microsoft.AspNetCore.Mvc.Infrastructure.ObjectResultExecutor[1]
      Executing OkObjectResult, writing value of type '<>f__AnonymousType0`1[[System.Int32, System.Private.CoreLib, Version=8.0.0.0, Culture=neutral, PublicKeyToken=7cec85d7bea7798e]]'.
info: Microsoft.AspNetCore.Mvc.Infrastructure.ControllerActionInvoker[105]
      Executed action RandomNumberApi.Controllers.RandomController.Get (RandomNumberApi) in 0.3457ms
info: Microsoft.AspNetCore.Routing.EndpointMiddleware[1]
      Executed endpoint 'RandomNumberApi.Controllers.RandomController.Get (RandomNumberApi)'
info: Microsoft.AspNetCore.Hosting.Diagnostics[2]
      Request finished HTTP/1.1 GET http://localhost:5000/api/random - 200 - application/json;+charset=utf-8 0.9744ms
info: Microsoft.AspNetCore.Hosting.Diagnostics[1]
      Request starting HTTP/1.1 GET http://localhost:5000/api/random - - -
info: Microsoft.AspNetCore.Routing.EndpointMiddleware[0]
      Executing endpoint 'RandomNumberApi.Controllers.RandomController.Get (RandomNumberApi)'
info: Microsoft.AspNetCore.Mvc.Infrastructure.ControllerActionInvoker[102]
      Route matched with {action = "Get", controller = "Random"}. Executing controller action with signature Microsoft.AspNetCore.Mvc.IActionResult Get() on controller RandomNumberApi.Controllers.RandomController (RandomNumberApi).
info: Microsoft.AspNetCore.Mvc.Infrastructure.ObjectResultExecutor[1]
      Executing OkObjectResult, writing value of type '<>f__AnonymousType0`1[[System.Int32, System.Private.CoreLib, Version=8.0.0.0, Culture=neutral, PublicKeyToken=7cec85d7bea7798e]]'.
info: Microsoft.AspNetCore.Mvc.Infrastructure.ControllerActionInvoker[105]
      Executed action RandomNumberApi.Controllers.RandomController.Get (RandomNumberApi) in 0.3465ms
info: Microsoft.AspNetCore.Routing.EndpointMiddleware[1]
      Executed endpoint 'RandomNumberApi.Controllers.RandomController.Get (RandomNumberApi)'
info: Microsoft.AspNetCore.Hosting.Diagnostics[2]
      Request finished HTTP/1.1 GET http://localhost:5000/api/random - 200 - application/json;+charset=utf-8 0.9867ms
info: Microsoft.AspNetCore.Hosting.Diagnostics[1]
      Request starting HTTP/1.1 GET http://localhost:5000/api/random - - -
info: Microsoft.AspNetCore.Routing.EndpointMiddleware[0]
      Executing endpoint 'RandomNumberApi.Controllers.RandomController.Get (RandomNumberApi)'
info: Microsoft.AspNetCore.Mvc.Infrastructure.ControllerActionInvoker[102]
      Route matched with {action = "Get", controller = "Random"}. Executing controller action with signature Microsoft.AspNetCore.Mvc.IActionResult Get() on controller RandomNumberApi.Controllers.RandomController (RandomNumberApi).
info: Microsoft.AspNetCore.Mvc.Infrastructure.ObjectResultExecutor[1]
      Executing OkObjectResult, writing value of type '<>f__AnonymousType0`1[[System.Int32, System.Private.CoreLib, Version=8.0.0.0, Culture=neutral, PublicKeyToken=7cec85d7bea7798e]]'.
info: Microsoft.AspNetCore.Mvc.Infrastructure.ControllerActionInvoker[105]
      Executed action RandomNumberApi.Controllers.RandomController.Get (RandomNumberApi) in 0.3126ms
info: Microsoft.AspNetCore.Routing.EndpointMiddleware[1]
      Executed endpoint 'RandomNumberApi.Controllers.RandomController.Get (RandomNumberApi)'
info: Microsoft.AspNetCore.Hosting.Diagnostics[2]
      Request finished HTTP/1.1 GET http://localhost:5000/api/random - 200 - application/json;+charset=utf-8 1.2298ms
info: Microsoft.AspNetCore.Hosting.Diagnostics[1]
      Request starting HTTP/1.1 GET http://localhost:5000/api/random - - -
info: Microsoft.AspNetCore.Routing.EndpointMiddleware[0]
      Executing endpoint 'RandomNumberApi.Controllers.RandomController.Get (RandomNumberApi)'
info: Microsoft.AspNetCore.Mvc.Infrastructure.ControllerActionInvoker[102]
      Route matched with {action = "Get", controller = "Random"}. Executing controller action with signature Microsoft.AspNetCore.Mvc.IActionResult Get() on controller RandomNumberApi.Controllers.RandomController (RandomNumberApi).
info: Microsoft.AspNetCore.Mvc.Infrastructure.ObjectResultExecutor[1]
      Executing OkObjectResult, writing value of type '<>f__AnonymousType0`1[[System.Int32, System.Private.CoreLib, Version=8.0.0.0, Culture=neutral, PublicKeyToken=7cec85d7bea7798e]]'.
info: Microsoft.AspNetCore.Mvc.Infrastructure.ControllerActionInvoker[105]
      Executed action RandomNumberApi.Controllers.RandomController.Get (RandomNumberApi) in 0.2447ms
info: Microsoft.AspNetCore.Routing.EndpointMiddleware[1]
      Executed endpoint 'RandomNumberApi.Controllers.RandomController.Get (RandomNumberApi)'
info: Microsoft.AspNetCore.Hosting.Diagnostics[2]
      Request finished HTTP/1.1 GET http://localhost:5000/api/random - 200 - application/json;+charset=utf-8 0.6337ms
info: Microsoft.AspNetCore.Hosting.Diagnostics[1]
      Request starting HTTP/1.1 GET http://localhost:5000/api/random - - -
info: Microsoft.AspNetCore.Routing.EndpointMiddleware[0]
      Executing endpoint 'RandomNumberApi.Controllers.RandomController.Get (RandomNumberApi)'
info: Microsoft.AspNetCore.Mvc.Infrastructure.ControllerActionInvoker[102]
      Route matched with {action = "Get", controller = "Random"}. Executing controller action with signature Microsoft.AspNetCore.Mvc.IActionResult Get() on controller RandomNumberApi.Controllers.RandomController (RandomNumberApi).
info: Microsoft.AspNetCore.Mvc.Infrastructure.ObjectResultExecutor[1]
      Executing OkObjectResult, writing value of type '<>f__AnonymousType0`1[[System.Int32, System.Private.CoreLib, Version=8.0.0.0, Culture=neutral, PublicKeyToken=7cec85d7bea7798e]]'.
info: Microsoft.AspNetCore.Mvc.Infrastructure.ControllerActionInvoker[105]
      Executed action RandomNumberApi.Controllers.RandomController.Get (RandomNumberApi) in 0.3908ms
info: Microsoft.AspNetCore.Routing.EndpointMiddleware[1]
      Executed endpoint 'RandomNumberApi.Controllers.RandomController.Get (RandomNumberApi)'
info: Microsoft.AspNetCore.Hosting.Diagnostics[2]
      Request finished HTTP/1.1 GET http://localhost:5000/api/random - 200 - application/json;+charset=utf-8 1.2957ms
info: Microsoft.AspNetCore.Hosting.Diagnostics[1]
      Request starting HTTP/1.1 GET http://localhost:5000/api/random - - -
info: Microsoft.AspNetCore.Routing.EndpointMiddleware[0]
      Executing endpoint 'RandomNumberApi.Controllers.RandomController.Get (RandomNumberApi)'
info: Microsoft.AspNetCore.Mvc.Infrastructure.ControllerActionInvoker[102]
      Route matched with {action = "Get", controller = "Random"}. Executing controller action with signature Microsoft.AspNetCore.Mvc.IActionResult Get() on controller RandomNumberApi.Controllers.RandomController (RandomNumberApi).
info: Microsoft.AspNetCore.Mvc.Infrastructure.ObjectResultExecutor[1]
      Executing OkObjectResult, writing value of type '<>f__AnonymousType0`1[[System.Int32, System.Private.CoreLib, Version=8.0.0.0, Culture=neutral, PublicKeyToken=7cec85d7bea7798e]]'.
info: Microsoft.AspNetCore.Mvc.Infrastructure.ControllerActionInvoker[105]
      Executed action RandomNumberApi.Controllers.RandomController.Get (RandomNumberApi) in 0.1999ms
info: Microsoft.AspNetCore.Routing.EndpointMiddleware[1]
      Executed endpoint 'RandomNumberApi.Controllers.RandomController.Get (RandomNumberApi)'
info: Microsoft.AspNetCore.Hosting.Diagnostics[2]
      Request finished HTTP/1.1 GET http://localhost:5000/api/random - 200 - application/json;+charset=utf-8 0.8942ms
info: Microsoft.AspNetCore.Hosting.Diagnostics[1]
      Request starting HTTP/1.1 GET http://localhost:5000/api/random - - -
info: Microsoft.AspNetCore.Routing.EndpointMiddleware[0]
      Executing endpoint 'RandomNumberApi.Controllers.RandomController.Get (RandomNumberApi)'
info: Microsoft.AspNetCore.Mvc.Infrastructure.ControllerActionInvoker[102]
      Route matched with {action = "Get", controller = "Random"}. Executing controller action with signature Microsoft.AspNetCore.Mvc.IActionResult Get() on controller RandomNumberApi.Controllers.RandomController (RandomNumberApi).
info: Microsoft.AspNetCore.Mvc.Infrastructure.ObjectResultExecutor[1]
      Executing OkObjectResult, writing value of type '<>f__AnonymousType0`1[[System.Int32, System.Private.CoreLib, Version=8.0.0.0, Culture=neutral, PublicKeyToken=7cec85d7bea7798e]]'.
info: Microsoft.AspNetCore.Mvc.Infrastructure.ControllerActionInvoker[105]
      Executed action RandomNumberApi.Controllers.RandomController.Get (RandomNumberApi) in 0.234ms
info: Microsoft.AspNetCore.Routing.EndpointMiddleware[1]
      Executed endpoint 'RandomNumberApi.Controllers.RandomController.Get (RandomNumberApi)'
info: Microsoft.AspNetCore.Hosting.Diagnostics[2]
      Request finished HTTP/1.1 GET http://localhost:5000/api/random - 200 - application/json;+charset=utf-8 0.7363ms
info: Microsoft.AspNetCore.Hosting.Diagnostics[1]
      Request starting HTTP/1.1 GET http://localhost:5000/api/random - - -
info: Microsoft.AspNetCore.Routing.EndpointMiddleware[0]
      Executing endpoint 'RandomNumberApi.Controllers.RandomController.Get (RandomNumberApi)'
info: Microsoft.AspNetCore.Mvc.Infrastructure.ControllerActionInvoker[102]
      Route matched with {action = "Get", controller = "Random"}. Executing controller action with signature Microsoft.AspNetCore.Mvc.IActionResult Get() on controller RandomNumberApi.Controllers.RandomController (RandomNumberApi).
info: Microsoft.AspNetCore.Mvc.Infrastructure.ObjectResultExecutor[1]
      Executing OkObjectResult, writing value of type '<>f__AnonymousType0`1[[System.Int32, System.Private.CoreLib, Version=8.0.0.0, Culture=neutral, PublicKeyToken=7cec85d7bea7798e]]'.
info: Microsoft.AspNetCore.Mvc.Infrastructure.ControllerActionInvoker[105]
      Executed action RandomNumberApi.Controllers.RandomController.Get (RandomNumberApi) in 0.3101ms
info: Microsoft.AspNetCore.Routing.EndpointMiddleware[1]
      Executed endpoint 'RandomNumberApi.Controllers.RandomController.Get (RandomNumberApi)'
info: Microsoft.AspNetCore.Hosting.Diagnostics[2]
      Request finished HTTP/1.1 GET http://localhost:5000/api/random - 200 - application/json;+charset=utf-8 0.9054ms
info: Microsoft.AspNetCore.Hosting.Diagnostics[1]
      Request starting HTTP/1.1 GET http://localhost:5000/api/random - - -
info: Microsoft.AspNetCore.Routing.EndpointMiddleware[0]
      Executing endpoint 'RandomNumberApi.Controllers.RandomController.Get (RandomNumberApi)'
info: Microsoft.AspNetCore.Mvc.Infrastructure.ControllerActionInvoker[102]
      Route matched with {action = "Get", controller = "Random"}. Executing controller action with signature Microsoft.AspNetCore.Mvc.IActionResult Get() on controller RandomNumberApi.Controllers.RandomController (RandomNumberApi).
info: Microsoft.AspNetCore.Mvc.Infrastructure.ObjectResultExecutor[1]
      Executing OkObjectResult, writing value of type '<>f__AnonymousType0`1[[System.Int32, System.Private.CoreLib, Version=8.0.0.0, Culture=neutral, PublicKeyToken=7cec85d7bea7798e]]'.
info: Microsoft.AspNetCore.Mvc.Infrastructure.ControllerActionInvoker[105]
      Executed action RandomNumberApi.Controllers.RandomController.Get (RandomNumberApi) in 0.2877ms
info: Microsoft.AspNetCore.Routing.EndpointMiddleware[1]
      Executed endpoint 'RandomNumberApi.Controllers.RandomController.Get (RandomNumberApi)'
info: Microsoft.AspNetCore.Hosting.Diagnostics[2]
      Request finished HTTP/1.1 GET http://localhost:5000/api/random - 200 - application/json;+charset=utf-8 0.8219ms
info: Microsoft.AspNetCore.Hosting.Diagnostics[1]
      Request starting HTTP/1.1 GET http://localhost:5000/api/random - - -
info: Microsoft.AspNetCore.Routing.EndpointMiddleware[0]
      Executing endpoint 'RandomNumberApi.Controllers.RandomController.Get (RandomNumberApi)'
info: Microsoft.AspNetCore.Mvc.Infrastructure.ControllerActionInvoker[102]
      Route matched with {action = "Get", controller = "Random"}. Executing controller action with signature Microsoft.AspNetCore.Mvc.IActionResult Get() on controller RandomNumberApi.Controllers.RandomController (RandomNumberApi).
info: Microsoft.AspNetCore.Mvc.Infrastructure.ObjectResultExecutor[1]
      Executing OkObjectResult, writing value of type '<>f__AnonymousType0`1[[System.Int32, System.Private.CoreLib, Version=8.0.0.0, Culture=neutral, PublicKeyToken=7cec85d7bea7798e]]'.
info: Microsoft.AspNetCore.Mvc.Infrastructure.ControllerActionInvoker[105]
      Executed action RandomNumberApi.Controllers.RandomController.Get (RandomNumberApi) in 0.2945ms
info: Microsoft.AspNetCore.Routing.EndpointMiddleware[1]
      Executed endpoint 'RandomNumberApi.Controllers.RandomController.Get (RandomNumberApi)'
info: Microsoft.AspNetCore.Hosting.Diagnostics[2]
      Request finished HTTP/1.1 GET http://localhost:5000/api/random - 200 - application/json;+charset=utf-8 0.7635ms
info: Microsoft.AspNetCore.Hosting.Diagnostics[1]
      Request starting HTTP/1.1 GET http://localhost:5000/api/random - - -
info: Microsoft.AspNetCore.Routing.EndpointMiddleware[0]
      Executing endpoint 'RandomNumberApi.Controllers.RandomController.Get (RandomNumberApi)'
info: Microsoft.AspNetCore.Mvc.Infrastructure.ControllerActionInvoker[102]
      Route matched with {action = "Get", controller = "Random"}. Executing controller action with signature Microsoft.AspNetCore.Mvc.IActionResult Get() on controller RandomNumberApi.Controllers.RandomController (RandomNumberApi).
info: Microsoft.AspNetCore.Mvc.Infrastructure.ObjectResultExecutor[1]
      Executing OkObjectResult, writing value of type '<>f__AnonymousType0`1[[System.Int32, System.Private.CoreLib, Version=8.0.0.0, Culture=neutral, PublicKeyToken=7cec85d7bea7798e]]'.
info: Microsoft.AspNetCore.Mvc.Infrastructure.ControllerActionInvoker[105]
      Executed action RandomNumberApi.Controllers.RandomController.Get (RandomNumberApi) in 0.2066ms
info: Microsoft.AspNetCore.Routing.EndpointMiddleware[1]
      Executed endpoint 'RandomNumberApi.Controllers.RandomController.Get (RandomNumberApi)'
info: Microsoft.AspNetCore.Hosting.Diagnostics[2]
      Request finished HTTP/1.1 GET http://localhost:5000/api/random - 200 - application/json;+charset=utf-8 0.5849ms
info: Microsoft.AspNetCore.Hosting.Diagnostics[1]
      Request starting HTTP/1.1 GET http://localhost:5000/api/random - - -
info: Microsoft.AspNetCore.Routing.EndpointMiddleware[0]
      Executing endpoint 'RandomNumberApi.Controllers.RandomController.Get (RandomNumberApi)'
info: Microsoft.AspNetCore.Mvc.Infrastructure.ControllerActionInvoker[102]
      Route matched with {action = "Get", controller = "Random"}. Executing controller action with signature Microsoft.AspNetCore.Mvc.IActionResult Get() on controller RandomNumberApi.Controllers.RandomController (RandomNumberApi).
info: Microsoft.AspNetCore.Mvc.Infrastructure.ObjectResultExecutor[1]
      Executing OkObjectResult, writing value of type '<>f__AnonymousType0`1[[System.Int32, System.Private.CoreLib, Version=8.0.0.0, Culture=neutral, PublicKeyToken=7cec85d7bea7798e]]'.
info: Microsoft.AspNetCore.Mvc.Infrastructure.ControllerActionInvoker[105]
      Executed action RandomNumberApi.Controllers.RandomController.Get (RandomNumberApi) in 0.2672ms
info: Microsoft.AspNetCore.Routing.EndpointMiddleware[1]
      Executed endpoint 'RandomNumberApi.Controllers.RandomController.Get (RandomNumberApi)'
info: Microsoft.AspNetCore.Hosting.Diagnostics[2]
      Request finished HTTP/1.1 GET http://localhost:5000/api/random - 200 - application/json;+charset=utf-8 0.6979ms
info: Microsoft.AspNetCore.Hosting.Diagnostics[1]
      Request starting HTTP/1.1 GET http://localhost:5000/api/random - - -
info: Microsoft.AspNetCore.Routing.EndpointMiddleware[0]
      Executing endpoint 'RandomNumberApi.Controllers.RandomController.Get (RandomNumberApi)'
info: Microsoft.AspNetCore.Mvc.Infrastructure.ControllerActionInvoker[102]
      Route matched with {action = "Get", controller = "Random"}. Executing controller action with signature Microsoft.AspNetCore.Mvc.IActionResult Get() on controller RandomNumberApi.Controllers.RandomController (RandomNumberApi).
info: Microsoft.AspNetCore.Mvc.Infrastructure.ObjectResultExecutor[1]
      Executing OkObjectResult, writing value of type '<>f__AnonymousType0`1[[System.Int32, System.Private.CoreLib, Version=8.0.0.0, Culture=neutral, PublicKeyToken=7cec85d7bea7798e]]'.
info: Microsoft.AspNetCore.Mvc.Infrastructure.ControllerActionInvoker[105]
      Executed action RandomNumberApi.Controllers.RandomController.Get (RandomNumberApi) in 0.2876ms
info: Microsoft.AspNetCore.Routing.EndpointMiddleware[1]
      Executed endpoint 'RandomNumberApi.Controllers.RandomController.Get (RandomNumberApi)'
info: Microsoft.AspNetCore.Hosting.Diagnostics[2]
      Request finished HTTP/1.1 GET http://localhost:5000/api/random - 200 - application/json;+charset=utf-8 1.1067ms
info: Microsoft.AspNetCore.Hosting.Diagnostics[1]
      Request starting HTTP/1.1 GET http://localhost:5000/api/random - - -
info: Microsoft.AspNetCore.Routing.EndpointMiddleware[0]
      Executing endpoint 'RandomNumberApi.Controllers.RandomController.Get (RandomNumberApi)'
info: Microsoft.AspNetCore.Mvc.Infrastructure.ControllerActionInvoker[102]
      Route matched with {action = "Get", controller = "Random"}. Executing controller action with signature Microsoft.AspNetCore.Mvc.IActionResult Get() on controller RandomNumberApi.Controllers.RandomController (RandomNumberApi).
info: Microsoft.AspNetCore.Mvc.Infrastructure.ObjectResultExecutor[1]
      Executing OkObjectResult, writing value of type '<>f__AnonymousType0`1[[System.Int32, System.Private.CoreLib, Version=8.0.0.0, Culture=neutral, PublicKeyToken=7cec85d7bea7798e]]'.
info: Microsoft.AspNetCore.Mvc.Infrastructure.ControllerActionInvoker[105]
      Executed action RandomNumberApi.Controllers.RandomController.Get (RandomNumberApi) in 0.3387ms
info: Microsoft.AspNetCore.Routing.EndpointMiddleware[1]
      Executed endpoint 'RandomNumberApi.Controllers.RandomController.Get (RandomNumberApi)'
info: Microsoft.AspNetCore.Hosting.Diagnostics[2]
      Request finished HTTP/1.1 GET http://localhost:5000/api/random - 200 - application/json;+charset=utf-8 0.8713ms
info: Microsoft.AspNetCore.Hosting.Diagnostics[1]
      Request starting HTTP/1.1 GET http://localhost:5000/api/random - - -
info: Microsoft.AspNetCore.Routing.EndpointMiddleware[0]
      Executing endpoint 'RandomNumberApi.Controllers.RandomController.Get (RandomNumberApi)'
info: Microsoft.AspNetCore.Mvc.Infrastructure.ControllerActionInvoker[102]
      Route matched with {action = "Get", controller = "Random"}. Executing controller action with signature Microsoft.AspNetCore.Mvc.IActionResult Get() on controller RandomNumberApi.Controllers.RandomController (RandomNumberApi).
info: Microsoft.AspNetCore.Mvc.Infrastructure.ObjectResultExecutor[1]
      Executing OkObjectResult, writing value of type '<>f__AnonymousType0`1[[System.Int32, System.Private.CoreLib, Version=8.0.0.0, Culture=neutral, PublicKeyToken=7cec85d7bea7798e]]'.
info: Microsoft.AspNetCore.Mvc.Infrastructure.ControllerActionInvoker[105]
      Executed action RandomNumberApi.Controllers.RandomController.Get (RandomNumberApi) in 0.3962ms
info: Microsoft.AspNetCore.Routing.EndpointMiddleware[1]
      Executed endpoint 'RandomNumberApi.Controllers.RandomController.Get (RandomNumberApi)'
info: Microsoft.AspNetCore.Hosting.Diagnostics[2]
      Request finished HTTP/1.1 GET http://localhost:5000/api/random - 200 - application/json;+charset=utf-8 0.9869ms
info: Microsoft.AspNetCore.Hosting.Diagnostics[1]
      Request starting HTTP/1.1 GET http://localhost:5000/api/random - - -
info: Microsoft.AspNetCore.Routing.EndpointMiddleware[0]
      Executing endpoint 'RandomNumberApi.Controllers.RandomController.Get (RandomNumberApi)'
info: Microsoft.AspNetCore.Mvc.Infrastructure.ControllerActionInvoker[102]
      Route matched with {action = "Get", controller = "Random"}. Executing controller action with signature Microsoft.AspNetCore.Mvc.IActionResult Get() on controller RandomNumberApi.Controllers.RandomController (RandomNumberApi).
info: Microsoft.AspNetCore.Mvc.Infrastructure.ObjectResultExecutor[1]
      Executing OkObjectResult, writing value of type '<>f__AnonymousType0`1[[System.Int32, System.Private.CoreLib, Version=8.0.0.0, Culture=neutral, PublicKeyToken=7cec85d7bea7798e]]'.
info: Microsoft.AspNetCore.Mvc.Infrastructure.ControllerActionInvoker[105]
      Executed action RandomNumberApi.Controllers.RandomController.Get (RandomNumberApi) in 0.1723ms
info: Microsoft.AspNetCore.Routing.EndpointMiddleware[1]
      Executed endpoint 'RandomNumberApi.Controllers.RandomController.Get (RandomNumberApi)'
info: Microsoft.AspNetCore.Hosting.Diagnostics[2]
      Request finished HTTP/1.1 GET http://localhost:5000/api/random - 200 - application/json;+charset=utf-8 0.4975ms
info: Microsoft.AspNetCore.Hosting.Diagnostics[1]
      Request starting HTTP/1.1 GET http://localhost:5000/api/random - - -
info: Microsoft.AspNetCore.Routing.EndpointMiddleware[0]
      Executing endpoint 'RandomNumberApi.Controllers.RandomController.Get (RandomNumberApi)'
info: Microsoft.AspNetCore.Mvc.Infrastructure.ControllerActionInvoker[102]
      Route matched with {action = "Get", controller = "Random"}. Executing controller action with signature Microsoft.AspNetCore.Mvc.IActionResult Get() on controller RandomNumberApi.Controllers.RandomController (RandomNumberApi).
info: Microsoft.AspNetCore.Mvc.Infrastructure.ObjectResultExecutor[1]
      Executing OkObjectResult, writing value of type '<>f__AnonymousType0`1[[System.Int32, System.Private.CoreLib, Version=8.0.0.0, Culture=neutral, PublicKeyToken=7cec85d7bea7798e]]'.
info: Microsoft.AspNetCore.Mvc.Infrastructure.ControllerActionInvoker[105]
      Executed action RandomNumberApi.Controllers.RandomController.Get (RandomNumberApi) in 0.2342ms
info: Microsoft.AspNetCore.Routing.EndpointMiddleware[1]
      Executed endpoint 'RandomNumberApi.Controllers.RandomController.Get (RandomNumberApi)'
info: Microsoft.AspNetCore.Hosting.Diagnostics[2]
      Request finished HTTP/1.1 GET http://localhost:5000/api/random - 200 - application/json;+charset=utf-8 0.6683ms
info: Microsoft.AspNetCore.Hosting.Diagnostics[1]
      Request starting HTTP/1.1 GET http://localhost:5000/api/random - - -
info: Microsoft.AspNetCore.Routing.EndpointMiddleware[0]
      Executing endpoint 'RandomNumberApi.Controllers.RandomController.Get (RandomNumberApi)'
info: Microsoft.AspNetCore.Mvc.Infrastructure.ControllerActionInvoker[102]
      Route matched with {action = "Get", controller = "Random"}. Executing controller action with signature Microsoft.AspNetCore.Mvc.IActionResult Get() on controller RandomNumberApi.Controllers.RandomController (RandomNumberApi).
info: Microsoft.AspNetCore.Mvc.Infrastructure.ObjectResultExecutor[1]
      Executing OkObjectResult, writing value of type '<>f__AnonymousType0`1[[System.Int32, System.Private.CoreLib, Version=8.0.0.0, Culture=neutral, PublicKeyToken=7cec85d7bea7798e]]'.
info: Microsoft.AspNetCore.Mvc.Infrastructure.ControllerActionInvoker[105]
      Executed action RandomNumberApi.Controllers.RandomController.Get (RandomNumberApi) in 0.2284ms
info: Microsoft.AspNetCore.Routing.EndpointMiddleware[1]
      Executed endpoint 'RandomNumberApi.Controllers.RandomController.Get (RandomNumberApi)'
info: Microsoft.AspNetCore.Hosting.Diagnostics[2]
      Request finished HTTP/1.1 GET http://localhost:5000/api/random - 200 - application/json;+charset=utf-8 0.6332ms
info: Microsoft.AspNetCore.Hosting.Diagnostics[1]
      Request starting HTTP/1.1 GET http://localhost:5000/api/random - - -
info: Microsoft.AspNetCore.Routing.EndpointMiddleware[0]
      Executing endpoint 'RandomNumberApi.Controllers.RandomController.Get (RandomNumberApi)'
info: Microsoft.AspNetCore.Mvc.Infrastructure.ControllerActionInvoker[102]
      Route matched with {action = "Get", controller = "Random"}. Executing controller action with signature Microsoft.AspNetCore.Mvc.IActionResult Get() on controller RandomNumberApi.Controllers.RandomController (RandomNumberApi).
info: Microsoft.AspNetCore.Mvc.Infrastructure.ObjectResultExecutor[1]
      Executing OkObjectResult, writing value of type '<>f__AnonymousType0`1[[System.Int32, System.Private.CoreLib, Version=8.0.0.0, Culture=neutral, PublicKeyToken=7cec85d7bea7798e]]'.
info: Microsoft.AspNetCore.Mvc.Infrastructure.ControllerActionInvoker[105]
      Executed action RandomNumberApi.Controllers.RandomController.Get (RandomNumberApi) in 0.2892ms
info: Microsoft.AspNetCore.Routing.EndpointMiddleware[1]
      Executed endpoint 'RandomNumberApi.Controllers.RandomController.Get (RandomNumberApi)'
info: Microsoft.AspNetCore.Hosting.Diagnostics[2]
      Request finished HTTP/1.1 GET http://localhost:5000/api/random - 200 - application/json;+charset=utf-8 1.0888ms
info: Microsoft.AspNetCore.Hosting.Diagnostics[1]
      Request starting HTTP/1.1 GET http://localhost:5000/api/random - - -
info: Microsoft.AspNetCore.Routing.EndpointMiddleware[0]
      Executing endpoint 'RandomNumberApi.Controllers.RandomController.Get (RandomNumberApi)'
info: Microsoft.AspNetCore.Mvc.Infrastructure.ControllerActionInvoker[102]
      Route matched with {action = "Get", controller = "Random"}. Executing controller action with signature Microsoft.AspNetCore.Mvc.IActionResult Get() on controller RandomNumberApi.Controllers.RandomController (RandomNumberApi).
info: Microsoft.AspNetCore.Mvc.Infrastructure.ObjectResultExecutor[1]
      Executing OkObjectResult, writing value of type '<>f__AnonymousType0`1[[System.Int32, System.Private.CoreLib, Version=8.0.0.0, Culture=neutral, PublicKeyToken=7cec85d7bea7798e]]'.
info: Microsoft.AspNetCore.Mvc.Infrastructure.ControllerActionInvoker[105]
      Executed action RandomNumberApi.Controllers.RandomController.Get (RandomNumberApi) in 0.2781ms
info: Microsoft.AspNetCore.Routing.EndpointMiddleware[1]
      Executed endpoint 'RandomNumberApi.Controllers.RandomController.Get (RandomNumberApi)'
info: Microsoft.AspNetCore.Hosting.Diagnostics[2]
      Request finished HTTP/1.1 GET http://localhost:5000/api/random - 200 - application/json;+charset=utf-8 1.0551ms
info: Microsoft.AspNetCore.Hosting.Diagnostics[1]
      Request starting HTTP/1.1 GET http://localhost:5000/api/random - - -
info: Microsoft.AspNetCore.Routing.EndpointMiddleware[0]
      Executing endpoint 'RandomNumberApi.Controllers.RandomController.Get (RandomNumberApi)'
info: Microsoft.AspNetCore.Mvc.Infrastructure.ControllerActionInvoker[102]
      Route matched with {action = "Get", controller = "Random"}. Executing controller action with signature Microsoft.AspNetCore.Mvc.IActionResult Get() on controller RandomNumberApi.Controllers.RandomController (RandomNumberApi).
info: Microsoft.AspNetCore.Mvc.Infrastructure.ObjectResultExecutor[1]
      Executing OkObjectResult, writing value of type '<>f__AnonymousType0`1[[System.Int32, System.Private.CoreLib, Version=8.0.0.0, Culture=neutral, PublicKeyToken=7cec85d7bea7798e]]'.
info: Microsoft.AspNetCore.Mvc.Infrastructure.ControllerActionInvoker[105]
      Executed action RandomNumberApi.Controllers.RandomController.Get (RandomNumberApi) in 0.2774ms
info: Microsoft.AspNetCore.Routing.EndpointMiddleware[1]
      Executed endpoint 'RandomNumberApi.Controllers.RandomController.Get (RandomNumberApi)'
info: Microsoft.AspNetCore.Hosting.Diagnostics[2]
      Request finished HTTP/1.1 GET http://localhost:5000/api/random - 200 - application/json;+charset=utf-8 1.0973ms
info: Microsoft.AspNetCore.Hosting.Diagnostics[1]
      Request starting HTTP/1.1 GET http://localhost:5000/api/random - - -
info: Microsoft.AspNetCore.Routing.EndpointMiddleware[0]
      Executing endpoint 'RandomNumberApi.Controllers.RandomController.Get (RandomNumberApi)'
info: Microsoft.AspNetCore.Mvc.Infrastructure.ControllerActionInvoker[102]
      Route matched with {action = "Get", controller = "Random"}. Executing controller action with signature Microsoft.AspNetCore.Mvc.IActionResult Get() on controller RandomNumberApi.Controllers.RandomController (RandomNumberApi).
info: Microsoft.AspNetCore.Mvc.Infrastructure.ObjectResultExecutor[1]
      Executing OkObjectResult, writing value of type '<>f__AnonymousType0`1[[System.Int32, System.Private.CoreLib, Version=8.0.0.0, Culture=neutral, PublicKeyToken=7cec85d7bea7798e]]'.
info: Microsoft.AspNetCore.Mvc.Infrastructure.ControllerActionInvoker[105]
      Executed action RandomNumberApi.Controllers.RandomController.Get (RandomNumberApi) in 0.2545ms
info: Microsoft.AspNetCore.Routing.EndpointMiddleware[1]
      Executed endpoint 'RandomNumberApi.Controllers.RandomController.Get (RandomNumberApi)'
info: Microsoft.AspNetCore.Hosting.Diagnostics[2]
      Request finished HTTP/1.1 GET http://localhost:5000/api/random - 200 - application/json;+charset=utf-8 1.0470ms
info: Microsoft.AspNetCore.Hosting.Diagnostics[1]
      Request starting HTTP/1.1 GET http://localhost:5000/api/random - - -
info: Microsoft.AspNetCore.Routing.EndpointMiddleware[0]
      Executing endpoint 'RandomNumberApi.Controllers.RandomController.Get (RandomNumberApi)'
info: Microsoft.AspNetCore.Mvc.Infrastructure.ControllerActionInvoker[102]
      Route matched with {action = "Get", controller = "Random"}. Executing controller action with signature Microsoft.AspNetCore.Mvc.IActionResult Get() on controller RandomNumberApi.Controllers.RandomController (RandomNumberApi).
info: Microsoft.AspNetCore.Mvc.Infrastructure.ObjectResultExecutor[1]
      Executing OkObjectResult, writing value of type '<>f__AnonymousType0`1[[System.Int32, System.Private.CoreLib, Version=8.0.0.0, Culture=neutral, PublicKeyToken=7cec85d7bea7798e]]'.
info: Microsoft.AspNetCore.Mvc.Infrastructure.ControllerActionInvoker[105]
      Executed action RandomNumberApi.Controllers.RandomController.Get (RandomNumberApi) in 0.2629ms
info: Microsoft.AspNetCore.Routing.EndpointMiddleware[1]
      Executed endpoint 'RandomNumberApi.Controllers.RandomController.Get (RandomNumberApi)'
info: Microsoft.AspNetCore.Hosting.Diagnostics[2]
      Request finished HTTP/1.1 GET http://localhost:5000/api/random - 200 - application/json;+charset=utf-8 0.8540ms
info: Microsoft.AspNetCore.Hosting.Diagnostics[1]
      Request starting HTTP/1.1 GET http://localhost:5000/api/random - - -
info: Microsoft.AspNetCore.Routing.EndpointMiddleware[0]
      Executing endpoint 'RandomNumberApi.Controllers.RandomController.Get (RandomNumberApi)'
info: Microsoft.AspNetCore.Mvc.Infrastructure.ControllerActionInvoker[102]
      Route matched with {action = "Get", controller = "Random"}. Executing controller action with signature Microsoft.AspNetCore.Mvc.IActionResult Get() on controller RandomNumberApi.Controllers.RandomController (RandomNumberApi).
info: Microsoft.AspNetCore.Mvc.Infrastructure.ObjectResultExecutor[1]
      Executing OkObjectResult, writing value of type '<>f__AnonymousType0`1[[System.Int32, System.Private.CoreLib, Version=8.0.0.0, Culture=neutral, PublicKeyToken=7cec85d7bea7798e]]'.
info: Microsoft.AspNetCore.Mvc.Infrastructure.ControllerActionInvoker[105]
      Executed action RandomNumberApi.Controllers.RandomController.Get (RandomNumberApi) in 0.4358ms
info: Microsoft.AspNetCore.Routing.EndpointMiddleware[1]
      Executed endpoint 'RandomNumberApi.Controllers.RandomController.Get (RandomNumberApi)'
info: Microsoft.AspNetCore.Hosting.Diagnostics[2]
      Request finished HTTP/1.1 GET http://localhost:5000/api/random - 200 - application/json;+charset=utf-8 1.0846ms
info: Microsoft.AspNetCore.Hosting.Diagnostics[1]
      Request starting HTTP/1.1 GET http://localhost:5000/api/random - - -
info: Microsoft.AspNetCore.Routing.EndpointMiddleware[0]
      Executing endpoint 'RandomNumberApi.Controllers.RandomController.Get (RandomNumberApi)'
info: Microsoft.AspNetCore.Mvc.Infrastructure.ControllerActionInvoker[102]
      Route matched with {action = "Get", controller = "Random"}. Executing controller action with signature Microsoft.AspNetCore.Mvc.IActionResult Get() on controller RandomNumberApi.Controllers.RandomController (RandomNumberApi).
info: Microsoft.AspNetCore.Mvc.Infrastructure.ObjectResultExecutor[1]
      Executing OkObjectResult, writing value of type '<>f__AnonymousType0`1[[System.Int32, System.Private.CoreLib, Version=8.0.0.0, Culture=neutral, PublicKeyToken=7cec85d7bea7798e]]'.
info: Microsoft.AspNetCore.Mvc.Infrastructure.ControllerActionInvoker[105]
      Executed action RandomNumberApi.Controllers.RandomController.Get (RandomNumberApi) in 0.262ms
info: Microsoft.AspNetCore.Routing.EndpointMiddleware[1]
      Executed endpoint 'RandomNumberApi.Controllers.RandomController.Get (RandomNumberApi)'
info: Microsoft.AspNetCore.Hosting.Diagnostics[2]
      Request finished HTTP/1.1 GET http://localhost:5000/api/random - 200 - application/json;+charset=utf-8 1.0565ms
info: Microsoft.AspNetCore.Hosting.Diagnostics[1]
      Request starting HTTP/1.1 GET http://localhost:5000/api/random - - -
info: Microsoft.AspNetCore.Routing.EndpointMiddleware[0]
      Executing endpoint 'RandomNumberApi.Controllers.RandomController.Get (RandomNumberApi)'
info: Microsoft.AspNetCore.Mvc.Infrastructure.ControllerActionInvoker[102]
      Route matched with {action = "Get", controller = "Random"}. Executing controller action with signature Microsoft.AspNetCore.Mvc.IActionResult Get() on controller RandomNumberApi.Controllers.RandomController (RandomNumberApi).
info: Microsoft.AspNetCore.Mvc.Infrastructure.ObjectResultExecutor[1]
      Executing OkObjectResult, writing value of type '<>f__AnonymousType0`1[[System.Int32, System.Private.CoreLib, Version=8.0.0.0, Culture=neutral, PublicKeyToken=7cec85d7bea7798e]]'.
info: Microsoft.AspNetCore.Mvc.Infrastructure.ControllerActionInvoker[105]
      Executed action RandomNumberApi.Controllers.RandomController.Get (RandomNumberApi) in 0.164ms
info: Microsoft.AspNetCore.Routing.EndpointMiddleware[1]
      Executed endpoint 'RandomNumberApi.Controllers.RandomController.Get (RandomNumberApi)'
info: Microsoft.AspNetCore.Hosting.Diagnostics[2]
      Request finished HTTP/1.1 GET http://localhost:5000/api/random - 200 - application/json;+charset=utf-8 0.9353ms
info: Microsoft.AspNetCore.Hosting.Diagnostics[1]
      Request starting HTTP/1.1 GET http://localhost:5000/api/random - - -
info: Microsoft.AspNetCore.Routing.EndpointMiddleware[0]
      Executing endpoint 'RandomNumberApi.Controllers.RandomController.Get (RandomNumberApi)'
info: Microsoft.AspNetCore.Mvc.Infrastructure.ControllerActionInvoker[102]
      Route matched with {action = "Get", controller = "Random"}. Executing controller action with signature Microsoft.AspNetCore.Mvc.IActionResult Get() on controller RandomNumberApi.Controllers.RandomController (RandomNumberApi).
info: Microsoft.AspNetCore.Mvc.Infrastructure.ObjectResultExecutor[1]
      Executing OkObjectResult, writing value of type '<>f__AnonymousType0`1[[System.Int32, System.Private.CoreLib, Version=8.0.0.0, Culture=neutral, PublicKeyToken=7cec85d7bea7798e]]'.
info: Microsoft.AspNetCore.Mvc.Infrastructure.ControllerActionInvoker[105]
      Executed action RandomNumberApi.Controllers.RandomController.Get (RandomNumberApi) in 0.1289ms
info: Microsoft.AspNetCore.Routing.EndpointMiddleware[1]
      Executed endpoint 'RandomNumberApi.Controllers.RandomController.Get (RandomNumberApi)'
info: Microsoft.AspNetCore.Hosting.Diagnostics[2]
      Request finished HTTP/1.1 GET http://localhost:5000/api/random - 200 - application/json;+charset=utf-8 0.3957ms
info: Microsoft.AspNetCore.Hosting.Diagnostics[1]
      Request starting HTTP/1.1 GET http://localhost:5000/api/random - - -
info: Microsoft.AspNetCore.Routing.EndpointMiddleware[0]
      Executing endpoint 'RandomNumberApi.Controllers.RandomController.Get (RandomNumberApi)'
info: Microsoft.AspNetCore.Mvc.Infrastructure.ControllerActionInvoker[102]
      Route matched with {action = "Get", controller = "Random"}. Executing controller action with signature Microsoft.AspNetCore.Mvc.IActionResult Get() on controller RandomNumberApi.Controllers.RandomController (RandomNumberApi).
info: Microsoft.AspNetCore.Mvc.Infrastructure.ObjectResultExecutor[1]
      Executing OkObjectResult, writing value of type '<>f__AnonymousType0`1[[System.Int32, System.Private.CoreLib, Version=8.0.0.0, Culture=neutral, PublicKeyToken=7cec85d7bea7798e]]'.
info: Microsoft.AspNetCore.Mvc.Infrastructure.ControllerActionInvoker[105]
      Executed action RandomNumberApi.Controllers.RandomController.Get (RandomNumberApi) in 0.1852ms
info: Microsoft.AspNetCore.Routing.EndpointMiddleware[1]
      Executed endpoint 'RandomNumberApi.Controllers.RandomController.Get (RandomNumberApi)'
info: Microsoft.AspNetCore.Hosting.Diagnostics[2]
      Request finished HTTP/1.1 GET http://localhost:5000/api/random - 200 - application/json;+charset=utf-8 0.7090ms
info: Microsoft.AspNetCore.Hosting.Diagnostics[1]
      Request starting HTTP/1.1 GET http://localhost:5000/api/random - - -
info: Microsoft.AspNetCore.Routing.EndpointMiddleware[0]
      Executing endpoint 'RandomNumberApi.Controllers.RandomController.Get (RandomNumberApi)'
info: Microsoft.AspNetCore.Mvc.Infrastructure.ControllerActionInvoker[102]
      Route matched with {action = "Get", controller = "Random"}. Executing controller action with signature Microsoft.AspNetCore.Mvc.IActionResult Get() on controller RandomNumberApi.Controllers.RandomController (RandomNumberApi).
info: Microsoft.AspNetCore.Mvc.Infrastructure.ObjectResultExecutor[1]
      Executing OkObjectResult, writing value of type '<>f__AnonymousType0`1[[System.Int32, System.Private.CoreLib, Version=8.0.0.0, Culture=neutral, PublicKeyToken=7cec85d7bea7798e]]'.
info: Microsoft.AspNetCore.Mvc.Infrastructure.ControllerActionInvoker[105]
      Executed action RandomNumberApi.Controllers.RandomController.Get (RandomNumberApi) in 0.1113ms
info: Microsoft.AspNetCore.Routing.EndpointMiddleware[1]
      Executed endpoint 'RandomNumberApi.Controllers.RandomController.Get (RandomNumberApi)'
info: Microsoft.AspNetCore.Hosting.Diagnostics[2]
      Request finished HTTP/1.1 GET http://localhost:5000/api/random - 200 - application/json;+charset=utf-8 0.3534ms
info: Microsoft.AspNetCore.Hosting.Diagnostics[1]
      Request starting HTTP/1.1 GET http://localhost:5000/api/random - - -
info: Microsoft.AspNetCore.Routing.EndpointMiddleware[0]
      Executing endpoint 'RandomNumberApi.Controllers.RandomController.Get (RandomNumberApi)'
info: Microsoft.AspNetCore.Mvc.Infrastructure.ControllerActionInvoker[102]
      Route matched with {action = "Get", controller = "Random"}. Executing controller action with signature Microsoft.AspNetCore.Mvc.IActionResult Get() on controller RandomNumberApi.Controllers.RandomController (RandomNumberApi).
info: Microsoft.AspNetCore.Mvc.Infrastructure.ObjectResultExecutor[1]
      Executing OkObjectResult, writing value of type '<>f__AnonymousType0`1[[System.Int32, System.Private.CoreLib, Version=8.0.0.0, Culture=neutral, PublicKeyToken=7cec85d7bea7798e]]'.
info: Microsoft.AspNetCore.Mvc.Infrastructure.ControllerActionInvoker[105]
      Executed action RandomNumberApi.Controllers.RandomController.Get (RandomNumberApi) in 0.2053ms
info: Microsoft.AspNetCore.Routing.EndpointMiddleware[1]
      Executed endpoint 'RandomNumberApi.Controllers.RandomController.Get (RandomNumberApi)'
info: Microsoft.AspNetCore.Hosting.Diagnostics[2]
      Request finished HTTP/1.1 GET http://localhost:5000/api/random - 200 - application/json;+charset=utf-8 0.5634ms
info: Microsoft.AspNetCore.Hosting.Diagnostics[1]
      Request starting HTTP/1.1 GET http://localhost:5000/api/random - - -
info: Microsoft.AspNetCore.Routing.EndpointMiddleware[0]
      Executing endpoint 'RandomNumberApi.Controllers.RandomController.Get (RandomNumberApi)'
info: Microsoft.AspNetCore.Mvc.Infrastructure.ControllerActionInvoker[102]
      Route matched with {action = "Get", controller = "Random"}. Executing controller action with signature Microsoft.AspNetCore.Mvc.IActionResult Get() on controller RandomNumberApi.Controllers.RandomController (RandomNumberApi).
info: Microsoft.AspNetCore.Mvc.Infrastructure.ObjectResultExecutor[1]
      Executing OkObjectResult, writing value of type '<>f__AnonymousType0`1[[System.Int32, System.Private.CoreLib, Version=8.0.0.0, Culture=neutral, PublicKeyToken=7cec85d7bea7798e]]'.
info: Microsoft.AspNetCore.Mvc.Infrastructure.ControllerActionInvoker[105]
      Executed action RandomNumberApi.Controllers.RandomController.Get (RandomNumberApi) in 0.1146ms
info: Microsoft.AspNetCore.Routing.EndpointMiddleware[1]
      Executed endpoint 'RandomNumberApi.Controllers.RandomController.Get (RandomNumberApi)'
info: Microsoft.AspNetCore.Hosting.Diagnostics[2]
      Request finished HTTP/1.1 GET http://localhost:5000/api/random - 200 - application/json;+charset=utf-8 0.3483ms
info: Microsoft.AspNetCore.Hosting.Diagnostics[1]
      Request starting HTTP/1.1 GET http://localhost:5000/api/random - - -
info: Microsoft.AspNetCore.Routing.EndpointMiddleware[0]
      Executing endpoint 'RandomNumberApi.Controllers.RandomController.Get (RandomNumberApi)'
info: Microsoft.AspNetCore.Mvc.Infrastructure.ControllerActionInvoker[102]
      Route matched with {action = "Get", controller = "Random"}. Executing controller action with signature Microsoft.AspNetCore.Mvc.IActionResult Get() on controller RandomNumberApi.Controllers.RandomController (RandomNumberApi).
info: Microsoft.AspNetCore.Mvc.Infrastructure.ObjectResultExecutor[1]
      Executing OkObjectResult, writing value of type '<>f__AnonymousType0`1[[System.Int32, System.Private.CoreLib, Version=8.0.0.0, Culture=neutral, PublicKeyToken=7cec85d7bea7798e]]'.
info: Microsoft.AspNetCore.Mvc.Infrastructure.ControllerActionInvoker[105]
      Executed action RandomNumberApi.Controllers.RandomController.Get (RandomNumberApi) in 0.1539ms
info: Microsoft.AspNetCore.Routing.EndpointMiddleware[1]
      Executed endpoint 'RandomNumberApi.Controllers.RandomController.Get (RandomNumberApi)'
info: Microsoft.AspNetCore.Hosting.Diagnostics[2]
      Request finished HTTP/1.1 GET http://localhost:5000/api/random - 200 - application/json;+charset=utf-8 0.4637ms
info: Microsoft.AspNetCore.Hosting.Diagnostics[1]
      Request starting HTTP/1.1 GET http://localhost:5000/api/random - - -
info: Microsoft.AspNetCore.Routing.EndpointMiddleware[0]
      Executing endpoint 'RandomNumberApi.Controllers.RandomController.Get (RandomNumberApi)'
info: Microsoft.AspNetCore.Mvc.Infrastructure.ControllerActionInvoker[102]
      Route matched with {action = "Get", controller = "Random"}. Executing controller action with signature Microsoft.AspNetCore.Mvc.IActionResult Get() on controller RandomNumberApi.Controllers.RandomController (RandomNumberApi).
info: Microsoft.AspNetCore.Mvc.Infrastructure.ObjectResultExecutor[1]
      Executing OkObjectResult, writing value of type '<>f__AnonymousType0`1[[System.Int32, System.Private.CoreLib, Version=8.0.0.0, Culture=neutral, PublicKeyToken=7cec85d7bea7798e]]'.
info: Microsoft.AspNetCore.Mvc.Infrastructure.ControllerActionInvoker[105]
      Executed action RandomNumberApi.Controllers.RandomController.Get (RandomNumberApi) in 0.1135ms
info: Microsoft.AspNetCore.Routing.EndpointMiddleware[1]
      Executed endpoint 'RandomNumberApi.Controllers.RandomController.Get (RandomNumberApi)'
info: Microsoft.AspNetCore.Hosting.Diagnostics[2]
      Request finished HTTP/1.1 GET http://localhost:5000/api/random - 200 - application/json;+charset=utf-8 0.5008ms
info: Microsoft.AspNetCore.Hosting.Diagnostics[1]
      Request starting HTTP/1.1 GET http://localhost:5000/api/random - - -
info: Microsoft.AspNetCore.Routing.EndpointMiddleware[0]
      Executing endpoint 'RandomNumberApi.Controllers.RandomController.Get (RandomNumberApi)'
info: Microsoft.AspNetCore.Mvc.Infrastructure.ControllerActionInvoker[102]
      Route matched with {action = "Get", controller = "Random"}. Executing controller action with signature Microsoft.AspNetCore.Mvc.IActionResult Get() on controller RandomNumberApi.Controllers.RandomController (RandomNumberApi).
info: Microsoft.AspNetCore.Mvc.Infrastructure.ObjectResultExecutor[1]
      Executing OkObjectResult, writing value of type '<>f__AnonymousType0`1[[System.Int32, System.Private.CoreLib, Version=8.0.0.0, Culture=neutral, PublicKeyToken=7cec85d7bea7798e]]'.
info: Microsoft.AspNetCore.Mvc.Infrastructure.ControllerActionInvoker[105]
      Executed action RandomNumberApi.Controllers.RandomController.Get (RandomNumberApi) in 0.1482ms
info: Microsoft.AspNetCore.Routing.EndpointMiddleware[1]
      Executed endpoint 'RandomNumberApi.Controllers.RandomController.Get (RandomNumberApi)'
info: Microsoft.AspNetCore.Hosting.Diagnostics[2]
      Request finished HTTP/1.1 GET http://localhost:5000/api/random - 200 - application/json;+charset=utf-8 0.4782ms
info: Microsoft.AspNetCore.Hosting.Diagnostics[1]
      Request starting HTTP/1.1 GET http://localhost:5000/api/random - - -
info: Microsoft.AspNetCore.Routing.EndpointMiddleware[0]
      Executing endpoint 'RandomNumberApi.Controllers.RandomController.Get (RandomNumberApi)'
info: Microsoft.AspNetCore.Mvc.Infrastructure.ControllerActionInvoker[102]
      Route matched with {action = "Get", controller = "Random"}. Executing controller action with signature Microsoft.AspNetCore.Mvc.IActionResult Get() on controller RandomNumberApi.Controllers.RandomController (RandomNumberApi).
info: Microsoft.AspNetCore.Mvc.Infrastructure.ObjectResultExecutor[1]
      Executing OkObjectResult, writing value of type '<>f__AnonymousType0`1[[System.Int32, System.Private.CoreLib, Version=8.0.0.0, Culture=neutral, PublicKeyToken=7cec85d7bea7798e]]'.
info: Microsoft.AspNetCore.Mvc.Infrastructure.ControllerActionInvoker[105]
      Executed action RandomNumberApi.Controllers.RandomController.Get (RandomNumberApi) in 0.0897ms
info: Microsoft.AspNetCore.Routing.EndpointMiddleware[1]
      Executed endpoint 'RandomNumberApi.Controllers.RandomController.Get (RandomNumberApi)'
info: Microsoft.AspNetCore.Hosting.Diagnostics[2]
      Request finished HTTP/1.1 GET http://localhost:5000/api/random - 200 - application/json;+charset=utf-8 0.3002ms
info: Microsoft.AspNetCore.Hosting.Diagnostics[1]
      Request starting HTTP/1.1 GET http://localhost:5000/api/random - - -
info: Microsoft.AspNetCore.Routing.EndpointMiddleware[0]
      Executing endpoint 'RandomNumberApi.Controllers.RandomController.Get (RandomNumberApi)'
info: Microsoft.AspNetCore.Mvc.Infrastructure.ControllerActionInvoker[102]
      Route matched with {action = "Get", controller = "Random"}. Executing controller action with signature Microsoft.AspNetCore.Mvc.IActionResult Get() on controller RandomNumberApi.Controllers.RandomController (RandomNumberApi).
info: Microsoft.AspNetCore.Mvc.Infrastructure.ObjectResultExecutor[1]
      Executing OkObjectResult, writing value of type '<>f__AnonymousType0`1[[System.Int32, System.Private.CoreLib, Version=8.0.0.0, Culture=neutral, PublicKeyToken=7cec85d7bea7798e]]'.
info: Microsoft.AspNetCore.Mvc.Infrastructure.ControllerActionInvoker[105]
      Executed action RandomNumberApi.Controllers.RandomController.Get (RandomNumberApi) in 0.1761ms
info: Microsoft.AspNetCore.Routing.EndpointMiddleware[1]
      Executed endpoint 'RandomNumberApi.Controllers.RandomController.Get (RandomNumberApi)'
info: Microsoft.AspNetCore.Hosting.Diagnostics[2]
      Request finished HTTP/1.1 GET http://localhost:5000/api/random - 200 - application/json;+charset=utf-8 0.5149ms
info: Microsoft.AspNetCore.Hosting.Diagnostics[1]
      Request starting HTTP/1.1 GET http://localhost:5000/api/random - - -
info: Microsoft.AspNetCore.Routing.EndpointMiddleware[0]
      Executing endpoint 'RandomNumberApi.Controllers.RandomController.Get (RandomNumberApi)'
info: Microsoft.AspNetCore.Mvc.Infrastructure.ControllerActionInvoker[102]
      Route matched with {action = "Get", controller = "Random"}. Executing controller action with signature Microsoft.AspNetCore.Mvc.IActionResult Get() on controller RandomNumberApi.Controllers.RandomController (RandomNumberApi).
info: Microsoft.AspNetCore.Mvc.Infrastructure.ObjectResultExecutor[1]
      Executing OkObjectResult, writing value of type '<>f__AnonymousType0`1[[System.Int32, System.Private.CoreLib, Version=8.0.0.0, Culture=neutral, PublicKeyToken=7cec85d7bea7798e]]'.
info: Microsoft.AspNetCore.Mvc.Infrastructure.ControllerActionInvoker[105]
      Executed action RandomNumberApi.Controllers.RandomController.Get (RandomNumberApi) in 0.1653ms
info: Microsoft.AspNetCore.Routing.EndpointMiddleware[1]
      Executed endpoint 'RandomNumberApi.Controllers.RandomController.Get (RandomNumberApi)'
info: Microsoft.AspNetCore.Hosting.Diagnostics[2]
      Request finished HTTP/1.1 GET http://localhost:5000/api/random - 200 - application/json;+charset=utf-8 0.5507ms
info: Microsoft.AspNetCore.Hosting.Diagnostics[1]
      Request starting HTTP/1.1 GET http://localhost:5000/api/random - - -
info: Microsoft.AspNetCore.Routing.EndpointMiddleware[0]
      Executing endpoint 'RandomNumberApi.Controllers.RandomController.Get (RandomNumberApi)'
info: Microsoft.AspNetCore.Mvc.Infrastructure.ControllerActionInvoker[102]
      Route matched with {action = "Get", controller = "Random"}. Executing controller action with signature Microsoft.AspNetCore.Mvc.IActionResult Get() on controller RandomNumberApi.Controllers.RandomController (RandomNumberApi).
info: Microsoft.AspNetCore.Mvc.Infrastructure.ObjectResultExecutor[1]
      Executing OkObjectResult, writing value of type '<>f__AnonymousType0`1[[System.Int32, System.Private.CoreLib, Version=8.0.0.0, Culture=neutral, PublicKeyToken=7cec85d7bea7798e]]'.
info: Microsoft.AspNetCore.Mvc.Infrastructure.ControllerActionInvoker[105]
      Executed action RandomNumberApi.Controllers.RandomController.Get (RandomNumberApi) in 0.2921ms
info: Microsoft.AspNetCore.Routing.EndpointMiddleware[1]
      Executed endpoint 'RandomNumberApi.Controllers.RandomController.Get (RandomNumberApi)'
info: Microsoft.AspNetCore.Hosting.Diagnostics[2]
      Request finished HTTP/1.1 GET http://localhost:5000/api/random - 200 - application/json;+charset=utf-8 0.5937ms
info: Microsoft.AspNetCore.Hosting.Diagnostics[1]
      Request starting HTTP/1.1 GET http://localhost:5000/api/random - - -
info: Microsoft.AspNetCore.Routing.EndpointMiddleware[0]
      Executing endpoint 'RandomNumberApi.Controllers.RandomController.Get (RandomNumberApi)'
info: Microsoft.AspNetCore.Mvc.Infrastructure.ControllerActionInvoker[102]
      Route matched with {action = "Get", controller = "Random"}. Executing controller action with signature Microsoft.AspNetCore.Mvc.IActionResult Get() on controller RandomNumberApi.Controllers.RandomController (RandomNumberApi).
info: Microsoft.AspNetCore.Mvc.Infrastructure.ObjectResultExecutor[1]
      Executing OkObjectResult, writing value of type '<>f__AnonymousType0`1[[System.Int32, System.Private.CoreLib, Version=8.0.0.0, Culture=neutral, PublicKeyToken=7cec85d7bea7798e]]'.
info: Microsoft.AspNetCore.Mvc.Infrastructure.ControllerActionInvoker[105]
      Executed action RandomNumberApi.Controllers.RandomController.Get (RandomNumberApi) in 0.2174ms
info: Microsoft.AspNetCore.Routing.EndpointMiddleware[1]
      Executed endpoint 'RandomNumberApi.Controllers.RandomController.Get (RandomNumberApi)'
info: Microsoft.AspNetCore.Hosting.Diagnostics[2]
      Request finished HTTP/1.1 GET http://localhost:5000/api/random - 200 - application/json;+charset=utf-8 0.5876ms
info: Microsoft.AspNetCore.Hosting.Diagnostics[1]
      Request starting HTTP/1.1 GET http://localhost:5000/api/random - - -
info: Microsoft.AspNetCore.Routing.EndpointMiddleware[0]
      Executing endpoint 'RandomNumberApi.Controllers.RandomController.Get (RandomNumberApi)'
info: Microsoft.AspNetCore.Mvc.Infrastructure.ControllerActionInvoker[102]
      Route matched with {action = "Get", controller = "Random"}. Executing controller action with signature Microsoft.AspNetCore.Mvc.IActionResult Get() on controller RandomNumberApi.Controllers.RandomController (RandomNumberApi).
info: Microsoft.AspNetCore.Mvc.Infrastructure.ObjectResultExecutor[1]
      Executing OkObjectResult, writing value of type '<>f__AnonymousType0`1[[System.Int32, System.Private.CoreLib, Version=8.0.0.0, Culture=neutral, PublicKeyToken=7cec85d7bea7798e]]'.
info: Microsoft.AspNetCore.Mvc.Infrastructure.ControllerActionInvoker[105]
      Executed action RandomNumberApi.Controllers.RandomController.Get (RandomNumberApi) in 0.1531ms
info: Microsoft.AspNetCore.Routing.EndpointMiddleware[1]
      Executed endpoint 'RandomNumberApi.Controllers.RandomController.Get (RandomNumberApi)'
info: Microsoft.AspNetCore.Hosting.Diagnostics[2]
      Request finished HTTP/1.1 GET http://localhost:5000/api/random - 200 - application/json;+charset=utf-8 0.9034ms
info: Microsoft.AspNetCore.Hosting.Diagnostics[1]
      Request starting HTTP/1.1 GET http://localhost:5000/api/random - - -
info: Microsoft.AspNetCore.Routing.EndpointMiddleware[0]
      Executing endpoint 'RandomNumberApi.Controllers.RandomController.Get (RandomNumberApi)'
info: Microsoft.AspNetCore.Mvc.Infrastructure.ControllerActionInvoker[102]
      Route matched with {action = "Get", controller = "Random"}. Executing controller action with signature Microsoft.AspNetCore.Mvc.IActionResult Get() on controller RandomNumberApi.Controllers.RandomController (RandomNumberApi).
info: Microsoft.AspNetCore.Mvc.Infrastructure.ObjectResultExecutor[1]
      Executing OkObjectResult, writing value of type '<>f__AnonymousType0`1[[System.Int32, System.Private.CoreLib, Version=8.0.0.0, Culture=neutral, PublicKeyToken=7cec85d7bea7798e]]'.
info: Microsoft.AspNetCore.Mvc.Infrastructure.ControllerActionInvoker[105]
      Executed action RandomNumberApi.Controllers.RandomController.Get (RandomNumberApi) in 0.3025ms
info: Microsoft.AspNetCore.Routing.EndpointMiddleware[1]
      Executed endpoint 'RandomNumberApi.Controllers.RandomController.Get (RandomNumberApi)'
info: Microsoft.AspNetCore.Hosting.Diagnostics[2]
      Request finished HTTP/1.1 GET http://localhost:5000/api/random - 200 - application/json;+charset=utf-8 0.6530ms
info: Microsoft.AspNetCore.Hosting.Diagnostics[1]
      Request starting HTTP/1.1 GET http://localhost:5000/api/random - - -
info: Microsoft.AspNetCore.Routing.EndpointMiddleware[0]
      Executing endpoint 'RandomNumberApi.Controllers.RandomController.Get (RandomNumberApi)'
info: Microsoft.AspNetCore.Mvc.Infrastructure.ControllerActionInvoker[102]
      Route matched with {action = "Get", controller = "Random"}. Executing controller action with signature Microsoft.AspNetCore.Mvc.IActionResult Get() on controller RandomNumberApi.Controllers.RandomController (RandomNumberApi).
info: Microsoft.AspNetCore.Mvc.Infrastructure.ObjectResultExecutor[1]
      Executing OkObjectResult, writing value of type '<>f__AnonymousType0`1[[System.Int32, System.Private.CoreLib, Version=8.0.0.0, Culture=neutral, PublicKeyToken=7cec85d7bea7798e]]'.
info: Microsoft.AspNetCore.Mvc.Infrastructure.ControllerActionInvoker[105]
      Executed action RandomNumberApi.Controllers.RandomController.Get (RandomNumberApi) in 0.2028ms
info: Microsoft.AspNetCore.Routing.EndpointMiddleware[1]
      Executed endpoint 'RandomNumberApi.Controllers.RandomController.Get (RandomNumberApi)'
info: Microsoft.AspNetCore.Hosting.Diagnostics[2]
      Request finished HTTP/1.1 GET http://localhost:5000/api/random - 200 - application/json;+charset=utf-8 0.7087ms
info: Microsoft.AspNetCore.Hosting.Diagnostics[1]
      Request starting HTTP/1.1 GET http://localhost:5000/api/random - - -
info: Microsoft.AspNetCore.Routing.EndpointMiddleware[0]
      Executing endpoint 'RandomNumberApi.Controllers.RandomController.Get (RandomNumberApi)'
info: Microsoft.AspNetCore.Mvc.Infrastructure.ControllerActionInvoker[102]
      Route matched with {action = "Get", controller = "Random"}. Executing controller action with signature Microsoft.AspNetCore.Mvc.IActionResult Get() on controller RandomNumberApi.Controllers.RandomController (RandomNumberApi).
info: Microsoft.AspNetCore.Mvc.Infrastructure.ObjectResultExecutor[1]
      Executing OkObjectResult, writing value of type '<>f__AnonymousType0`1[[System.Int32, System.Private.CoreLib, Version=8.0.0.0, Culture=neutral, PublicKeyToken=7cec85d7bea7798e]]'.
info: Microsoft.AspNetCore.Mvc.Infrastructure.ControllerActionInvoker[105]
      Executed action RandomNumberApi.Controllers.RandomController.Get (RandomNumberApi) in 0.1268ms
info: Microsoft.AspNetCore.Routing.EndpointMiddleware[1]
      Executed endpoint 'RandomNumberApi.Controllers.RandomController.Get (RandomNumberApi)'
info: Microsoft.AspNetCore.Hosting.Diagnostics[2]
      Request finished HTTP/1.1 GET http://localhost:5000/api/random - 200 - application/json;+charset=utf-8 0.3448ms
info: Microsoft.AspNetCore.Hosting.Diagnostics[1]
      Request starting HTTP/1.1 GET http://localhost:5000/api/random - - -
info: Microsoft.AspNetCore.Routing.EndpointMiddleware[0]
      Executing endpoint 'RandomNumberApi.Controllers.RandomController.Get (RandomNumberApi)'
info: Microsoft.AspNetCore.Mvc.Infrastructure.ControllerActionInvoker[102]
      Route matched with {action = "Get", controller = "Random"}. Executing controller action with signature Microsoft.AspNetCore.Mvc.IActionResult Get() on controller RandomNumberApi.Controllers.RandomController (RandomNumberApi).
info: Microsoft.AspNetCore.Mvc.Infrastructure.ObjectResultExecutor[1]
      Executing OkObjectResult, writing value of type '<>f__AnonymousType0`1[[System.Int32, System.Private.CoreLib, Version=8.0.0.0, Culture=neutral, PublicKeyToken=7cec85d7bea7798e]]'.
info: Microsoft.AspNetCore.Mvc.Infrastructure.ControllerActionInvoker[105]
      Executed action RandomNumberApi.Controllers.RandomController.Get (RandomNumberApi) in 0.1716ms
info: Microsoft.AspNetCore.Routing.EndpointMiddleware[1]
      Executed endpoint 'RandomNumberApi.Controllers.RandomController.Get (RandomNumberApi)'
info: Microsoft.AspNetCore.Hosting.Diagnostics[2]
      Request finished HTTP/1.1 GET http://localhost:5000/api/random - 200 - application/json;+charset=utf-8 0.4660ms
info: Microsoft.AspNetCore.Hosting.Diagnostics[1]
      Request starting HTTP/1.1 GET http://localhost:5000/api/random - - -
info: Microsoft.AspNetCore.Routing.EndpointMiddleware[0]
      Executing endpoint 'RandomNumberApi.Controllers.RandomController.Get (RandomNumberApi)'
info: Microsoft.AspNetCore.Mvc.Infrastructure.ControllerActionInvoker[102]
      Route matched with {action = "Get", controller = "Random"}. Executing controller action with signature Microsoft.AspNetCore.Mvc.IActionResult Get() on controller RandomNumberApi.Controllers.RandomController (RandomNumberApi).
info: Microsoft.AspNetCore.Mvc.Infrastructure.ObjectResultExecutor[1]
      Executing OkObjectResult, writing value of type '<>f__AnonymousType0`1[[System.Int32, System.Private.CoreLib, Version=8.0.0.0, Culture=neutral, PublicKeyToken=7cec85d7bea7798e]]'.
info: Microsoft.AspNetCore.Mvc.Infrastructure.ControllerActionInvoker[105]
      Executed action RandomNumberApi.Controllers.RandomController.Get (RandomNumberApi) in 0.1032ms
info: Microsoft.AspNetCore.Routing.EndpointMiddleware[1]
      Executed endpoint 'RandomNumberApi.Controllers.RandomController.Get (RandomNumberApi)'
info: Microsoft.AspNetCore.Hosting.Diagnostics[2]
      Request finished HTTP/1.1 GET http://localhost:5000/api/random - 200 - application/json;+charset=utf-8 0.4582ms
info: Microsoft.AspNetCore.Hosting.Diagnostics[1]
      Request starting HTTP/1.1 GET http://localhost:5000/api/random - - -
info: Microsoft.AspNetCore.Routing.EndpointMiddleware[0]
      Executing endpoint 'RandomNumberApi.Controllers.RandomController.Get (RandomNumberApi)'
info: Microsoft.AspNetCore.Mvc.Infrastructure.ControllerActionInvoker[102]
      Route matched with {action = "Get", controller = "Random"}. Executing controller action with signature Microsoft.AspNetCore.Mvc.IActionResult Get() on controller RandomNumberApi.Controllers.RandomController (RandomNumberApi).
info: Microsoft.AspNetCore.Mvc.Infrastructure.ObjectResultExecutor[1]
      Executing OkObjectResult, writing value of type '<>f__AnonymousType0`1[[System.Int32, System.Private.CoreLib, Version=8.0.0.0, Culture=neutral, PublicKeyToken=7cec85d7bea7798e]]'.
info: Microsoft.AspNetCore.Mvc.Infrastructure.ControllerActionInvoker[105]
      Executed action RandomNumberApi.Controllers.RandomController.Get (RandomNumberApi) in 0.1862ms
info: Microsoft.AspNetCore.Routing.EndpointMiddleware[1]
      Executed endpoint 'RandomNumberApi.Controllers.RandomController.Get (RandomNumberApi)'
info: Microsoft.AspNetCore.Hosting.Diagnostics[2]
      Request finished HTTP/1.1 GET http://localhost:5000/api/random - 200 - application/json;+charset=utf-8 0.9793ms
info: Microsoft.AspNetCore.Hosting.Diagnostics[1]
      Request starting HTTP/1.1 GET http://localhost:5000/api/random - - -
info: Microsoft.AspNetCore.Routing.EndpointMiddleware[0]
      Executing endpoint 'RandomNumberApi.Controllers.RandomController.Get (RandomNumberApi)'
info: Microsoft.AspNetCore.Mvc.Infrastructure.ControllerActionInvoker[102]
      Route matched with {action = "Get", controller = "Random"}. Executing controller action with signature Microsoft.AspNetCore.Mvc.IActionResult Get() on controller RandomNumberApi.Controllers.RandomController (RandomNumberApi).
info: Microsoft.AspNetCore.Mvc.Infrastructure.ObjectResultExecutor[1]
      Executing OkObjectResult, writing value of type '<>f__AnonymousType0`1[[System.Int32, System.Private.CoreLib, Version=8.0.0.0, Culture=neutral, PublicKeyToken=7cec85d7bea7798e]]'.
info: Microsoft.AspNetCore.Mvc.Infrastructure.ControllerActionInvoker[105]
      Executed action RandomNumberApi.Controllers.RandomController.Get (RandomNumberApi) in 0.234ms
info: Microsoft.AspNetCore.Routing.EndpointMiddleware[1]
      Executed endpoint 'RandomNumberApi.Controllers.RandomController.Get (RandomNumberApi)'
info: Microsoft.AspNetCore.Hosting.Diagnostics[2]
      Request finished HTTP/1.1 GET http://localhost:5000/api/random - 200 - application/json;+charset=utf-8 0.4483ms
info: Microsoft.AspNetCore.Hosting.Diagnostics[1]
      Request starting HTTP/1.1 GET http://localhost:5000/api/random - - -
info: Microsoft.AspNetCore.Routing.EndpointMiddleware[0]
      Executing endpoint 'RandomNumberApi.Controllers.RandomController.Get (RandomNumberApi)'
info: Microsoft.AspNetCore.Mvc.Infrastructure.ControllerActionInvoker[102]
      Route matched with {action = "Get", controller = "Random"}. Executing controller action with signature Microsoft.AspNetCore.Mvc.IActionResult Get() on controller RandomNumberApi.Controllers.RandomController (RandomNumberApi).
info: Microsoft.AspNetCore.Mvc.Infrastructure.ObjectResultExecutor[1]
      Executing OkObjectResult, writing value of type '<>f__AnonymousType0`1[[System.Int32, System.Private.CoreLib, Version=8.0.0.0, Culture=neutral, PublicKeyToken=7cec85d7bea7798e]]'.
info: Microsoft.AspNetCore.Mvc.Infrastructure.ControllerActionInvoker[105]
      Executed action RandomNumberApi.Controllers.RandomController.Get (RandomNumberApi) in 0.085ms
info: Microsoft.AspNetCore.Routing.EndpointMiddleware[1]
      Executed endpoint 'RandomNumberApi.Controllers.RandomController.Get (RandomNumberApi)'
info: Microsoft.AspNetCore.Hosting.Diagnostics[2]
      Request finished HTTP/1.1 GET http://localhost:5000/api/random - 200 - application/json;+charset=utf-8 0.2628ms
info: Microsoft.AspNetCore.Hosting.Diagnostics[1]
      Request starting HTTP/1.1 GET http://localhost:5000/api/random - - -
info: Microsoft.AspNetCore.Routing.EndpointMiddleware[0]
      Executing endpoint 'RandomNumberApi.Controllers.RandomController.Get (RandomNumberApi)'
info: Microsoft.AspNetCore.Mvc.Infrastructure.ControllerActionInvoker[102]
      Route matched with {action = "Get", controller = "Random"}. Executing controller action with signature Microsoft.AspNetCore.Mvc.IActionResult Get() on controller RandomNumberApi.Controllers.RandomController (RandomNumberApi).
info: Microsoft.AspNetCore.Mvc.Infrastructure.ObjectResultExecutor[1]
      Executing OkObjectResult, writing value of type '<>f__AnonymousType0`1[[System.Int32, System.Private.CoreLib, Version=8.0.0.0, Culture=neutral, PublicKeyToken=7cec85d7bea7798e]]'.
info: Microsoft.AspNetCore.Mvc.Infrastructure.ControllerActionInvoker[105]
      Executed action RandomNumberApi.Controllers.RandomController.Get (RandomNumberApi) in 0.2141ms
info: Microsoft.AspNetCore.Routing.EndpointMiddleware[1]
      Executed endpoint 'RandomNumberApi.Controllers.RandomController.Get (RandomNumberApi)'
info: Microsoft.AspNetCore.Hosting.Diagnostics[2]
      Request finished HTTP/1.1 GET http://localhost:5000/api/random - 200 - application/json;+charset=utf-8 0.5827ms
info: Microsoft.AspNetCore.Hosting.Diagnostics[1]
      Request starting HTTP/1.1 GET http://localhost:5000/api/random - - -
info: Microsoft.AspNetCore.Routing.EndpointMiddleware[0]
      Executing endpoint 'RandomNumberApi.Controllers.RandomController.Get (RandomNumberApi)'
info: Microsoft.AspNetCore.Mvc.Infrastructure.ControllerActionInvoker[102]
      Route matched with {action = "Get", controller = "Random"}. Executing controller action with signature Microsoft.AspNetCore.Mvc.IActionResult Get() on controller RandomNumberApi.Controllers.RandomController (RandomNumberApi).
info: Microsoft.AspNetCore.Mvc.Infrastructure.ObjectResultExecutor[1]
      Executing OkObjectResult, writing value of type '<>f__AnonymousType0`1[[System.Int32, System.Private.CoreLib, Version=8.0.0.0, Culture=neutral, PublicKeyToken=7cec85d7bea7798e]]'.
info: Microsoft.AspNetCore.Mvc.Infrastructure.ControllerActionInvoker[105]
      Executed action RandomNumberApi.Controllers.RandomController.Get (RandomNumberApi) in 0.1599ms
info: Microsoft.AspNetCore.Routing.EndpointMiddleware[1]
      Executed endpoint 'RandomNumberApi.Controllers.RandomController.Get (RandomNumberApi)'
info: Microsoft.AspNetCore.Hosting.Diagnostics[2]
      Request finished HTTP/1.1 GET http://localhost:5000/api/random - 200 - application/json;+charset=utf-8 0.8513ms
info: Microsoft.AspNetCore.Hosting.Diagnostics[1]
      Request starting HTTP/1.1 GET http://localhost:5000/api/random - - -
info: Microsoft.AspNetCore.Routing.EndpointMiddleware[0]
      Executing endpoint 'RandomNumberApi.Controllers.RandomController.Get (RandomNumberApi)'
info: Microsoft.AspNetCore.Mvc.Infrastructure.ControllerActionInvoker[102]
      Route matched with {action = "Get", controller = "Random"}. Executing controller action with signature Microsoft.AspNetCore.Mvc.IActionResult Get() on controller RandomNumberApi.Controllers.RandomController (RandomNumberApi).
info: Microsoft.AspNetCore.Mvc.Infrastructure.ObjectResultExecutor[1]
      Executing OkObjectResult, writing value of type '<>f__AnonymousType0`1[[System.Int32, System.Private.CoreLib, Version=8.0.0.0, Culture=neutral, PublicKeyToken=7cec85d7bea7798e]]'.
info: Microsoft.AspNetCore.Mvc.Infrastructure.ControllerActionInvoker[105]
      Executed action RandomNumberApi.Controllers.RandomController.Get (RandomNumberApi) in 0.1187ms
info: Microsoft.AspNetCore.Routing.EndpointMiddleware[1]
      Executed endpoint 'RandomNumberApi.Controllers.RandomController.Get (RandomNumberApi)'
info: Microsoft.AspNetCore.Hosting.Diagnostics[2]
      Request finished HTTP/1.1 GET http://localhost:5000/api/random - 200 - application/json;+charset=utf-8 0.3599ms
info: Microsoft.AspNetCore.Hosting.Diagnostics[1]
      Request starting HTTP/1.1 GET http://localhost:5000/api/random - - -
info: Microsoft.AspNetCore.Routing.EndpointMiddleware[0]
      Executing endpoint 'RandomNumberApi.Controllers.RandomController.Get (RandomNumberApi)'
info: Microsoft.AspNetCore.Mvc.Infrastructure.ControllerActionInvoker[102]
      Route matched with {action = "Get", controller = "Random"}. Executing controller action with signature Microsoft.AspNetCore.Mvc.IActionResult Get() on controller RandomNumberApi.Controllers.RandomController (RandomNumberApi).
info: Microsoft.AspNetCore.Mvc.Infrastructure.ObjectResultExecutor[1]
      Executing OkObjectResult, writing value of type '<>f__AnonymousType0`1[[System.Int32, System.Private.CoreLib, Version=8.0.0.0, Culture=neutral, PublicKeyToken=7cec85d7bea7798e]]'.
info: Microsoft.AspNetCore.Mvc.Infrastructure.ControllerActionInvoker[105]
      Executed action RandomNumberApi.Controllers.RandomController.Get (RandomNumberApi) in 0.3409ms
info: Microsoft.AspNetCore.Routing.EndpointMiddleware[1]
      Executed endpoint 'RandomNumberApi.Controllers.RandomController.Get (RandomNumberApi)'
info: Microsoft.AspNetCore.Hosting.Diagnostics[2]
      Request finished HTTP/1.1 GET http://localhost:5000/api/random - 200 - application/json;+charset=utf-8 0.7139ms
info: Microsoft.AspNetCore.Hosting.Diagnostics[1]
      Request starting HTTP/1.1 GET http://localhost:5000/api/random - - -
info: Microsoft.AspNetCore.Routing.EndpointMiddleware[0]
      Executing endpoint 'RandomNumberApi.Controllers.RandomController.Get (RandomNumberApi)'
info: Microsoft.AspNetCore.Mvc.Infrastructure.ControllerActionInvoker[102]
      Route matched with {action = "Get", controller = "Random"}. Executing controller action with signature Microsoft.AspNetCore.Mvc.IActionResult Get() on controller RandomNumberApi.Controllers.RandomController (RandomNumberApi).
info: Microsoft.AspNetCore.Mvc.Infrastructure.ObjectResultExecutor[1]
      Executing OkObjectResult, writing value of type '<>f__AnonymousType0`1[[System.Int32, System.Private.CoreLib, Version=8.0.0.0, Culture=neutral, PublicKeyToken=7cec85d7bea7798e]]'.
info: Microsoft.AspNetCore.Mvc.Infrastructure.ControllerActionInvoker[105]
      Executed action RandomNumberApi.Controllers.RandomController.Get (RandomNumberApi) in 0.157ms
info: Microsoft.AspNetCore.Routing.EndpointMiddleware[1]
      Executed endpoint 'RandomNumberApi.Controllers.RandomController.Get (RandomNumberApi)'
info: Microsoft.AspNetCore.Hosting.Diagnostics[2]
      Request finished HTTP/1.1 GET http://localhost:5000/api/random - 200 - application/json;+charset=utf-8 0.4890ms
info: Microsoft.AspNetCore.Hosting.Diagnostics[1]
      Request starting HTTP/1.1 GET http://localhost:5000/api/random - - -
info: Microsoft.AspNetCore.Routing.EndpointMiddleware[0]
      Executing endpoint 'RandomNumberApi.Controllers.RandomController.Get (RandomNumberApi)'
info: Microsoft.AspNetCore.Mvc.Infrastructure.ControllerActionInvoker[102]
      Route matched with {action = "Get", controller = "Random"}. Executing controller action with signature Microsoft.AspNetCore.Mvc.IActionResult Get() on controller RandomNumberApi.Controllers.RandomController (RandomNumberApi).
info: Microsoft.AspNetCore.Mvc.Infrastructure.ObjectResultExecutor[1]
      Executing OkObjectResult, writing value of type '<>f__AnonymousType0`1[[System.Int32, System.Private.CoreLib, Version=8.0.0.0, Culture=neutral, PublicKeyToken=7cec85d7bea7798e]]'.
info: Microsoft.AspNetCore.Mvc.Infrastructure.ControllerActionInvoker[105]
      Executed action RandomNumberApi.Controllers.RandomController.Get (RandomNumberApi) in 0.2324ms
info: Microsoft.AspNetCore.Routing.EndpointMiddleware[1]
      Executed endpoint 'RandomNumberApi.Controllers.RandomController.Get (RandomNumberApi)'
info: Microsoft.AspNetCore.Hosting.Diagnostics[2]
      Request finished HTTP/1.1 GET http://localhost:5000/api/random - 200 - application/json;+charset=utf-8 0.9145ms
info: Microsoft.AspNetCore.Hosting.Diagnostics[1]
      Request starting HTTP/1.1 GET http://localhost:5000/api/random - - -
info: Microsoft.AspNetCore.Routing.EndpointMiddleware[0]
      Executing endpoint 'RandomNumberApi.Controllers.RandomController.Get (RandomNumberApi)'
info: Microsoft.AspNetCore.Mvc.Infrastructure.ControllerActionInvoker[102]
      Route matched with {action = "Get", controller = "Random"}. Executing controller action with signature Microsoft.AspNetCore.Mvc.IActionResult Get() on controller RandomNumberApi.Controllers.RandomController (RandomNumberApi).
info: Microsoft.AspNetCore.Mvc.Infrastructure.ObjectResultExecutor[1]
      Executing OkObjectResult, writing value of type '<>f__AnonymousType0`1[[System.Int32, System.Private.CoreLib, Version=8.0.0.0, Culture=neutral, PublicKeyToken=7cec85d7bea7798e]]'.
info: Microsoft.AspNetCore.Mvc.Infrastructure.ControllerActionInvoker[105]
      Executed action RandomNumberApi.Controllers.RandomController.Get (RandomNumberApi) in 0.1756ms
info: Microsoft.AspNetCore.Routing.EndpointMiddleware[1]
      Executed endpoint 'RandomNumberApi.Controllers.RandomController.Get (RandomNumberApi)'
info: Microsoft.AspNetCore.Hosting.Diagnostics[2]
      Request finished HTTP/1.1 GET http://localhost:5000/api/random - 200 - application/json;+charset=utf-8 0.4233ms
info: Microsoft.AspNetCore.Hosting.Diagnostics[1]
      Request starting HTTP/1.1 GET http://localhost:5000/api/random - - -
info: Microsoft.AspNetCore.Routing.EndpointMiddleware[0]
      Executing endpoint 'RandomNumberApi.Controllers.RandomController.Get (RandomNumberApi)'
info: Microsoft.AspNetCore.Mvc.Infrastructure.ControllerActionInvoker[102]
      Route matched with {action = "Get", controller = "Random"}. Executing controller action with signature Microsoft.AspNetCore.Mvc.IActionResult Get() on controller RandomNumberApi.Controllers.RandomController (RandomNumberApi).
info: Microsoft.AspNetCore.Mvc.Infrastructure.ObjectResultExecutor[1]
      Executing OkObjectResult, writing value of type '<>f__AnonymousType0`1[[System.Int32, System.Private.CoreLib, Version=8.0.0.0, Culture=neutral, PublicKeyToken=7cec85d7bea7798e]]'.
info: Microsoft.AspNetCore.Mvc.Infrastructure.ControllerActionInvoker[105]
      Executed action RandomNumberApi.Controllers.RandomController.Get (RandomNumberApi) in 0.1467ms
info: Microsoft.AspNetCore.Routing.EndpointMiddleware[1]
      Executed endpoint 'RandomNumberApi.Controllers.RandomController.Get (RandomNumberApi)'
info: Microsoft.AspNetCore.Hosting.Diagnostics[2]
      Request finished HTTP/1.1 GET http://localhost:5000/api/random - 200 - application/json;+charset=utf-8 0.3868ms
info: Microsoft.AspNetCore.Hosting.Diagnostics[1]
      Request starting HTTP/1.1 GET http://localhost:5000/api/random - - -
info: Microsoft.AspNetCore.Routing.EndpointMiddleware[0]
      Executing endpoint 'RandomNumberApi.Controllers.RandomController.Get (RandomNumberApi)'
info: Microsoft.AspNetCore.Mvc.Infrastructure.ControllerActionInvoker[102]
      Route matched with {action = "Get", controller = "Random"}. Executing controller action with signature Microsoft.AspNetCore.Mvc.IActionResult Get() on controller RandomNumberApi.Controllers.RandomController (RandomNumberApi).
info: Microsoft.AspNetCore.Mvc.Infrastructure.ObjectResultExecutor[1]
      Executing OkObjectResult, writing value of type '<>f__AnonymousType0`1[[System.Int32, System.Private.CoreLib, Version=8.0.0.0, Culture=neutral, PublicKeyToken=7cec85d7bea7798e]]'.
info: Microsoft.AspNetCore.Mvc.Infrastructure.ControllerActionInvoker[105]
      Executed action RandomNumberApi.Controllers.RandomController.Get (RandomNumberApi) in 0.1351ms
info: Microsoft.AspNetCore.Routing.EndpointMiddleware[1]
      Executed endpoint 'RandomNumberApi.Controllers.RandomController.Get (RandomNumberApi)'
info: Microsoft.AspNetCore.Hosting.Diagnostics[2]
      Request finished HTTP/1.1 GET http://localhost:5000/api/random - 200 - application/json;+charset=utf-8 0.3573ms
info: Microsoft.AspNetCore.Hosting.Diagnostics[1]
      Request starting HTTP/1.1 GET http://localhost:5000/api/random - - -
info: Microsoft.AspNetCore.Routing.EndpointMiddleware[0]
      Executing endpoint 'RandomNumberApi.Controllers.RandomController.Get (RandomNumberApi)'
info: Microsoft.AspNetCore.Mvc.Infrastructure.ControllerActionInvoker[102]
      Route matched with {action = "Get", controller = "Random"}. Executing controller action with signature Microsoft.AspNetCore.Mvc.IActionResult Get() on controller RandomNumberApi.Controllers.RandomController (RandomNumberApi).
info: Microsoft.AspNetCore.Mvc.Infrastructure.ObjectResultExecutor[1]
      Executing OkObjectResult, writing value of type '<>f__AnonymousType0`1[[System.Int32, System.Private.CoreLib, Version=8.0.0.0, Culture=neutral, PublicKeyToken=7cec85d7bea7798e]]'.
info: Microsoft.AspNetCore.Mvc.Infrastructure.ControllerActionInvoker[105]
      Executed action RandomNumberApi.Controllers.RandomController.Get (RandomNumberApi) in 0.0846ms
info: Microsoft.AspNetCore.Routing.EndpointMiddleware[1]
      Executed endpoint 'RandomNumberApi.Controllers.RandomController.Get (RandomNumberApi)'
info: Microsoft.AspNetCore.Hosting.Diagnostics[2]
      Request finished HTTP/1.1 GET http://localhost:5000/api/random - 200 - application/json;+charset=utf-8 0.2881ms
info: Microsoft.AspNetCore.Hosting.Diagnostics[1]
      Request starting HTTP/1.1 GET http://localhost:5000/api/random - - -
info: Microsoft.AspNetCore.Routing.EndpointMiddleware[0]
      Executing endpoint 'RandomNumberApi.Controllers.RandomController.Get (RandomNumberApi)'
info: Microsoft.AspNetCore.Mvc.Infrastructure.ControllerActionInvoker[102]
      Route matched with {action = "Get", controller = "Random"}. Executing controller action with signature Microsoft.AspNetCore.Mvc.IActionResult Get() on controller RandomNumberApi.Controllers.RandomController (RandomNumberApi).
info: Microsoft.AspNetCore.Mvc.Infrastructure.ObjectResultExecutor[1]
      Executing OkObjectResult, writing value of type '<>f__AnonymousType0`1[[System.Int32, System.Private.CoreLib, Version=8.0.0.0, Culture=neutral, PublicKeyToken=7cec85d7bea7798e]]'.
info: Microsoft.AspNetCore.Mvc.Infrastructure.ControllerActionInvoker[105]
      Executed action RandomNumberApi.Controllers.RandomController.Get (RandomNumberApi) in 0.0928ms
info: Microsoft.AspNetCore.Routing.EndpointMiddleware[1]
      Executed endpoint 'RandomNumberApi.Controllers.RandomController.Get (RandomNumberApi)'
info: Microsoft.AspNetCore.Hosting.Diagnostics[2]
      Request finished HTTP/1.1 GET http://localhost:5000/api/random - 200 - application/json;+charset=utf-8 0.2694ms
info: Microsoft.AspNetCore.Hosting.Diagnostics[1]
      Request starting HTTP/1.1 GET http://localhost:5000/api/random - - -
info: Microsoft.AspNetCore.Routing.EndpointMiddleware[0]
      Executing endpoint 'RandomNumberApi.Controllers.RandomController.Get (RandomNumberApi)'
info: Microsoft.AspNetCore.Mvc.Infrastructure.ControllerActionInvoker[102]
      Route matched with {action = "Get", controller = "Random"}. Executing controller action with signature Microsoft.AspNetCore.Mvc.IActionResult Get() on controller RandomNumberApi.Controllers.RandomController (RandomNumberApi).
info: Microsoft.AspNetCore.Mvc.Infrastructure.ObjectResultExecutor[1]
      Executing OkObjectResult, writing value of type '<>f__AnonymousType0`1[[System.Int32, System.Private.CoreLib, Version=8.0.0.0, Culture=neutral, PublicKeyToken=7cec85d7bea7798e]]'.
info: Microsoft.AspNetCore.Mvc.Infrastructure.ControllerActionInvoker[105]
      Executed action RandomNumberApi.Controllers.RandomController.Get (RandomNumberApi) in 0.4359ms
info: Microsoft.AspNetCore.Routing.EndpointMiddleware[1]
      Executed endpoint 'RandomNumberApi.Controllers.RandomController.Get (RandomNumberApi)'
info: Microsoft.AspNetCore.Hosting.Diagnostics[2]
      Request finished HTTP/1.1 GET http://localhost:5000/api/random - 200 - application/json;+charset=utf-8 0.6575ms
info: Microsoft.AspNetCore.Hosting.Diagnostics[1]
      Request starting HTTP/1.1 GET http://localhost:5000/api/random - - -
info: Microsoft.AspNetCore.Routing.EndpointMiddleware[0]
      Executing endpoint 'RandomNumberApi.Controllers.RandomController.Get (RandomNumberApi)'
info: Microsoft.AspNetCore.Mvc.Infrastructure.ControllerActionInvoker[102]
      Route matched with {action = "Get", controller = "Random"}. Executing controller action with signature Microsoft.AspNetCore.Mvc.IActionResult Get() on controller RandomNumberApi.Controllers.RandomController (RandomNumberApi).
info: Microsoft.AspNetCore.Mvc.Infrastructure.ObjectResultExecutor[1]
      Executing OkObjectResult, writing value of type '<>f__AnonymousType0`1[[System.Int32, System.Private.CoreLib, Version=8.0.0.0, Culture=neutral, PublicKeyToken=7cec85d7bea7798e]]'.
info: Microsoft.AspNetCore.Mvc.Infrastructure.ControllerActionInvoker[105]
      Executed action RandomNumberApi.Controllers.RandomController.Get (RandomNumberApi) in 0.0703ms
info: Microsoft.AspNetCore.Routing.EndpointMiddleware[1]
      Executed endpoint 'RandomNumberApi.Controllers.RandomController.Get (RandomNumberApi)'
info: Microsoft.AspNetCore.Hosting.Diagnostics[2]
      Request finished HTTP/1.1 GET http://localhost:5000/api/random - 200 - application/json;+charset=utf-8 0.2001ms
info: Microsoft.AspNetCore.Hosting.Diagnostics[1]
      Request starting HTTP/1.1 GET http://localhost:5000/api/random - - -
info: Microsoft.AspNetCore.Routing.EndpointMiddleware[0]
      Executing endpoint 'RandomNumberApi.Controllers.RandomController.Get (RandomNumberApi)'
info: Microsoft.AspNetCore.Mvc.Infrastructure.ControllerActionInvoker[102]
      Route matched with {action = "Get", controller = "Random"}. Executing controller action with signature Microsoft.AspNetCore.Mvc.IActionResult Get() on controller RandomNumberApi.Controllers.RandomController (RandomNumberApi).
info: Microsoft.AspNetCore.Mvc.Infrastructure.ObjectResultExecutor[1]
      Executing OkObjectResult, writing value of type '<>f__AnonymousType0`1[[System.Int32, System.Private.CoreLib, Version=8.0.0.0, Culture=neutral, PublicKeyToken=7cec85d7bea7798e]]'.
info: Microsoft.AspNetCore.Mvc.Infrastructure.ControllerActionInvoker[105]
      Executed action RandomNumberApi.Controllers.RandomController.Get (RandomNumberApi) in 0.0561ms
info: Microsoft.AspNetCore.Routing.EndpointMiddleware[1]
      Executed endpoint 'RandomNumberApi.Controllers.RandomController.Get (RandomNumberApi)'
info: Microsoft.AspNetCore.Hosting.Diagnostics[2]
      Request finished HTTP/1.1 GET http://localhost:5000/api/random - 200 - application/json;+charset=utf-8 0.1688ms
info: Microsoft.AspNetCore.Hosting.Diagnostics[1]
      Request starting HTTP/1.1 GET http://localhost:5000/api/random - - -
info: Microsoft.AspNetCore.Routing.EndpointMiddleware[0]
      Executing endpoint 'RandomNumberApi.Controllers.RandomController.Get (RandomNumberApi)'
info: Microsoft.AspNetCore.Mvc.Infrastructure.ControllerActionInvoker[102]
      Route matched with {action = "Get", controller = "Random"}. Executing controller action with signature Microsoft.AspNetCore.Mvc.IActionResult Get() on controller RandomNumberApi.Controllers.RandomController (RandomNumberApi).
info: Microsoft.AspNetCore.Mvc.Infrastructure.ObjectResultExecutor[1]
      Executing OkObjectResult, writing value of type '<>f__AnonymousType0`1[[System.Int32, System.Private.CoreLib, Version=8.0.0.0, Culture=neutral, PublicKeyToken=7cec85d7bea7798e]]'.
info: Microsoft.AspNetCore.Mvc.Infrastructure.ControllerActionInvoker[105]
      Executed action RandomNumberApi.Controllers.RandomController.Get (RandomNumberApi) in 0.4297ms
info: Microsoft.AspNetCore.Routing.EndpointMiddleware[1]
      Executed endpoint 'RandomNumberApi.Controllers.RandomController.Get (RandomNumberApi)'
info: Microsoft.AspNetCore.Hosting.Diagnostics[2]
      Request finished HTTP/1.1 GET http://localhost:5000/api/random - 200 - application/json;+charset=utf-8 0.6952ms
info: Microsoft.AspNetCore.Hosting.Diagnostics[1]
      Request starting HTTP/1.1 GET http://localhost:5000/api/random - - -
info: Microsoft.AspNetCore.Routing.EndpointMiddleware[0]
      Executing endpoint 'RandomNumberApi.Controllers.RandomController.Get (RandomNumberApi)'
info: Microsoft.AspNetCore.Mvc.Infrastructure.ControllerActionInvoker[102]
      Route matched with {action = "Get", controller = "Random"}. Executing controller action with signature Microsoft.AspNetCore.Mvc.IActionResult Get() on controller RandomNumberApi.Controllers.RandomController (RandomNumberApi).
info: Microsoft.AspNetCore.Mvc.Infrastructure.ObjectResultExecutor[1]
      Executing OkObjectResult, writing value of type '<>f__AnonymousType0`1[[System.Int32, System.Private.CoreLib, Version=8.0.0.0, Culture=neutral, PublicKeyToken=7cec85d7bea7798e]]'.
info: Microsoft.AspNetCore.Mvc.Infrastructure.ControllerActionInvoker[105]
      Executed action RandomNumberApi.Controllers.RandomController.Get (RandomNumberApi) in 0.0562ms
info: Microsoft.AspNetCore.Routing.EndpointMiddleware[1]
      Executed endpoint 'RandomNumberApi.Controllers.RandomController.Get (RandomNumberApi)'
info: Microsoft.AspNetCore.Hosting.Diagnostics[2]
      Request finished HTTP/1.1 GET http://localhost:5000/api/random - 200 - application/json;+charset=utf-8 0.1805ms
info: Microsoft.AspNetCore.Hosting.Diagnostics[1]
      Request starting HTTP/1.1 GET http://localhost:5000/api/random - - -
info: Microsoft.AspNetCore.Routing.EndpointMiddleware[0]
      Executing endpoint 'RandomNumberApi.Controllers.RandomController.Get (RandomNumberApi)'
info: Microsoft.AspNetCore.Mvc.Infrastructure.ControllerActionInvoker[102]
      Route matched with {action = "Get", controller = "Random"}. Executing controller action with signature Microsoft.AspNetCore.Mvc.IActionResult Get() on controller RandomNumberApi.Controllers.RandomController (RandomNumberApi).
info: Microsoft.AspNetCore.Mvc.Infrastructure.ObjectResultExecutor[1]
      Executing OkObjectResult, writing value of type '<>f__AnonymousType0`1[[System.Int32, System.Private.CoreLib, Version=8.0.0.0, Culture=neutral, PublicKeyToken=7cec85d7bea7798e]]'.
info: Microsoft.AspNetCore.Mvc.Infrastructure.ControllerActionInvoker[105]
      Executed action RandomNumberApi.Controllers.RandomController.Get (RandomNumberApi) in 0.1335ms
info: Microsoft.AspNetCore.Routing.EndpointMiddleware[1]
      Executed endpoint 'RandomNumberApi.Controllers.RandomController.Get (RandomNumberApi)'
info: Microsoft.AspNetCore.Hosting.Diagnostics[2]
      Request finished HTTP/1.1 GET http://localhost:5000/api/random - 200 - application/json;+charset=utf-8 0.4582ms
info: Microsoft.AspNetCore.Hosting.Diagnostics[1]
      Request starting HTTP/1.1 GET http://localhost:5000/api/random - - -
info: Microsoft.AspNetCore.Routing.EndpointMiddleware[0]
      Executing endpoint 'RandomNumberApi.Controllers.RandomController.Get (RandomNumberApi)'
info: Microsoft.AspNetCore.Mvc.Infrastructure.ControllerActionInvoker[102]
      Route matched with {action = "Get", controller = "Random"}. Executing controller action with signature Microsoft.AspNetCore.Mvc.IActionResult Get() on controller RandomNumberApi.Controllers.RandomController (RandomNumberApi).
info: Microsoft.AspNetCore.Mvc.Infrastructure.ObjectResultExecutor[1]
      Executing OkObjectResult, writing value of type '<>f__AnonymousType0`1[[System.Int32, System.Private.CoreLib, Version=8.0.0.0, Culture=neutral, PublicKeyToken=7cec85d7bea7798e]]'.
info: Microsoft.AspNetCore.Mvc.Infrastructure.ControllerActionInvoker[105]
      Executed action RandomNumberApi.Controllers.RandomController.Get (RandomNumberApi) in 0.076ms
info: Microsoft.AspNetCore.Routing.EndpointMiddleware[1]
      Executed endpoint 'RandomNumberApi.Controllers.RandomController.Get (RandomNumberApi)'
info: Microsoft.AspNetCore.Hosting.Diagnostics[2]
      Request finished HTTP/1.1 GET http://localhost:5000/api/random - 200 - application/json;+charset=utf-8 0.6614ms
info: Microsoft.AspNetCore.Hosting.Diagnostics[1]
      Request starting HTTP/1.1 GET http://localhost:5000/api/random - - -
info: Microsoft.AspNetCore.Routing.EndpointMiddleware[0]
      Executing endpoint 'RandomNumberApi.Controllers.RandomController.Get (RandomNumberApi)'
info: Microsoft.AspNetCore.Mvc.Infrastructure.ControllerActionInvoker[102]
      Route matched with {action = "Get", controller = "Random"}. Executing controller action with signature Microsoft.AspNetCore.Mvc.IActionResult Get() on controller RandomNumberApi.Controllers.RandomController (RandomNumberApi).
info: Microsoft.AspNetCore.Mvc.Infrastructure.ObjectResultExecutor[1]
      Executing OkObjectResult, writing value of type '<>f__AnonymousType0`1[[System.Int32, System.Private.CoreLib, Version=8.0.0.0, Culture=neutral, PublicKeyToken=7cec85d7bea7798e]]'.
info: Microsoft.AspNetCore.Mvc.Infrastructure.ControllerActionInvoker[105]
      Executed action RandomNumberApi.Controllers.RandomController.Get (RandomNumberApi) in 0.0601ms
info: Microsoft.AspNetCore.Routing.EndpointMiddleware[1]
      Executed endpoint 'RandomNumberApi.Controllers.RandomController.Get (RandomNumberApi)'
info: Microsoft.AspNetCore.Hosting.Diagnostics[2]
      Request finished HTTP/1.1 GET http://localhost:5000/api/random - 200 - application/json;+charset=utf-8 0.1955ms
info: Microsoft.AspNetCore.Hosting.Diagnostics[1]
      Request starting HTTP/1.1 GET http://localhost:5000/api/random - - -
info: Microsoft.AspNetCore.Routing.EndpointMiddleware[0]
      Executing endpoint 'RandomNumberApi.Controllers.RandomController.Get (RandomNumberApi)'
info: Microsoft.AspNetCore.Mvc.Infrastructure.ControllerActionInvoker[102]
      Route matched with {action = "Get", controller = "Random"}. Executing controller action with signature Microsoft.AspNetCore.Mvc.IActionResult Get() on controller RandomNumberApi.Controllers.RandomController (RandomNumberApi).
info: Microsoft.AspNetCore.Mvc.Infrastructure.ObjectResultExecutor[1]
      Executing OkObjectResult, writing value of type '<>f__AnonymousType0`1[[System.Int32, System.Private.CoreLib, Version=8.0.0.0, Culture=neutral, PublicKeyToken=7cec85d7bea7798e]]'.
info: Microsoft.AspNetCore.Mvc.Infrastructure.ControllerActionInvoker[105]
      Executed action RandomNumberApi.Controllers.RandomController.Get (RandomNumberApi) in 0.0692ms
info: Microsoft.AspNetCore.Routing.EndpointMiddleware[1]
      Executed endpoint 'RandomNumberApi.Controllers.RandomController.Get (RandomNumberApi)'
info: Microsoft.AspNetCore.Hosting.Diagnostics[2]
      Request finished HTTP/1.1 GET http://localhost:5000/api/random - 200 - application/json;+charset=utf-8 0.1783ms
info: Microsoft.AspNetCore.Hosting.Diagnostics[1]
      Request starting HTTP/1.1 GET http://localhost:5000/api/random - - -
info: Microsoft.AspNetCore.Routing.EndpointMiddleware[0]
      Executing endpoint 'RandomNumberApi.Controllers.RandomController.Get (RandomNumberApi)'
info: Microsoft.AspNetCore.Mvc.Infrastructure.ControllerActionInvoker[102]
      Route matched with {action = "Get", controller = "Random"}. Executing controller action with signature Microsoft.AspNetCore.Mvc.IActionResult Get() on controller RandomNumberApi.Controllers.RandomController (RandomNumberApi).
info: Microsoft.AspNetCore.Mvc.Infrastructure.ObjectResultExecutor[1]
      Executing OkObjectResult, writing value of type '<>f__AnonymousType0`1[[System.Int32, System.Private.CoreLib, Version=8.0.0.0, Culture=neutral, PublicKeyToken=7cec85d7bea7798e]]'.
info: Microsoft.AspNetCore.Mvc.Infrastructure.ControllerActionInvoker[105]
      Executed action RandomNumberApi.Controllers.RandomController.Get (RandomNumberApi) in 0.0969ms
info: Microsoft.AspNetCore.Routing.EndpointMiddleware[1]
      Executed endpoint 'RandomNumberApi.Controllers.RandomController.Get (RandomNumberApi)'
info: Microsoft.AspNetCore.Hosting.Diagnostics[2]
      Request finished HTTP/1.1 GET http://localhost:5000/api/random - 200 - application/json;+charset=utf-8 0.2745ms
info: Microsoft.AspNetCore.Hosting.Diagnostics[1]
      Request starting HTTP/1.1 GET http://localhost:5000/api/random - - -
info: Microsoft.AspNetCore.Routing.EndpointMiddleware[0]
      Executing endpoint 'RandomNumberApi.Controllers.RandomController.Get (RandomNumberApi)'
info: Microsoft.AspNetCore.Mvc.Infrastructure.ControllerActionInvoker[102]
      Route matched with {action = "Get", controller = "Random"}. Executing controller action with signature Microsoft.AspNetCore.Mvc.IActionResult Get() on controller RandomNumberApi.Controllers.RandomController (RandomNumberApi).
info: Microsoft.AspNetCore.Mvc.Infrastructure.ObjectResultExecutor[1]
      Executing OkObjectResult, writing value of type '<>f__AnonymousType0`1[[System.Int32, System.Private.CoreLib, Version=8.0.0.0, Culture=neutral, PublicKeyToken=7cec85d7bea7798e]]'.
info: Microsoft.AspNetCore.Mvc.Infrastructure.ControllerActionInvoker[105]
      Executed action RandomNumberApi.Controllers.RandomController.Get (RandomNumberApi) in 0.1158ms
info: Microsoft.AspNetCore.Routing.EndpointMiddleware[1]
      Executed endpoint 'RandomNumberApi.Controllers.RandomController.Get (RandomNumberApi)'
info: Microsoft.AspNetCore.Hosting.Diagnostics[2]
      Request finished HTTP/1.1 GET http://localhost:5000/api/random - 200 - application/json;+charset=utf-8 0.3457ms
info: Microsoft.AspNetCore.Hosting.Diagnostics[1]
      Request starting HTTP/1.1 GET http://localhost:5000/api/random - - -
info: Microsoft.AspNetCore.Routing.EndpointMiddleware[0]
      Executing endpoint 'RandomNumberApi.Controllers.RandomController.Get (RandomNumberApi)'
info: Microsoft.AspNetCore.Mvc.Infrastructure.ControllerActionInvoker[102]
      Route matched with {action = "Get", controller = "Random"}. Executing controller action with signature Microsoft.AspNetCore.Mvc.IActionResult Get() on controller RandomNumberApi.Controllers.RandomController (RandomNumberApi).
info: Microsoft.AspNetCore.Mvc.Infrastructure.ObjectResultExecutor[1]
      Executing OkObjectResult, writing value of type '<>f__AnonymousType0`1[[System.Int32, System.Private.CoreLib, Version=8.0.0.0, Culture=neutral, PublicKeyToken=7cec85d7bea7798e]]'.
info: Microsoft.AspNetCore.Mvc.Infrastructure.ControllerActionInvoker[105]
      Executed action RandomNumberApi.Controllers.RandomController.Get (RandomNumberApi) in 0.4014ms
info: Microsoft.AspNetCore.Routing.EndpointMiddleware[1]
      Executed endpoint 'RandomNumberApi.Controllers.RandomController.Get (RandomNumberApi)'
info: Microsoft.AspNetCore.Hosting.Diagnostics[2]
      Request finished HTTP/1.1 GET http://localhost:5000/api/random - 200 - application/json;+charset=utf-8 0.5754ms
info: Microsoft.AspNetCore.Hosting.Diagnostics[1]
      Request starting HTTP/1.1 GET http://localhost:5000/api/random - - -
info: Microsoft.AspNetCore.Routing.EndpointMiddleware[0]
      Executing endpoint 'RandomNumberApi.Controllers.RandomController.Get (RandomNumberApi)'
info: Microsoft.AspNetCore.Mvc.Infrastructure.ControllerActionInvoker[102]
      Route matched with {action = "Get", controller = "Random"}. Executing controller action with signature Microsoft.AspNetCore.Mvc.IActionResult Get() on controller RandomNumberApi.Controllers.RandomController (RandomNumberApi).
info: Microsoft.AspNetCore.Mvc.Infrastructure.ObjectResultExecutor[1]
      Executing OkObjectResult, writing value of type '<>f__AnonymousType0`1[[System.Int32, System.Private.CoreLib, Version=8.0.0.0, Culture=neutral, PublicKeyToken=7cec85d7bea7798e]]'.
info: Microsoft.AspNetCore.Mvc.Infrastructure.ControllerActionInvoker[105]
      Executed action RandomNumberApi.Controllers.RandomController.Get (RandomNumberApi) in 0.0971ms
info: Microsoft.AspNetCore.Routing.EndpointMiddleware[1]
      Executed endpoint 'RandomNumberApi.Controllers.RandomController.Get (RandomNumberApi)'
info: Microsoft.AspNetCore.Hosting.Diagnostics[2]
      Request finished HTTP/1.1 GET http://localhost:5000/api/random - 200 - application/json;+charset=utf-8 0.2721ms
info: Microsoft.AspNetCore.Hosting.Diagnostics[1]
      Request starting HTTP/1.1 GET http://localhost:5000/api/random - - -
info: Microsoft.AspNetCore.Routing.EndpointMiddleware[0]
      Executing endpoint 'RandomNumberApi.Controllers.RandomController.Get (RandomNumberApi)'
info: Microsoft.AspNetCore.Mvc.Infrastructure.ControllerActionInvoker[102]
      Route matched with {action = "Get", controller = "Random"}. Executing controller action with signature Microsoft.AspNetCore.Mvc.IActionResult Get() on controller RandomNumberApi.Controllers.RandomController (RandomNumberApi).
info: Microsoft.AspNetCore.Mvc.Infrastructure.ObjectResultExecutor[1]
      Executing OkObjectResult, writing value of type '<>f__AnonymousType0`1[[System.Int32, System.Private.CoreLib, Version=8.0.0.0, Culture=neutral, PublicKeyToken=7cec85d7bea7798e]]'.
info: Microsoft.AspNetCore.Mvc.Infrastructure.ControllerActionInvoker[105]
      Executed action RandomNumberApi.Controllers.RandomController.Get (RandomNumberApi) in 0.0772ms
info: Microsoft.AspNetCore.Routing.EndpointMiddleware[1]
      Executed endpoint 'RandomNumberApi.Controllers.RandomController.Get (RandomNumberApi)'
info: Microsoft.AspNetCore.Hosting.Diagnostics[2]
      Request finished HTTP/1.1 GET http://localhost:5000/api/random - 200 - application/json;+charset=utf-8 0.2458ms
info: Microsoft.AspNetCore.Hosting.Diagnostics[1]
      Request starting HTTP/1.1 GET http://localhost:5000/api/random - - -
info: Microsoft.AspNetCore.Routing.EndpointMiddleware[0]
      Executing endpoint 'RandomNumberApi.Controllers.RandomController.Get (RandomNumberApi)'
info: Microsoft.AspNetCore.Mvc.Infrastructure.ControllerActionInvoker[102]
      Route matched with {action = "Get", controller = "Random"}. Executing controller action with signature Microsoft.AspNetCore.Mvc.IActionResult Get() on controller RandomNumberApi.Controllers.RandomController (RandomNumberApi).
info: Microsoft.AspNetCore.Mvc.Infrastructure.ObjectResultExecutor[1]
      Executing OkObjectResult, writing value of type '<>f__AnonymousType0`1[[System.Int32, System.Private.CoreLib, Version=8.0.0.0, Culture=neutral, PublicKeyToken=7cec85d7bea7798e]]'.
info: Microsoft.AspNetCore.Mvc.Infrastructure.ControllerActionInvoker[105]
      Executed action RandomNumberApi.Controllers.RandomController.Get (RandomNumberApi) in 0.1419ms
info: Microsoft.AspNetCore.Routing.EndpointMiddleware[1]
      Executed endpoint 'RandomNumberApi.Controllers.RandomController.Get (RandomNumberApi)'
info: Microsoft.AspNetCore.Hosting.Diagnostics[2]
      Request finished HTTP/1.1 GET http://localhost:5000/api/random - 200 - application/json;+charset=utf-8 0.3860ms
info: Microsoft.AspNetCore.Hosting.Diagnostics[1]
      Request starting HTTP/1.1 GET http://localhost:5000/api/random - - -
info: Microsoft.AspNetCore.Routing.EndpointMiddleware[0]
      Executing endpoint 'RandomNumberApi.Controllers.RandomController.Get (RandomNumberApi)'
info: Microsoft.AspNetCore.Mvc.Infrastructure.ControllerActionInvoker[102]
      Route matched with {action = "Get", controller = "Random"}. Executing controller action with signature Microsoft.AspNetCore.Mvc.IActionResult Get() on controller RandomNumberApi.Controllers.RandomController (RandomNumberApi).
info: Microsoft.AspNetCore.Mvc.Infrastructure.ObjectResultExecutor[1]
      Executing OkObjectResult, writing value of type '<>f__AnonymousType0`1[[System.Int32, System.Private.CoreLib, Version=8.0.0.0, Culture=neutral, PublicKeyToken=7cec85d7bea7798e]]'.
info: Microsoft.AspNetCore.Mvc.Infrastructure.ControllerActionInvoker[105]
      Executed action RandomNumberApi.Controllers.RandomController.Get (RandomNumberApi) in 0.0579ms
info: Microsoft.AspNetCore.Routing.EndpointMiddleware[1]
      Executed endpoint 'RandomNumberApi.Controllers.RandomController.Get (RandomNumberApi)'
info: Microsoft.AspNetCore.Hosting.Diagnostics[2]
      Request finished HTTP/1.1 GET http://localhost:5000/api/random - 200 - application/json;+charset=utf-8 0.1931ms
info: Microsoft.AspNetCore.Hosting.Diagnostics[1]
      Request starting HTTP/1.1 GET http://localhost:5000/api/random - - -
info: Microsoft.AspNetCore.Routing.EndpointMiddleware[0]
      Executing endpoint 'RandomNumberApi.Controllers.RandomController.Get (RandomNumberApi)'
info: Microsoft.AspNetCore.Mvc.Infrastructure.ControllerActionInvoker[102]
      Route matched with {action = "Get", controller = "Random"}. Executing controller action with signature Microsoft.AspNetCore.Mvc.IActionResult Get() on controller RandomNumberApi.Controllers.RandomController (RandomNumberApi).
info: Microsoft.AspNetCore.Mvc.Infrastructure.ObjectResultExecutor[1]
      Executing OkObjectResult, writing value of type '<>f__AnonymousType0`1[[System.Int32, System.Private.CoreLib, Version=8.0.0.0, Culture=neutral, PublicKeyToken=7cec85d7bea7798e]]'.
info: Microsoft.AspNetCore.Mvc.Infrastructure.ControllerActionInvoker[105]
      Executed action RandomNumberApi.Controllers.RandomController.Get (RandomNumberApi) in 0.0616ms
info: Microsoft.AspNetCore.Routing.EndpointMiddleware[1]
      Executed endpoint 'RandomNumberApi.Controllers.RandomController.Get (RandomNumberApi)'
info: Microsoft.AspNetCore.Hosting.Diagnostics[2]
      Request finished HTTP/1.1 GET http://localhost:5000/api/random - 200 - application/json;+charset=utf-8 0.1829ms
info: Microsoft.AspNetCore.Hosting.Diagnostics[1]
      Request starting HTTP/1.1 GET http://localhost:5000/api/random - - -
info: Microsoft.AspNetCore.Routing.EndpointMiddleware[0]
      Executing endpoint 'RandomNumberApi.Controllers.RandomController.Get (RandomNumberApi)'
info: Microsoft.AspNetCore.Mvc.Infrastructure.ControllerActionInvoker[102]
      Route matched with {action = "Get", controller = "Random"}. Executing controller action with signature Microsoft.AspNetCore.Mvc.IActionResult Get() on controller RandomNumberApi.Controllers.RandomController (RandomNumberApi).
info: Microsoft.AspNetCore.Mvc.Infrastructure.ObjectResultExecutor[1]
      Executing OkObjectResult, writing value of type '<>f__AnonymousType0`1[[System.Int32, System.Private.CoreLib, Version=8.0.0.0, Culture=neutral, PublicKeyToken=7cec85d7bea7798e]]'.
info: Microsoft.AspNetCore.Mvc.Infrastructure.ControllerActionInvoker[105]
      Executed action RandomNumberApi.Controllers.RandomController.Get (RandomNumberApi) in 0.0949ms
info: Microsoft.AspNetCore.Routing.EndpointMiddleware[1]
      Executed endpoint 'RandomNumberApi.Controllers.RandomController.Get (RandomNumberApi)'
info: Microsoft.AspNetCore.Hosting.Diagnostics[2]
      Request finished HTTP/1.1 GET http://localhost:5000/api/random - 200 - application/json;+charset=utf-8 0.3072ms
info: Microsoft.AspNetCore.Hosting.Diagnostics[1]
      Request starting HTTP/1.1 GET http://localhost:5000/api/random - - -
info: Microsoft.AspNetCore.Routing.EndpointMiddleware[0]
      Executing endpoint 'RandomNumberApi.Controllers.RandomController.Get (RandomNumberApi)'
info: Microsoft.AspNetCore.Mvc.Infrastructure.ControllerActionInvoker[102]
      Route matched with {action = "Get", controller = "Random"}. Executing controller action with signature Microsoft.AspNetCore.Mvc.IActionResult Get() on controller RandomNumberApi.Controllers.RandomController (RandomNumberApi).
info: Microsoft.AspNetCore.Mvc.Infrastructure.ObjectResultExecutor[1]
      Executing OkObjectResult, writing value of type '<>f__AnonymousType0`1[[System.Int32, System.Private.CoreLib, Version=8.0.0.0, Culture=neutral, PublicKeyToken=7cec85d7bea7798e]]'.
info: Microsoft.AspNetCore.Mvc.Infrastructure.ControllerActionInvoker[105]
      Executed action RandomNumberApi.Controllers.RandomController.Get (RandomNumberApi) in 0.0748ms
info: Microsoft.AspNetCore.Routing.EndpointMiddleware[1]
      Executed endpoint 'RandomNumberApi.Controllers.RandomController.Get (RandomNumberApi)'
info: Microsoft.AspNetCore.Hosting.Diagnostics[2]
      Request finished HTTP/1.1 GET http://localhost:5000/api/random - 200 - application/json;+charset=utf-8 0.2093ms
info: Microsoft.AspNetCore.Hosting.Diagnostics[1]
      Request starting HTTP/1.1 GET http://localhost:5000/api/random - - -
info: Microsoft.AspNetCore.Routing.EndpointMiddleware[0]
      Executing endpoint 'RandomNumberApi.Controllers.RandomController.Get (RandomNumberApi)'
info: Microsoft.AspNetCore.Mvc.Infrastructure.ControllerActionInvoker[102]
      Route matched with {action = "Get", controller = "Random"}. Executing controller action with signature Microsoft.AspNetCore.Mvc.IActionResult Get() on controller RandomNumberApi.Controllers.RandomController (RandomNumberApi).
info: Microsoft.AspNetCore.Mvc.Infrastructure.ObjectResultExecutor[1]
      Executing OkObjectResult, writing value of type '<>f__AnonymousType0`1[[System.Int32, System.Private.CoreLib, Version=8.0.0.0, Culture=neutral, PublicKeyToken=7cec85d7bea7798e]]'.
info: Microsoft.AspNetCore.Mvc.Infrastructure.ControllerActionInvoker[105]
      Executed action RandomNumberApi.Controllers.RandomController.Get (RandomNumberApi) in 0.1044ms
info: Microsoft.AspNetCore.Routing.EndpointMiddleware[1]
      Executed endpoint 'RandomNumberApi.Controllers.RandomController.Get (RandomNumberApi)'
info: Microsoft.AspNetCore.Hosting.Diagnostics[2]
      Request finished HTTP/1.1 GET http://localhost:5000/api/random - 200 - application/json;+charset=utf-8 0.2767ms
info: Microsoft.AspNetCore.Hosting.Diagnostics[1]
      Request starting HTTP/1.1 GET http://localhost:5000/api/random - - -
info: Microsoft.AspNetCore.Routing.EndpointMiddleware[0]
      Executing endpoint 'RandomNumberApi.Controllers.RandomController.Get (RandomNumberApi)'
info: Microsoft.AspNetCore.Mvc.Infrastructure.ControllerActionInvoker[102]
      Route matched with {action = "Get", controller = "Random"}. Executing controller action with signature Microsoft.AspNetCore.Mvc.IActionResult Get() on controller RandomNumberApi.Controllers.RandomController (RandomNumberApi).
info: Microsoft.AspNetCore.Mvc.Infrastructure.ObjectResultExecutor[1]
      Executing OkObjectResult, writing value of type '<>f__AnonymousType0`1[[System.Int32, System.Private.CoreLib, Version=8.0.0.0, Culture=neutral, PublicKeyToken=7cec85d7bea7798e]]'.
info: Microsoft.AspNetCore.Mvc.Infrastructure.ControllerActionInvoker[105]
      Executed action RandomNumberApi.Controllers.RandomController.Get (RandomNumberApi) in 0.1157ms
info: Microsoft.AspNetCore.Routing.EndpointMiddleware[1]
      Executed endpoint 'RandomNumberApi.Controllers.RandomController.Get (RandomNumberApi)'
info: Microsoft.AspNetCore.Hosting.Diagnostics[2]
      Request finished HTTP/1.1 GET http://localhost:5000/api/random - 200 - application/json;+charset=utf-8 0.3110ms
info: Microsoft.AspNetCore.Hosting.Diagnostics[1]
      Request starting HTTP/1.1 GET http://localhost:5000/api/random - - -
info: Microsoft.AspNetCore.Routing.EndpointMiddleware[0]
      Executing endpoint 'RandomNumberApi.Controllers.RandomController.Get (RandomNumberApi)'
info: Microsoft.AspNetCore.Mvc.Infrastructure.ControllerActionInvoker[102]
      Route matched with {action = "Get", controller = "Random"}. Executing controller action with signature Microsoft.AspNetCore.Mvc.IActionResult Get() on controller RandomNumberApi.Controllers.RandomController (RandomNumberApi).
info: Microsoft.AspNetCore.Mvc.Infrastructure.ObjectResultExecutor[1]
      Executing OkObjectResult, writing value of type '<>f__AnonymousType0`1[[System.Int32, System.Private.CoreLib, Version=8.0.0.0, Culture=neutral, PublicKeyToken=7cec85d7bea7798e]]'.
info: Microsoft.AspNetCore.Mvc.Infrastructure.ControllerActionInvoker[105]
      Executed action RandomNumberApi.Controllers.RandomController.Get (RandomNumberApi) in 0.2415ms
info: Microsoft.AspNetCore.Routing.EndpointMiddleware[1]
      Executed endpoint 'RandomNumberApi.Controllers.RandomController.Get (RandomNumberApi)'
info: Microsoft.AspNetCore.Hosting.Diagnostics[2]
      Request finished HTTP/1.1 GET http://localhost:5000/api/random - 200 - application/json;+charset=utf-8 0.4336ms
info: Microsoft.AspNetCore.Hosting.Diagnostics[1]
      Request starting HTTP/1.1 GET http://localhost:5000/api/random - - -
info: Microsoft.AspNetCore.Routing.EndpointMiddleware[0]
      Executing endpoint 'RandomNumberApi.Controllers.RandomController.Get (RandomNumberApi)'
info: Microsoft.AspNetCore.Mvc.Infrastructure.ControllerActionInvoker[102]
      Route matched with {action = "Get", controller = "Random"}. Executing controller action with signature Microsoft.AspNetCore.Mvc.IActionResult Get() on controller RandomNumberApi.Controllers.RandomController (RandomNumberApi).
info: Microsoft.AspNetCore.Mvc.Infrastructure.ObjectResultExecutor[1]
      Executing OkObjectResult, writing value of type '<>f__AnonymousType0`1[[System.Int32, System.Private.CoreLib, Version=8.0.0.0, Culture=neutral, PublicKeyToken=7cec85d7bea7798e]]'.
info: Microsoft.AspNetCore.Mvc.Infrastructure.ControllerActionInvoker[105]
      Executed action RandomNumberApi.Controllers.RandomController.Get (RandomNumberApi) in 0.0965ms
info: Microsoft.AspNetCore.Routing.EndpointMiddleware[1]
      Executed endpoint 'RandomNumberApi.Controllers.RandomController.Get (RandomNumberApi)'
info: Microsoft.AspNetCore.Hosting.Diagnostics[2]
      Request finished HTTP/1.1 GET http://localhost:5000/api/random - 200 - application/json;+charset=utf-8 0.2722ms
info: Microsoft.AspNetCore.Hosting.Diagnostics[1]
      Request starting HTTP/1.1 GET http://localhost:5000/api/random - - -
info: Microsoft.AspNetCore.Routing.EndpointMiddleware[0]
      Executing endpoint 'RandomNumberApi.Controllers.RandomController.Get (RandomNumberApi)'
info: Microsoft.AspNetCore.Mvc.Infrastructure.ControllerActionInvoker[102]
      Route matched with {action = "Get", controller = "Random"}. Executing controller action with signature Microsoft.AspNetCore.Mvc.IActionResult Get() on controller RandomNumberApi.Controllers.RandomController (RandomNumberApi).
info: Microsoft.AspNetCore.Mvc.Infrastructure.ObjectResultExecutor[1]
      Executing OkObjectResult, writing value of type '<>f__AnonymousType0`1[[System.Int32, System.Private.CoreLib, Version=8.0.0.0, Culture=neutral, PublicKeyToken=7cec85d7bea7798e]]'.
info: Microsoft.AspNetCore.Mvc.Infrastructure.ControllerActionInvoker[105]
      Executed action RandomNumberApi.Controllers.RandomController.Get (RandomNumberApi) in 0.4434ms
info: Microsoft.AspNetCore.Routing.EndpointMiddleware[1]
      Executed endpoint 'RandomNumberApi.Controllers.RandomController.Get (RandomNumberApi)'
info: Microsoft.AspNetCore.Hosting.Diagnostics[2]
      Request finished HTTP/1.1 GET http://localhost:5000/api/random - 200 - application/json;+charset=utf-8 0.6733ms
info: Microsoft.AspNetCore.Hosting.Diagnostics[1]
      Request starting HTTP/1.1 GET http://localhost:5000/api/random - - -
info: Microsoft.AspNetCore.Routing.EndpointMiddleware[0]
      Executing endpoint 'RandomNumberApi.Controllers.RandomController.Get (RandomNumberApi)'
info: Microsoft.AspNetCore.Mvc.Infrastructure.ControllerActionInvoker[102]
      Route matched with {action = "Get", controller = "Random"}. Executing controller action with signature Microsoft.AspNetCore.Mvc.IActionResult Get() on controller RandomNumberApi.Controllers.RandomController (RandomNumberApi).
info: Microsoft.AspNetCore.Mvc.Infrastructure.ObjectResultExecutor[1]
      Executing OkObjectResult, writing value of type '<>f__AnonymousType0`1[[System.Int32, System.Private.CoreLib, Version=8.0.0.0, Culture=neutral, PublicKeyToken=7cec85d7bea7798e]]'.
info: Microsoft.AspNetCore.Mvc.Infrastructure.ControllerActionInvoker[105]
      Executed action RandomNumberApi.Controllers.RandomController.Get (RandomNumberApi) in 0.1295ms
info: Microsoft.AspNetCore.Routing.EndpointMiddleware[1]
      Executed endpoint 'RandomNumberApi.Controllers.RandomController.Get (RandomNumberApi)'
info: Microsoft.AspNetCore.Hosting.Diagnostics[2]
      Request finished HTTP/1.1 GET http://localhost:5000/api/random - 200 - application/json;+charset=utf-8 0.3722ms
info: Microsoft.AspNetCore.Hosting.Diagnostics[1]
      Request starting HTTP/1.1 GET http://localhost:5000/api/random - - -
info: Microsoft.AspNetCore.Routing.EndpointMiddleware[0]
      Executing endpoint 'RandomNumberApi.Controllers.RandomController.Get (RandomNumberApi)'
info: Microsoft.AspNetCore.Mvc.Infrastructure.ControllerActionInvoker[102]
      Route matched with {action = "Get", controller = "Random"}. Executing controller action with signature Microsoft.AspNetCore.Mvc.IActionResult Get() on controller RandomNumberApi.Controllers.RandomController (RandomNumberApi).
info: Microsoft.AspNetCore.Mvc.Infrastructure.ObjectResultExecutor[1]
      Executing OkObjectResult, writing value of type '<>f__AnonymousType0`1[[System.Int32, System.Private.CoreLib, Version=8.0.0.0, Culture=neutral, PublicKeyToken=7cec85d7bea7798e]]'.
info: Microsoft.AspNetCore.Mvc.Infrastructure.ControllerActionInvoker[105]
      Executed action RandomNumberApi.Controllers.RandomController.Get (RandomNumberApi) in 0.1148ms
info: Microsoft.AspNetCore.Routing.EndpointMiddleware[1]
      Executed endpoint 'RandomNumberApi.Controllers.RandomController.Get (RandomNumberApi)'
info: Microsoft.AspNetCore.Hosting.Diagnostics[2]
      Request finished HTTP/1.1 GET http://localhost:5000/api/random - 200 - application/json;+charset=utf-8 0.3279ms
info: Microsoft.AspNetCore.Hosting.Diagnostics[1]
      Request starting HTTP/1.1 GET http://localhost:5000/api/random - - -
info: Microsoft.AspNetCore.Routing.EndpointMiddleware[0]
      Executing endpoint 'RandomNumberApi.Controllers.RandomController.Get (RandomNumberApi)'
info: Microsoft.AspNetCore.Mvc.Infrastructure.ControllerActionInvoker[102]
      Route matched with {action = "Get", controller = "Random"}. Executing controller action with signature Microsoft.AspNetCore.Mvc.IActionResult Get() on controller RandomNumberApi.Controllers.RandomController (RandomNumberApi).
info: Microsoft.AspNetCore.Mvc.Infrastructure.ObjectResultExecutor[1]
      Executing OkObjectResult, writing value of type '<>f__AnonymousType0`1[[System.Int32, System.Private.CoreLib, Version=8.0.0.0, Culture=neutral, PublicKeyToken=7cec85d7bea7798e]]'.
info: Microsoft.AspNetCore.Mvc.Infrastructure.ControllerActionInvoker[105]
      Executed action RandomNumberApi.Controllers.RandomController.Get (RandomNumberApi) in 0.0837ms
info: Microsoft.AspNetCore.Routing.EndpointMiddleware[1]
      Executed endpoint 'RandomNumberApi.Controllers.RandomController.Get (RandomNumberApi)'
info: Microsoft.AspNetCore.Hosting.Diagnostics[2]
      Request finished HTTP/1.1 GET http://localhost:5000/api/random - 200 - application/json;+charset=utf-8 0.2671ms
info: Microsoft.AspNetCore.Hosting.Diagnostics[1]
      Request starting HTTP/1.1 GET http://localhost:5000/api/random - - -
info: Microsoft.AspNetCore.Routing.EndpointMiddleware[0]
      Executing endpoint 'RandomNumberApi.Controllers.RandomController.Get (RandomNumberApi)'
info: Microsoft.AspNetCore.Mvc.Infrastructure.ControllerActionInvoker[102]
      Route matched with {action = "Get", controller = "Random"}. Executing controller action with signature Microsoft.AspNetCore.Mvc.IActionResult Get() on controller RandomNumberApi.Controllers.RandomController (RandomNumberApi).
info: Microsoft.AspNetCore.Mvc.Infrastructure.ObjectResultExecutor[1]
      Executing OkObjectResult, writing value of type '<>f__AnonymousType0`1[[System.Int32, System.Private.CoreLib, Version=8.0.0.0, Culture=neutral, PublicKeyToken=7cec85d7bea7798e]]'.
info: Microsoft.AspNetCore.Mvc.Infrastructure.ControllerActionInvoker[105]
      Executed action RandomNumberApi.Controllers.RandomController.Get (RandomNumberApi) in 0.1148ms
info: Microsoft.AspNetCore.Routing.EndpointMiddleware[1]
      Executed endpoint 'RandomNumberApi.Controllers.RandomController.Get (RandomNumberApi)'
info: Microsoft.AspNetCore.Hosting.Diagnostics[2]
      Request finished HTTP/1.1 GET http://localhost:5000/api/random - 200 - application/json;+charset=utf-8 0.3424ms
info: Microsoft.AspNetCore.Hosting.Diagnostics[1]
      Request starting HTTP/1.1 GET http://localhost:5000/api/random - - -
info: Microsoft.AspNetCore.Routing.EndpointMiddleware[0]
      Executing endpoint 'RandomNumberApi.Controllers.RandomController.Get (RandomNumberApi)'
info: Microsoft.AspNetCore.Mvc.Infrastructure.ControllerActionInvoker[102]
      Route matched with {action = "Get", controller = "Random"}. Executing controller action with signature Microsoft.AspNetCore.Mvc.IActionResult Get() on controller RandomNumberApi.Controllers.RandomController (RandomNumberApi).
info: Microsoft.AspNetCore.Mvc.Infrastructure.ObjectResultExecutor[1]
      Executing OkObjectResult, writing value of type '<>f__AnonymousType0`1[[System.Int32, System.Private.CoreLib, Version=8.0.0.0, Culture=neutral, PublicKeyToken=7cec85d7bea7798e]]'.
info: Microsoft.AspNetCore.Mvc.Infrastructure.ControllerActionInvoker[105]
      Executed action RandomNumberApi.Controllers.RandomController.Get (RandomNumberApi) in 0.1151ms
info: Microsoft.AspNetCore.Routing.EndpointMiddleware[1]
      Executed endpoint 'RandomNumberApi.Controllers.RandomController.Get (RandomNumberApi)'
info: Microsoft.AspNetCore.Hosting.Diagnostics[2]
      Request finished HTTP/1.1 GET http://localhost:5000/api/random - 200 - application/json;+charset=utf-8 0.2742ms
info: Microsoft.AspNetCore.Hosting.Diagnostics[1]
      Request starting HTTP/1.1 GET http://localhost:5000/api/random - - -
info: Microsoft.AspNetCore.Routing.EndpointMiddleware[0]
      Executing endpoint 'RandomNumberApi.Controllers.RandomController.Get (RandomNumberApi)'
info: Microsoft.AspNetCore.Mvc.Infrastructure.ControllerActionInvoker[102]
      Route matched with {action = "Get", controller = "Random"}. Executing controller action with signature Microsoft.AspNetCore.Mvc.IActionResult Get() on controller RandomNumberApi.Controllers.RandomController (RandomNumberApi).
info: Microsoft.AspNetCore.Mvc.Infrastructure.ObjectResultExecutor[1]
      Executing OkObjectResult, writing value of type '<>f__AnonymousType0`1[[System.Int32, System.Private.CoreLib, Version=8.0.0.0, Culture=neutral, PublicKeyToken=7cec85d7bea7798e]]'.
info: Microsoft.AspNetCore.Mvc.Infrastructure.ControllerActionInvoker[105]
      Executed action RandomNumberApi.Controllers.RandomController.Get (RandomNumberApi) in 0.0773ms
info: Microsoft.AspNetCore.Routing.EndpointMiddleware[1]
      Executed endpoint 'RandomNumberApi.Controllers.RandomController.Get (RandomNumberApi)'
info: Microsoft.AspNetCore.Hosting.Diagnostics[2]
      Request finished HTTP/1.1 GET http://localhost:5000/api/random - 200 - application/json;+charset=utf-8 0.2204ms
info: Microsoft.AspNetCore.Hosting.Diagnostics[1]
      Request starting HTTP/1.1 GET http://localhost:5000/api/random - - -
info: Microsoft.AspNetCore.Routing.EndpointMiddleware[0]
      Executing endpoint 'RandomNumberApi.Controllers.RandomController.Get (RandomNumberApi)'
info: Microsoft.AspNetCore.Mvc.Infrastructure.ControllerActionInvoker[102]
      Route matched with {action = "Get", controller = "Random"}. Executing controller action with signature Microsoft.AspNetCore.Mvc.IActionResult Get() on controller RandomNumberApi.Controllers.RandomController (RandomNumberApi).
info: Microsoft.AspNetCore.Mvc.Infrastructure.ObjectResultExecutor[1]
      Executing OkObjectResult, writing value of type '<>f__AnonymousType0`1[[System.Int32, System.Private.CoreLib, Version=8.0.0.0, Culture=neutral, PublicKeyToken=7cec85d7bea7798e]]'.
info: Microsoft.AspNetCore.Mvc.Infrastructure.ControllerActionInvoker[105]
      Executed action RandomNumberApi.Controllers.RandomController.Get (RandomNumberApi) in 0.1158ms
info: Microsoft.AspNetCore.Routing.EndpointMiddleware[1]
      Executed endpoint 'RandomNumberApi.Controllers.RandomController.Get (RandomNumberApi)'
info: Microsoft.AspNetCore.Hosting.Diagnostics[2]
      Request finished HTTP/1.1 GET http://localhost:5000/api/random - 200 - application/json;+charset=utf-8 0.3711ms
info: Microsoft.AspNetCore.Hosting.Diagnostics[1]
      Request starting HTTP/1.1 GET http://localhost:5000/api/random - - -
info: Microsoft.AspNetCore.Routing.EndpointMiddleware[0]
      Executing endpoint 'RandomNumberApi.Controllers.RandomController.Get (RandomNumberApi)'
info: Microsoft.AspNetCore.Mvc.Infrastructure.ControllerActionInvoker[102]
      Route matched with {action = "Get", controller = "Random"}. Executing controller action with signature Microsoft.AspNetCore.Mvc.IActionResult Get() on controller RandomNumberApi.Controllers.RandomController (RandomNumberApi).
info: Microsoft.AspNetCore.Mvc.Infrastructure.ObjectResultExecutor[1]
      Executing OkObjectResult, writing value of type '<>f__AnonymousType0`1[[System.Int32, System.Private.CoreLib, Version=8.0.0.0, Culture=neutral, PublicKeyToken=7cec85d7bea7798e]]'.
info: Microsoft.AspNetCore.Mvc.Infrastructure.ControllerActionInvoker[105]
      Executed action RandomNumberApi.Controllers.RandomController.Get (RandomNumberApi) in 0.4056ms
info: Microsoft.AspNetCore.Routing.EndpointMiddleware[1]
      Executed endpoint 'RandomNumberApi.Controllers.RandomController.Get (RandomNumberApi)'
info: Microsoft.AspNetCore.Hosting.Diagnostics[2]
      Request finished HTTP/1.1 GET http://localhost:5000/api/random - 200 - application/json;+charset=utf-8 0.5654ms
info: Microsoft.AspNetCore.Hosting.Diagnostics[1]
      Request starting HTTP/1.1 GET http://localhost:5000/api/random - - -
info: Microsoft.AspNetCore.Routing.EndpointMiddleware[0]
      Executing endpoint 'RandomNumberApi.Controllers.RandomController.Get (RandomNumberApi)'
info: Microsoft.AspNetCore.Mvc.Infrastructure.ControllerActionInvoker[102]
      Route matched with {action = "Get", controller = "Random"}. Executing controller action with signature Microsoft.AspNetCore.Mvc.IActionResult Get() on controller RandomNumberApi.Controllers.RandomController (RandomNumberApi).
info: Microsoft.AspNetCore.Mvc.Infrastructure.ObjectResultExecutor[1]
      Executing OkObjectResult, writing value of type '<>f__AnonymousType0`1[[System.Int32, System.Private.CoreLib, Version=8.0.0.0, Culture=neutral, PublicKeyToken=7cec85d7bea7798e]]'.
info: Microsoft.AspNetCore.Mvc.Infrastructure.ControllerActionInvoker[105]
      Executed action RandomNumberApi.Controllers.RandomController.Get (RandomNumberApi) in 0.1231ms
info: Microsoft.AspNetCore.Routing.EndpointMiddleware[1]
      Executed endpoint 'RandomNumberApi.Controllers.RandomController.Get (RandomNumberApi)'
info: Microsoft.AspNetCore.Hosting.Diagnostics[2]
      Request finished HTTP/1.1 GET http://localhost:5000/api/random - 200 - application/json;+charset=utf-8 0.3636ms
info: Microsoft.AspNetCore.Hosting.Diagnostics[1]
      Request starting HTTP/1.1 GET http://localhost:5000/api/random - - -
info: Microsoft.AspNetCore.Routing.EndpointMiddleware[0]
      Executing endpoint 'RandomNumberApi.Controllers.RandomController.Get (RandomNumberApi)'
info: Microsoft.AspNetCore.Mvc.Infrastructure.ControllerActionInvoker[102]
      Route matched with {action = "Get", controller = "Random"}. Executing controller action with signature Microsoft.AspNetCore.Mvc.IActionResult Get() on controller RandomNumberApi.Controllers.RandomController (RandomNumberApi).
info: Microsoft.AspNetCore.Mvc.Infrastructure.ObjectResultExecutor[1]
      Executing OkObjectResult, writing value of type '<>f__AnonymousType0`1[[System.Int32, System.Private.CoreLib, Version=8.0.0.0, Culture=neutral, PublicKeyToken=7cec85d7bea7798e]]'.
info: Microsoft.AspNetCore.Mvc.Infrastructure.ControllerActionInvoker[105]
      Executed action RandomNumberApi.Controllers.RandomController.Get (RandomNumberApi) in 0.4439ms
info: Microsoft.AspNetCore.Routing.EndpointMiddleware[1]
      Executed endpoint 'RandomNumberApi.Controllers.RandomController.Get (RandomNumberApi)'
info: Microsoft.AspNetCore.Hosting.Diagnostics[2]
      Request finished HTTP/1.1 GET http://localhost:5000/api/random - 200 - application/json;+charset=utf-8 0.6732ms
info: Microsoft.AspNetCore.Hosting.Diagnostics[1]
      Request starting HTTP/1.1 GET http://localhost:5000/api/random - - -
info: Microsoft.AspNetCore.Routing.EndpointMiddleware[0]
      Executing endpoint 'RandomNumberApi.Controllers.RandomController.Get (RandomNumberApi)'
info: Microsoft.AspNetCore.Mvc.Infrastructure.ControllerActionInvoker[102]
      Route matched with {action = "Get", controller = "Random"}. Executing controller action with signature Microsoft.AspNetCore.Mvc.IActionResult Get() on controller RandomNumberApi.Controllers.RandomController (RandomNumberApi).
info: Microsoft.AspNetCore.Mvc.Infrastructure.ObjectResultExecutor[1]
      Executing OkObjectResult, writing value of type '<>f__AnonymousType0`1[[System.Int32, System.Private.CoreLib, Version=8.0.0.0, Culture=neutral, PublicKeyToken=7cec85d7bea7798e]]'.
info: Microsoft.AspNetCore.Mvc.Infrastructure.ControllerActionInvoker[105]
      Executed action RandomNumberApi.Controllers.RandomController.Get (RandomNumberApi) in 0.0539ms
info: Microsoft.AspNetCore.Routing.EndpointMiddleware[1]
      Executed endpoint 'RandomNumberApi.Controllers.RandomController.Get (RandomNumberApi)'
info: Microsoft.AspNetCore.Hosting.Diagnostics[2]
      Request finished HTTP/1.1 GET http://localhost:5000/api/random - 200 - application/json;+charset=utf-8 0.1861ms
info: Microsoft.AspNetCore.Hosting.Diagnostics[1]
      Request starting HTTP/1.1 GET http://localhost:5000/api/random - - -
info: Microsoft.AspNetCore.Routing.EndpointMiddleware[0]
      Executing endpoint 'RandomNumberApi.Controllers.RandomController.Get (RandomNumberApi)'
info: Microsoft.AspNetCore.Mvc.Infrastructure.ControllerActionInvoker[102]
      Route matched with {action = "Get", controller = "Random"}. Executing controller action with signature Microsoft.AspNetCore.Mvc.IActionResult Get() on controller RandomNumberApi.Controllers.RandomController (RandomNumberApi).
info: Microsoft.AspNetCore.Mvc.Infrastructure.ObjectResultExecutor[1]
      Executing OkObjectResult, writing value of type '<>f__AnonymousType0`1[[System.Int32, System.Private.CoreLib, Version=8.0.0.0, Culture=neutral, PublicKeyToken=7cec85d7bea7798e]]'.
info: Microsoft.AspNetCore.Mvc.Infrastructure.ControllerActionInvoker[105]
      Executed action RandomNumberApi.Controllers.RandomController.Get (RandomNumberApi) in 0.4353ms
info: Microsoft.AspNetCore.Routing.EndpointMiddleware[1]
      Executed endpoint 'RandomNumberApi.Controllers.RandomController.Get (RandomNumberApi)'
info: Microsoft.AspNetCore.Hosting.Diagnostics[2]
      Request finished HTTP/1.1 GET http://localhost:5000/api/random - 200 - application/json;+charset=utf-8 0.6080ms
info: Microsoft.AspNetCore.Hosting.Diagnostics[1]
      Request starting HTTP/1.1 GET http://localhost:5000/api/random - - -
info: Microsoft.AspNetCore.Routing.EndpointMiddleware[0]
      Executing endpoint 'RandomNumberApi.Controllers.RandomController.Get (RandomNumberApi)'
info: Microsoft.AspNetCore.Mvc.Infrastructure.ControllerActionInvoker[102]
      Route matched with {action = "Get", controller = "Random"}. Executing controller action with signature Microsoft.AspNetCore.Mvc.IActionResult Get() on controller RandomNumberApi.Controllers.RandomController (RandomNumberApi).
info: Microsoft.AspNetCore.Mvc.Infrastructure.ObjectResultExecutor[1]
      Executing OkObjectResult, writing value of type '<>f__AnonymousType0`1[[System.Int32, System.Private.CoreLib, Version=8.0.0.0, Culture=neutral, PublicKeyToken=7cec85d7bea7798e]]'.
info: Microsoft.AspNetCore.Mvc.Infrastructure.ControllerActionInvoker[105]
      Executed action RandomNumberApi.Controllers.RandomController.Get (RandomNumberApi) in 0.1081ms
info: Microsoft.AspNetCore.Routing.EndpointMiddleware[1]
      Executed endpoint 'RandomNumberApi.Controllers.RandomController.Get (RandomNumberApi)'
info: Microsoft.AspNetCore.Hosting.Diagnostics[2]
      Request finished HTTP/1.1 GET http://localhost:5000/api/random - 200 - application/json;+charset=utf-8 0.4351ms
info: Microsoft.AspNetCore.Hosting.Diagnostics[1]
      Request starting HTTP/1.1 GET http://localhost:5000/api/random - - -
info: Microsoft.AspNetCore.Routing.EndpointMiddleware[0]
      Executing endpoint 'RandomNumberApi.Controllers.RandomController.Get (RandomNumberApi)'
info: Microsoft.AspNetCore.Mvc.Infrastructure.ControllerActionInvoker[102]
      Route matched with {action = "Get", controller = "Random"}. Executing controller action with signature Microsoft.AspNetCore.Mvc.IActionResult Get() on controller RandomNumberApi.Controllers.RandomController (RandomNumberApi).
info: Microsoft.AspNetCore.Mvc.Infrastructure.ObjectResultExecutor[1]
      Executing OkObjectResult, writing value of type '<>f__AnonymousType0`1[[System.Int32, System.Private.CoreLib, Version=8.0.0.0, Culture=neutral, PublicKeyToken=7cec85d7bea7798e]]'.
info: Microsoft.AspNetCore.Mvc.Infrastructure.ControllerActionInvoker[105]
      Executed action RandomNumberApi.Controllers.RandomController.Get (RandomNumberApi) in 0.4338ms
info: Microsoft.AspNetCore.Routing.EndpointMiddleware[1]
      Executed endpoint 'RandomNumberApi.Controllers.RandomController.Get (RandomNumberApi)'
info: Microsoft.AspNetCore.Hosting.Diagnostics[2]
      Request finished HTTP/1.1 GET http://localhost:5000/api/random - 200 - application/json;+charset=utf-8 0.6758ms
info: Microsoft.AspNetCore.Hosting.Diagnostics[1]
      Request starting HTTP/1.1 GET http://localhost:5000/api/random - - -
info: Microsoft.AspNetCore.Routing.EndpointMiddleware[0]
      Executing endpoint 'RandomNumberApi.Controllers.RandomController.Get (RandomNumberApi)'
info: Microsoft.AspNetCore.Mvc.Infrastructure.ControllerActionInvoker[102]
      Route matched with {action = "Get", controller = "Random"}. Executing controller action with signature Microsoft.AspNetCore.Mvc.IActionResult Get() on controller RandomNumberApi.Controllers.RandomController (RandomNumberApi).
info: Microsoft.AspNetCore.Mvc.Infrastructure.ObjectResultExecutor[1]
      Executing OkObjectResult, writing value of type '<>f__AnonymousType0`1[[System.Int32, System.Private.CoreLib, Version=8.0.0.0, Culture=neutral, PublicKeyToken=7cec85d7bea7798e]]'.
info: Microsoft.AspNetCore.Mvc.Infrastructure.ControllerActionInvoker[105]
      Executed action RandomNumberApi.Controllers.RandomController.Get (RandomNumberApi) in 0.3911ms
info: Microsoft.AspNetCore.Routing.EndpointMiddleware[1]
      Executed endpoint 'RandomNumberApi.Controllers.RandomController.Get (RandomNumberApi)'
info: Microsoft.AspNetCore.Hosting.Diagnostics[2]
      Request finished HTTP/1.1 GET http://localhost:5000/api/random - 200 - application/json;+charset=utf-8 0.5299ms
info: Microsoft.AspNetCore.Hosting.Diagnostics[1]
      Request starting HTTP/1.1 GET http://localhost:5000/api/random - - -
info: Microsoft.AspNetCore.Routing.EndpointMiddleware[0]
      Executing endpoint 'RandomNumberApi.Controllers.RandomController.Get (RandomNumberApi)'
info: Microsoft.AspNetCore.Mvc.Infrastructure.ControllerActionInvoker[102]
      Route matched with {action = "Get", controller = "Random"}. Executing controller action with signature Microsoft.AspNetCore.Mvc.IActionResult Get() on controller RandomNumberApi.Controllers.RandomController (RandomNumberApi).
info: Microsoft.AspNetCore.Mvc.Infrastructure.ObjectResultExecutor[1]
      Executing OkObjectResult, writing value of type '<>f__AnonymousType0`1[[System.Int32, System.Private.CoreLib, Version=8.0.0.0, Culture=neutral, PublicKeyToken=7cec85d7bea7798e]]'.
info: Microsoft.AspNetCore.Mvc.Infrastructure.ControllerActionInvoker[105]
      Executed action RandomNumberApi.Controllers.RandomController.Get (RandomNumberApi) in 0.1036ms
info: Microsoft.AspNetCore.Routing.EndpointMiddleware[1]
      Executed endpoint 'RandomNumberApi.Controllers.RandomController.Get (RandomNumberApi)'
info: Microsoft.AspNetCore.Hosting.Diagnostics[2]
      Request finished HTTP/1.1 GET http://localhost:5000/api/random - 200 - application/json;+charset=utf-8 0.2900ms
info: Microsoft.AspNetCore.Hosting.Diagnostics[1]
      Request starting HTTP/1.1 GET http://localhost:5000/api/random - - -
info: Microsoft.AspNetCore.Routing.EndpointMiddleware[0]
      Executing endpoint 'RandomNumberApi.Controllers.RandomController.Get (RandomNumberApi)'
info: Microsoft.AspNetCore.Mvc.Infrastructure.ControllerActionInvoker[102]
      Route matched with {action = "Get", controller = "Random"}. Executing controller action with signature Microsoft.AspNetCore.Mvc.IActionResult Get() on controller RandomNumberApi.Controllers.RandomController (RandomNumberApi).
info: Microsoft.AspNetCore.Mvc.Infrastructure.ObjectResultExecutor[1]
      Executing OkObjectResult, writing value of type '<>f__AnonymousType0`1[[System.Int32, System.Private.CoreLib, Version=8.0.0.0, Culture=neutral, PublicKeyToken=7cec85d7bea7798e]]'.
info: Microsoft.AspNetCore.Mvc.Infrastructure.ControllerActionInvoker[105]
      Executed action RandomNumberApi.Controllers.RandomController.Get (RandomNumberApi) in 0.086ms
info: Microsoft.AspNetCore.Routing.EndpointMiddleware[1]
      Executed endpoint 'RandomNumberApi.Controllers.RandomController.Get (RandomNumberApi)'
info: Microsoft.AspNetCore.Hosting.Diagnostics[2]
      Request finished HTTP/1.1 GET http://localhost:5000/api/random - 200 - application/json;+charset=utf-8 0.3826ms
info: Microsoft.AspNetCore.Hosting.Diagnostics[1]
      Request starting HTTP/1.1 GET http://localhost:5000/api/random - - -
info: Microsoft.AspNetCore.Routing.EndpointMiddleware[0]
      Executing endpoint 'RandomNumberApi.Controllers.RandomController.Get (RandomNumberApi)'
info: Microsoft.AspNetCore.Mvc.Infrastructure.ControllerActionInvoker[102]
      Route matched with {action = "Get", controller = "Random"}. Executing controller action with signature Microsoft.AspNetCore.Mvc.IActionResult Get() on controller RandomNumberApi.Controllers.RandomController (RandomNumberApi).
info: Microsoft.AspNetCore.Mvc.Infrastructure.ObjectResultExecutor[1]
      Executing OkObjectResult, writing value of type '<>f__AnonymousType0`1[[System.Int32, System.Private.CoreLib, Version=8.0.0.0, Culture=neutral, PublicKeyToken=7cec85d7bea7798e]]'.
info: Microsoft.AspNetCore.Mvc.Infrastructure.ControllerActionInvoker[105]
      Executed action RandomNumberApi.Controllers.RandomController.Get (RandomNumberApi) in 0.179ms
info: Microsoft.AspNetCore.Routing.EndpointMiddleware[1]
      Executed endpoint 'RandomNumberApi.Controllers.RandomController.Get (RandomNumberApi)'
info: Microsoft.AspNetCore.Hosting.Diagnostics[2]
      Request finished HTTP/1.1 GET http://localhost:5000/api/random - 200 - application/json;+charset=utf-8 0.4495ms
info: Microsoft.AspNetCore.Hosting.Diagnostics[1]
      Request starting HTTP/1.1 GET http://localhost:5000/api/random - - -
info: Microsoft.AspNetCore.Routing.EndpointMiddleware[0]
      Executing endpoint 'RandomNumberApi.Controllers.RandomController.Get (RandomNumberApi)'
info: Microsoft.AspNetCore.Mvc.Infrastructure.ControllerActionInvoker[102]
      Route matched with {action = "Get", controller = "Random"}. Executing controller action with signature Microsoft.AspNetCore.Mvc.IActionResult Get() on controller RandomNumberApi.Controllers.RandomController (RandomNumberApi).
info: Microsoft.AspNetCore.Mvc.Infrastructure.ObjectResultExecutor[1]
      Executing OkObjectResult, writing value of type '<>f__AnonymousType0`1[[System.Int32, System.Private.CoreLib, Version=8.0.0.0, Culture=neutral, PublicKeyToken=7cec85d7bea7798e]]'.
info: Microsoft.AspNetCore.Mvc.Infrastructure.ControllerActionInvoker[105]
      Executed action RandomNumberApi.Controllers.RandomController.Get (RandomNumberApi) in 0.2356ms
info: Microsoft.AspNetCore.Routing.EndpointMiddleware[1]
      Executed endpoint 'RandomNumberApi.Controllers.RandomController.Get (RandomNumberApi)'
info: Microsoft.AspNetCore.Hosting.Diagnostics[2]
      Request finished HTTP/1.1 GET http://localhost:5000/api/random - 200 - application/json;+charset=utf-8 0.5467ms
info: Microsoft.AspNetCore.Hosting.Diagnostics[1]
      Request starting HTTP/1.1 GET http://localhost:5000/api/random - - -
info: Microsoft.AspNetCore.Routing.EndpointMiddleware[0]
      Executing endpoint 'RandomNumberApi.Controllers.RandomController.Get (RandomNumberApi)'
info: Microsoft.AspNetCore.Mvc.Infrastructure.ControllerActionInvoker[102]
      Route matched with {action = "Get", controller = "Random"}. Executing controller action with signature Microsoft.AspNetCore.Mvc.IActionResult Get() on controller RandomNumberApi.Controllers.RandomController (RandomNumberApi).
info: Microsoft.AspNetCore.Mvc.Infrastructure.ObjectResultExecutor[1]
      Executing OkObjectResult, writing value of type '<>f__AnonymousType0`1[[System.Int32, System.Private.CoreLib, Version=8.0.0.0, Culture=neutral, PublicKeyToken=7cec85d7bea7798e]]'.
info: Microsoft.AspNetCore.Mvc.Infrastructure.ControllerActionInvoker[105]
      Executed action RandomNumberApi.Controllers.RandomController.Get (RandomNumberApi) in 0.0765ms
info: Microsoft.AspNetCore.Routing.EndpointMiddleware[1]
      Executed endpoint 'RandomNumberApi.Controllers.RandomController.Get (RandomNumberApi)'
info: Microsoft.AspNetCore.Hosting.Diagnostics[2]
      Request finished HTTP/1.1 GET http://localhost:5000/api/random - 200 - application/json;+charset=utf-8 0.2081ms
info: Microsoft.AspNetCore.Hosting.Diagnostics[1]
      Request starting HTTP/1.1 GET http://localhost:5000/api/random - - -
info: Microsoft.AspNetCore.Routing.EndpointMiddleware[0]
      Executing endpoint 'RandomNumberApi.Controllers.RandomController.Get (RandomNumberApi)'
info: Microsoft.AspNetCore.Mvc.Infrastructure.ControllerActionInvoker[102]
      Route matched with {action = "Get", controller = "Random"}. Executing controller action with signature Microsoft.AspNetCore.Mvc.IActionResult Get() on controller RandomNumberApi.Controllers.RandomController (RandomNumberApi).
info: Microsoft.AspNetCore.Mvc.Infrastructure.ObjectResultExecutor[1]
      Executing OkObjectResult, writing value of type '<>f__AnonymousType0`1[[System.Int32, System.Private.CoreLib, Version=8.0.0.0, Culture=neutral, PublicKeyToken=7cec85d7bea7798e]]'.
info: Microsoft.AspNetCore.Mvc.Infrastructure.ControllerActionInvoker[105]
      Executed action RandomNumberApi.Controllers.RandomController.Get (RandomNumberApi) in 0.0869ms
info: Microsoft.AspNetCore.Routing.EndpointMiddleware[1]
      Executed endpoint 'RandomNumberApi.Controllers.RandomController.Get (RandomNumberApi)'
info: Microsoft.AspNetCore.Hosting.Diagnostics[2]
      Request finished HTTP/1.1 GET http://localhost:5000/api/random - 200 - application/json;+charset=utf-8 0.2803ms
info: Microsoft.AspNetCore.Hosting.Diagnostics[1]
      Request starting HTTP/1.1 GET http://localhost:5000/api/random - - -
info: Microsoft.AspNetCore.Routing.EndpointMiddleware[0]
      Executing endpoint 'RandomNumberApi.Controllers.RandomController.Get (RandomNumberApi)'
info: Microsoft.AspNetCore.Mvc.Infrastructure.ControllerActionInvoker[102]
      Route matched with {action = "Get", controller = "Random"}. Executing controller action with signature Microsoft.AspNetCore.Mvc.IActionResult Get() on controller RandomNumberApi.Controllers.RandomController (RandomNumberApi).
info: Microsoft.AspNetCore.Mvc.Infrastructure.ObjectResultExecutor[1]
      Executing OkObjectResult, writing value of type '<>f__AnonymousType0`1[[System.Int32, System.Private.CoreLib, Version=8.0.0.0, Culture=neutral, PublicKeyToken=7cec85d7bea7798e]]'.
info: Microsoft.AspNetCore.Mvc.Infrastructure.ControllerActionInvoker[105]
      Executed action RandomNumberApi.Controllers.RandomController.Get (RandomNumberApi) in 0.1055ms
info: Microsoft.AspNetCore.Routing.EndpointMiddleware[1]
      Executed endpoint 'RandomNumberApi.Controllers.RandomController.Get (RandomNumberApi)'
info: Microsoft.AspNetCore.Hosting.Diagnostics[2]
      Request finished HTTP/1.1 GET http://localhost:5000/api/random - 200 - application/json;+charset=utf-8 0.2790ms
info: Microsoft.AspNetCore.Hosting.Diagnostics[1]
      Request starting HTTP/1.1 GET http://localhost:5000/api/random - - -
info: Microsoft.AspNetCore.Routing.EndpointMiddleware[0]
      Executing endpoint 'RandomNumberApi.Controllers.RandomController.Get (RandomNumberApi)'
info: Microsoft.AspNetCore.Mvc.Infrastructure.ControllerActionInvoker[102]
      Route matched with {action = "Get", controller = "Random"}. Executing controller action with signature Microsoft.AspNetCore.Mvc.IActionResult Get() on controller RandomNumberApi.Controllers.RandomController (RandomNumberApi).
info: Microsoft.AspNetCore.Mvc.Infrastructure.ObjectResultExecutor[1]
      Executing OkObjectResult, writing value of type '<>f__AnonymousType0`1[[System.Int32, System.Private.CoreLib, Version=8.0.0.0, Culture=neutral, PublicKeyToken=7cec85d7bea7798e]]'.
info: Microsoft.AspNetCore.Mvc.Infrastructure.ControllerActionInvoker[105]
      Executed action RandomNumberApi.Controllers.RandomController.Get (RandomNumberApi) in 0.0836ms
info: Microsoft.AspNetCore.Routing.EndpointMiddleware[1]
      Executed endpoint 'RandomNumberApi.Controllers.RandomController.Get (RandomNumberApi)'
info: Microsoft.AspNetCore.Hosting.Diagnostics[2]
      Request finished HTTP/1.1 GET http://localhost:5000/api/random - 200 - application/json;+charset=utf-8 0.2483ms
info: Microsoft.AspNetCore.Hosting.Diagnostics[1]
      Request starting HTTP/1.1 GET http://localhost:5000/api/random - - -
info: Microsoft.AspNetCore.Routing.EndpointMiddleware[0]
      Executing endpoint 'RandomNumberApi.Controllers.RandomController.Get (RandomNumberApi)'
info: Microsoft.AspNetCore.Mvc.Infrastructure.ControllerActionInvoker[102]
      Route matched with {action = "Get", controller = "Random"}. Executing controller action with signature Microsoft.AspNetCore.Mvc.IActionResult Get() on controller RandomNumberApi.Controllers.RandomController (RandomNumberApi).
info: Microsoft.AspNetCore.Mvc.Infrastructure.ObjectResultExecutor[1]
      Executing OkObjectResult, writing value of type '<>f__AnonymousType0`1[[System.Int32, System.Private.CoreLib, Version=8.0.0.0, Culture=neutral, PublicKeyToken=7cec85d7bea7798e]]'.
info: Microsoft.AspNetCore.Mvc.Infrastructure.ControllerActionInvoker[105]
      Executed action RandomNumberApi.Controllers.RandomController.Get (RandomNumberApi) in 0.1122ms
info: Microsoft.AspNetCore.Routing.EndpointMiddleware[1]
      Executed endpoint 'RandomNumberApi.Controllers.RandomController.Get (RandomNumberApi)'
info: Microsoft.AspNetCore.Hosting.Diagnostics[2]
      Request finished HTTP/1.1 GET http://localhost:5000/api/random - 200 - application/json;+charset=utf-8 0.3450ms
info: Microsoft.AspNetCore.Hosting.Diagnostics[1]
      Request starting HTTP/1.1 GET http://localhost:5000/api/random - - -
info: Microsoft.AspNetCore.Routing.EndpointMiddleware[0]
      Executing endpoint 'RandomNumberApi.Controllers.RandomController.Get (RandomNumberApi)'
info: Microsoft.AspNetCore.Mvc.Infrastructure.ControllerActionInvoker[102]
      Route matched with {action = "Get", controller = "Random"}. Executing controller action with signature Microsoft.AspNetCore.Mvc.IActionResult Get() on controller RandomNumberApi.Controllers.RandomController (RandomNumberApi).
info: Microsoft.AspNetCore.Mvc.Infrastructure.ObjectResultExecutor[1]
      Executing OkObjectResult, writing value of type '<>f__AnonymousType0`1[[System.Int32, System.Private.CoreLib, Version=8.0.0.0, Culture=neutral, PublicKeyToken=7cec85d7bea7798e]]'.
info: Microsoft.AspNetCore.Mvc.Infrastructure.ControllerActionInvoker[105]
      Executed action RandomNumberApi.Controllers.RandomController.Get (RandomNumberApi) in 0.0947ms
info: Microsoft.AspNetCore.Routing.EndpointMiddleware[1]
      Executed endpoint 'RandomNumberApi.Controllers.RandomController.Get (RandomNumberApi)'
info: Microsoft.AspNetCore.Hosting.Diagnostics[2]
      Request finished HTTP/1.1 GET http://localhost:5000/api/random - 200 - application/json;+charset=utf-8 0.2522ms
info: Microsoft.AspNetCore.Hosting.Diagnostics[1]
      Request starting HTTP/1.1 GET http://localhost:5000/api/random - - -
info: Microsoft.AspNetCore.Routing.EndpointMiddleware[0]
      Executing endpoint 'RandomNumberApi.Controllers.RandomController.Get (RandomNumberApi)'
info: Microsoft.AspNetCore.Mvc.Infrastructure.ControllerActionInvoker[102]
      Route matched with {action = "Get", controller = "Random"}. Executing controller action with signature Microsoft.AspNetCore.Mvc.IActionResult Get() on controller RandomNumberApi.Controllers.RandomController (RandomNumberApi).
info: Microsoft.AspNetCore.Mvc.Infrastructure.ObjectResultExecutor[1]
      Executing OkObjectResult, writing value of type '<>f__AnonymousType0`1[[System.Int32, System.Private.CoreLib, Version=8.0.0.0, Culture=neutral, PublicKeyToken=7cec85d7bea7798e]]'.
info: Microsoft.AspNetCore.Mvc.Infrastructure.ControllerActionInvoker[105]
      Executed action RandomNumberApi.Controllers.RandomController.Get (RandomNumberApi) in 0.0933ms
info: Microsoft.AspNetCore.Routing.EndpointMiddleware[1]
      Executed endpoint 'RandomNumberApi.Controllers.RandomController.Get (RandomNumberApi)'
info: Microsoft.AspNetCore.Hosting.Diagnostics[2]
      Request finished HTTP/1.1 GET http://localhost:5000/api/random - 200 - application/json;+charset=utf-8 0.2727ms
info: Microsoft.AspNetCore.Hosting.Diagnostics[1]
      Request starting HTTP/1.1 GET http://localhost:5000/api/random - - -
info: Microsoft.AspNetCore.Routing.EndpointMiddleware[0]
      Executing endpoint 'RandomNumberApi.Controllers.RandomController.Get (RandomNumberApi)'
info: Microsoft.AspNetCore.Mvc.Infrastructure.ControllerActionInvoker[102]
      Route matched with {action = "Get", controller = "Random"}. Executing controller action with signature Microsoft.AspNetCore.Mvc.IActionResult Get() on controller RandomNumberApi.Controllers.RandomController (RandomNumberApi).
info: Microsoft.AspNetCore.Mvc.Infrastructure.ObjectResultExecutor[1]
      Executing OkObjectResult, writing value of type '<>f__AnonymousType0`1[[System.Int32, System.Private.CoreLib, Version=8.0.0.0, Culture=neutral, PublicKeyToken=7cec85d7bea7798e]]'.
info: Microsoft.AspNetCore.Mvc.Infrastructure.ControllerActionInvoker[105]
      Executed action RandomNumberApi.Controllers.RandomController.Get (RandomNumberApi) in 0.0789ms
info: Microsoft.AspNetCore.Routing.EndpointMiddleware[1]
      Executed endpoint 'RandomNumberApi.Controllers.RandomController.Get (RandomNumberApi)'
info: Microsoft.AspNetCore.Hosting.Diagnostics[2]
      Request finished HTTP/1.1 GET http://localhost:5000/api/random - 200 - application/json;+charset=utf-8 0.2726ms
info: Microsoft.AspNetCore.Hosting.Diagnostics[1]
      Request starting HTTP/1.1 GET http://localhost:5000/api/random - - -
info: Microsoft.AspNetCore.Routing.EndpointMiddleware[0]
      Executing endpoint 'RandomNumberApi.Controllers.RandomController.Get (RandomNumberApi)'
info: Microsoft.AspNetCore.Mvc.Infrastructure.ControllerActionInvoker[102]
      Route matched with {action = "Get", controller = "Random"}. Executing controller action with signature Microsoft.AspNetCore.Mvc.IActionResult Get() on controller RandomNumberApi.Controllers.RandomController (RandomNumberApi).
info: Microsoft.AspNetCore.Mvc.Infrastructure.ObjectResultExecutor[1]
      Executing OkObjectResult, writing value of type '<>f__AnonymousType0`1[[System.Int32, System.Private.CoreLib, Version=8.0.0.0, Culture=neutral, PublicKeyToken=7cec85d7bea7798e]]'.
info: Microsoft.AspNetCore.Mvc.Infrastructure.ControllerActionInvoker[105]
      Executed action RandomNumberApi.Controllers.RandomController.Get (RandomNumberApi) in 0.1178ms
info: Microsoft.AspNetCore.Routing.EndpointMiddleware[1]
      Executed endpoint 'RandomNumberApi.Controllers.RandomController.Get (RandomNumberApi)'
info: Microsoft.AspNetCore.Hosting.Diagnostics[2]
      Request finished HTTP/1.1 GET http://localhost:5000/api/random - 200 - application/json;+charset=utf-8 0.2917ms
info: Microsoft.AspNetCore.Hosting.Diagnostics[1]
      Request starting HTTP/1.1 GET http://localhost:5000/api/random - - -
info: Microsoft.AspNetCore.Routing.EndpointMiddleware[0]
      Executing endpoint 'RandomNumberApi.Controllers.RandomController.Get (RandomNumberApi)'
info: Microsoft.AspNetCore.Mvc.Infrastructure.ControllerActionInvoker[102]
      Route matched with {action = "Get", controller = "Random"}. Executing controller action with signature Microsoft.AspNetCore.Mvc.IActionResult Get() on controller RandomNumberApi.Controllers.RandomController (RandomNumberApi).
info: Microsoft.AspNetCore.Mvc.Infrastructure.ObjectResultExecutor[1]
      Executing OkObjectResult, writing value of type '<>f__AnonymousType0`1[[System.Int32, System.Private.CoreLib, Version=8.0.0.0, Culture=neutral, PublicKeyToken=7cec85d7bea7798e]]'.
info: Microsoft.AspNetCore.Mvc.Infrastructure.ControllerActionInvoker[105]
      Executed action RandomNumberApi.Controllers.RandomController.Get (RandomNumberApi) in 0.085ms
info: Microsoft.AspNetCore.Routing.EndpointMiddleware[1]
      Executed endpoint 'RandomNumberApi.Controllers.RandomController.Get (RandomNumberApi)'
info: Microsoft.AspNetCore.Hosting.Diagnostics[2]
      Request finished HTTP/1.1 GET http://localhost:5000/api/random - 200 - application/json;+charset=utf-8 0.2586ms
info: Microsoft.AspNetCore.Hosting.Diagnostics[1]
      Request starting HTTP/1.1 GET http://localhost:5000/api/random - - -
info: Microsoft.AspNetCore.Routing.EndpointMiddleware[0]
      Executing endpoint 'RandomNumberApi.Controllers.RandomController.Get (RandomNumberApi)'
info: Microsoft.AspNetCore.Mvc.Infrastructure.ControllerActionInvoker[102]
      Route matched with {action = "Get", controller = "Random"}. Executing controller action with signature Microsoft.AspNetCore.Mvc.IActionResult Get() on controller RandomNumberApi.Controllers.RandomController (RandomNumberApi).
info: Microsoft.AspNetCore.Mvc.Infrastructure.ObjectResultExecutor[1]
      Executing OkObjectResult, writing value of type '<>f__AnonymousType0`1[[System.Int32, System.Private.CoreLib, Version=8.0.0.0, Culture=neutral, PublicKeyToken=7cec85d7bea7798e]]'.
info: Microsoft.AspNetCore.Mvc.Infrastructure.ControllerActionInvoker[105]
      Executed action RandomNumberApi.Controllers.RandomController.Get (RandomNumberApi) in 0.1004ms
info: Microsoft.AspNetCore.Routing.EndpointMiddleware[1]
      Executed endpoint 'RandomNumberApi.Controllers.RandomController.Get (RandomNumberApi)'
info: Microsoft.AspNetCore.Hosting.Diagnostics[2]
      Request finished HTTP/1.1 GET http://localhost:5000/api/random - 200 - application/json;+charset=utf-8 0.2783ms
info: Microsoft.AspNetCore.Hosting.Diagnostics[1]
      Request starting HTTP/1.1 GET http://localhost:5000/api/random - - -
info: Microsoft.AspNetCore.Routing.EndpointMiddleware[0]
      Executing endpoint 'RandomNumberApi.Controllers.RandomController.Get (RandomNumberApi)'
info: Microsoft.AspNetCore.Mvc.Infrastructure.ControllerActionInvoker[102]
      Route matched with {action = "Get", controller = "Random"}. Executing controller action with signature Microsoft.AspNetCore.Mvc.IActionResult Get() on controller RandomNumberApi.Controllers.RandomController (RandomNumberApi).
info: Microsoft.AspNetCore.Mvc.Infrastructure.ObjectResultExecutor[1]
      Executing OkObjectResult, writing value of type '<>f__AnonymousType0`1[[System.Int32, System.Private.CoreLib, Version=8.0.0.0, Culture=neutral, PublicKeyToken=7cec85d7bea7798e]]'.
info: Microsoft.AspNetCore.Mvc.Infrastructure.ControllerActionInvoker[105]
      Executed action RandomNumberApi.Controllers.RandomController.Get (RandomNumberApi) in 0.0941ms
info: Microsoft.AspNetCore.Routing.EndpointMiddleware[1]
      Executed endpoint 'RandomNumberApi.Controllers.RandomController.Get (RandomNumberApi)'
info: Microsoft.AspNetCore.Hosting.Diagnostics[2]
      Request finished HTTP/1.1 GET http://localhost:5000/api/random - 200 - application/json;+charset=utf-8 0.2945ms
info: Microsoft.AspNetCore.Hosting.Diagnostics[1]
      Request starting HTTP/1.1 GET http://localhost:5000/api/random - - -
info: Microsoft.AspNetCore.Routing.EndpointMiddleware[0]
      Executing endpoint 'RandomNumberApi.Controllers.RandomController.Get (RandomNumberApi)'
info: Microsoft.AspNetCore.Mvc.Infrastructure.ControllerActionInvoker[102]
      Route matched with {action = "Get", controller = "Random"}. Executing controller action with signature Microsoft.AspNetCore.Mvc.IActionResult Get() on controller RandomNumberApi.Controllers.RandomController (RandomNumberApi).
info: Microsoft.AspNetCore.Mvc.Infrastructure.ObjectResultExecutor[1]
      Executing OkObjectResult, writing value of type '<>f__AnonymousType0`1[[System.Int32, System.Private.CoreLib, Version=8.0.0.0, Culture=neutral, PublicKeyToken=7cec85d7bea7798e]]'.
info: Microsoft.AspNetCore.Mvc.Infrastructure.ControllerActionInvoker[105]
      Executed action RandomNumberApi.Controllers.RandomController.Get (RandomNumberApi) in 0.094ms
info: Microsoft.AspNetCore.Routing.EndpointMiddleware[1]
      Executed endpoint 'RandomNumberApi.Controllers.RandomController.Get (RandomNumberApi)'
info: Microsoft.AspNetCore.Hosting.Diagnostics[2]
      Request finished HTTP/1.1 GET http://localhost:5000/api/random - 200 - application/json;+charset=utf-8 0.2674ms
info: Microsoft.AspNetCore.Hosting.Diagnostics[1]
      Request starting HTTP/1.1 GET http://localhost:5000/api/random - - -
info: Microsoft.AspNetCore.Routing.EndpointMiddleware[0]
      Executing endpoint 'RandomNumberApi.Controllers.RandomController.Get (RandomNumberApi)'
info: Microsoft.AspNetCore.Mvc.Infrastructure.ControllerActionInvoker[102]
      Route matched with {action = "Get", controller = "Random"}. Executing controller action with signature Microsoft.AspNetCore.Mvc.IActionResult Get() on controller RandomNumberApi.Controllers.RandomController (RandomNumberApi).
info: Microsoft.AspNetCore.Mvc.Infrastructure.ObjectResultExecutor[1]
      Executing OkObjectResult, writing value of type '<>f__AnonymousType0`1[[System.Int32, System.Private.CoreLib, Version=8.0.0.0, Culture=neutral, PublicKeyToken=7cec85d7bea7798e]]'.
info: Microsoft.AspNetCore.Mvc.Infrastructure.ControllerActionInvoker[105]
      Executed action RandomNumberApi.Controllers.RandomController.Get (RandomNumberApi) in 0.0936ms
info: Microsoft.AspNetCore.Routing.EndpointMiddleware[1]
      Executed endpoint 'RandomNumberApi.Controllers.RandomController.Get (RandomNumberApi)'
info: Microsoft.AspNetCore.Hosting.Diagnostics[2]
      Request finished HTTP/1.1 GET http://localhost:5000/api/random - 200 - application/json;+charset=utf-8 0.3197ms
info: Microsoft.AspNetCore.Hosting.Diagnostics[1]
      Request starting HTTP/1.1 GET http://localhost:5000/api/random - - -
info: Microsoft.AspNetCore.Routing.EndpointMiddleware[0]
      Executing endpoint 'RandomNumberApi.Controllers.RandomController.Get (RandomNumberApi)'
info: Microsoft.AspNetCore.Mvc.Infrastructure.ControllerActionInvoker[102]
      Route matched with {action = "Get", controller = "Random"}. Executing controller action with signature Microsoft.AspNetCore.Mvc.IActionResult Get() on controller RandomNumberApi.Controllers.RandomController (RandomNumberApi).
info: Microsoft.AspNetCore.Mvc.Infrastructure.ObjectResultExecutor[1]
      Executing OkObjectResult, writing value of type '<>f__AnonymousType0`1[[System.Int32, System.Private.CoreLib, Version=8.0.0.0, Culture=neutral, PublicKeyToken=7cec85d7bea7798e]]'.
info: Microsoft.AspNetCore.Mvc.Infrastructure.ControllerActionInvoker[105]
      Executed action RandomNumberApi.Controllers.RandomController.Get (RandomNumberApi) in 0.431ms
info: Microsoft.AspNetCore.Routing.EndpointMiddleware[1]
      Executed endpoint 'RandomNumberApi.Controllers.RandomController.Get (RandomNumberApi)'
info: Microsoft.AspNetCore.Hosting.Diagnostics[2]
      Request finished HTTP/1.1 GET http://localhost:5000/api/random - 200 - application/json;+charset=utf-8 0.6483ms
info: Microsoft.AspNetCore.Hosting.Diagnostics[1]
      Request starting HTTP/1.1 GET http://localhost:5000/api/random - - -
info: Microsoft.AspNetCore.Routing.EndpointMiddleware[0]
      Executing endpoint 'RandomNumberApi.Controllers.RandomController.Get (RandomNumberApi)'
info: Microsoft.AspNetCore.Mvc.Infrastructure.ControllerActionInvoker[102]
      Route matched with {action = "Get", controller = "Random"}. Executing controller action with signature Microsoft.AspNetCore.Mvc.IActionResult Get() on controller RandomNumberApi.Controllers.RandomController (RandomNumberApi).
info: Microsoft.AspNetCore.Mvc.Infrastructure.ObjectResultExecutor[1]
      Executing OkObjectResult, writing value of type '<>f__AnonymousType0`1[[System.Int32, System.Private.CoreLib, Version=8.0.0.0, Culture=neutral, PublicKeyToken=7cec85d7bea7798e]]'.
info: Microsoft.AspNetCore.Mvc.Infrastructure.ControllerActionInvoker[105]
      Executed action RandomNumberApi.Controllers.RandomController.Get (RandomNumberApi) in 0.1118ms
info: Microsoft.AspNetCore.Routing.EndpointMiddleware[1]
      Executed endpoint 'RandomNumberApi.Controllers.RandomController.Get (RandomNumberApi)'
info: Microsoft.AspNetCore.Hosting.Diagnostics[2]
      Request finished HTTP/1.1 GET http://localhost:5000/api/random - 200 - application/json;+charset=utf-8 0.3681ms
info: Microsoft.AspNetCore.Hosting.Diagnostics[1]
      Request starting HTTP/1.1 GET http://localhost:5000/api/random - - -
info: Microsoft.AspNetCore.Routing.EndpointMiddleware[0]
      Executing endpoint 'RandomNumberApi.Controllers.RandomController.Get (RandomNumberApi)'
info: Microsoft.AspNetCore.Mvc.Infrastructure.ControllerActionInvoker[102]
      Route matched with {action = "Get", controller = "Random"}. Executing controller action with signature Microsoft.AspNetCore.Mvc.IActionResult Get() on controller RandomNumberApi.Controllers.RandomController (RandomNumberApi).
info: Microsoft.AspNetCore.Mvc.Infrastructure.ObjectResultExecutor[1]
      Executing OkObjectResult, writing value of type '<>f__AnonymousType0`1[[System.Int32, System.Private.CoreLib, Version=8.0.0.0, Culture=neutral, PublicKeyToken=7cec85d7bea7798e]]'.
info: Microsoft.AspNetCore.Mvc.Infrastructure.ControllerActionInvoker[105]
      Executed action RandomNumberApi.Controllers.RandomController.Get (RandomNumberApi) in 0.0648ms
info: Microsoft.AspNetCore.Routing.EndpointMiddleware[1]
      Executed endpoint 'RandomNumberApi.Controllers.RandomController.Get (RandomNumberApi)'
info: Microsoft.AspNetCore.Hosting.Diagnostics[2]
      Request finished HTTP/1.1 GET http://localhost:5000/api/random - 200 - application/json;+charset=utf-8 0.1999ms
info: Microsoft.AspNetCore.Hosting.Diagnostics[1]
      Request starting HTTP/1.1 GET http://localhost:5000/api/random - - -
info: Microsoft.AspNetCore.Routing.EndpointMiddleware[0]
      Executing endpoint 'RandomNumberApi.Controllers.RandomController.Get (RandomNumberApi)'
info: Microsoft.AspNetCore.Mvc.Infrastructure.ControllerActionInvoker[102]
      Route matched with {action = "Get", controller = "Random"}. Executing controller action with signature Microsoft.AspNetCore.Mvc.IActionResult Get() on controller RandomNumberApi.Controllers.RandomController (RandomNumberApi).
info: Microsoft.AspNetCore.Mvc.Infrastructure.ObjectResultExecutor[1]
      Executing OkObjectResult, writing value of type '<>f__AnonymousType0`1[[System.Int32, System.Private.CoreLib, Version=8.0.0.0, Culture=neutral, PublicKeyToken=7cec85d7bea7798e]]'.
info: Microsoft.AspNetCore.Mvc.Infrastructure.ControllerActionInvoker[105]
      Executed action RandomNumberApi.Controllers.RandomController.Get (RandomNumberApi) in 0.0859ms
info: Microsoft.AspNetCore.Routing.EndpointMiddleware[1]
      Executed endpoint 'RandomNumberApi.Controllers.RandomController.Get (RandomNumberApi)'
info: Microsoft.AspNetCore.Hosting.Diagnostics[2]
      Request finished HTTP/1.1 GET http://localhost:5000/api/random - 200 - application/json;+charset=utf-8 0.2624ms
info: Microsoft.AspNetCore.Hosting.Diagnostics[1]
      Request starting HTTP/1.1 GET http://localhost:5000/api/random - - -
info: Microsoft.AspNetCore.Routing.EndpointMiddleware[0]
      Executing endpoint 'RandomNumberApi.Controllers.RandomController.Get (RandomNumberApi)'
info: Microsoft.AspNetCore.Mvc.Infrastructure.ControllerActionInvoker[102]
      Route matched with {action = "Get", controller = "Random"}. Executing controller action with signature Microsoft.AspNetCore.Mvc.IActionResult Get() on controller RandomNumberApi.Controllers.RandomController (RandomNumberApi).
info: Microsoft.AspNetCore.Mvc.Infrastructure.ObjectResultExecutor[1]
      Executing OkObjectResult, writing value of type '<>f__AnonymousType0`1[[System.Int32, System.Private.CoreLib, Version=8.0.0.0, Culture=neutral, PublicKeyToken=7cec85d7bea7798e]]'.
info: Microsoft.AspNetCore.Mvc.Infrastructure.ControllerActionInvoker[105]
      Executed action RandomNumberApi.Controllers.RandomController.Get (RandomNumberApi) in 0.0726ms
info: Microsoft.AspNetCore.Routing.EndpointMiddleware[1]
      Executed endpoint 'RandomNumberApi.Controllers.RandomController.Get (RandomNumberApi)'
info: Microsoft.AspNetCore.Hosting.Diagnostics[2]
      Request finished HTTP/1.1 GET http://localhost:5000/api/random - 200 - application/json;+charset=utf-8 0.2317ms
info: Microsoft.AspNetCore.Hosting.Diagnostics[1]
      Request starting HTTP/1.1 GET http://localhost:5000/api/random - - -
info: Microsoft.AspNetCore.Routing.EndpointMiddleware[0]
      Executing endpoint 'RandomNumberApi.Controllers.RandomController.Get (RandomNumberApi)'
info: Microsoft.AspNetCore.Mvc.Infrastructure.ControllerActionInvoker[102]
      Route matched with {action = "Get", controller = "Random"}. Executing controller action with signature Microsoft.AspNetCore.Mvc.IActionResult Get() on controller RandomNumberApi.Controllers.RandomController (RandomNumberApi).
info: Microsoft.AspNetCore.Mvc.Infrastructure.ObjectResultExecutor[1]
      Executing OkObjectResult, writing value of type '<>f__AnonymousType0`1[[System.Int32, System.Private.CoreLib, Version=8.0.0.0, Culture=neutral, PublicKeyToken=7cec85d7bea7798e]]'.
info: Microsoft.AspNetCore.Mvc.Infrastructure.ControllerActionInvoker[105]
      Executed action RandomNumberApi.Controllers.RandomController.Get (RandomNumberApi) in 0.1111ms
info: Microsoft.AspNetCore.Routing.EndpointMiddleware[1]
      Executed endpoint 'RandomNumberApi.Controllers.RandomController.Get (RandomNumberApi)'
info: Microsoft.AspNetCore.Hosting.Diagnostics[2]
      Request finished HTTP/1.1 GET http://localhost:5000/api/random - 200 - application/json;+charset=utf-8 0.3471ms
info: Microsoft.AspNetCore.Hosting.Diagnostics[1]
      Request starting HTTP/1.1 GET http://localhost:5000/api/random - - -
info: Microsoft.AspNetCore.Routing.EndpointMiddleware[0]
      Executing endpoint 'RandomNumberApi.Controllers.RandomController.Get (RandomNumberApi)'
info: Microsoft.AspNetCore.Mvc.Infrastructure.ControllerActionInvoker[102]
      Route matched with {action = "Get", controller = "Random"}. Executing controller action with signature Microsoft.AspNetCore.Mvc.IActionResult Get() on controller RandomNumberApi.Controllers.RandomController (RandomNumberApi).
info: Microsoft.AspNetCore.Mvc.Infrastructure.ObjectResultExecutor[1]
      Executing OkObjectResult, writing value of type '<>f__AnonymousType0`1[[System.Int32, System.Private.CoreLib, Version=8.0.0.0, Culture=neutral, PublicKeyToken=7cec85d7bea7798e]]'.
info: Microsoft.AspNetCore.Mvc.Infrastructure.ControllerActionInvoker[105]
      Executed action RandomNumberApi.Controllers.RandomController.Get (RandomNumberApi) in 0.107ms
info: Microsoft.AspNetCore.Routing.EndpointMiddleware[1]
      Executed endpoint 'RandomNumberApi.Controllers.RandomController.Get (RandomNumberApi)'
info: Microsoft.AspNetCore.Hosting.Diagnostics[2]
      Request finished HTTP/1.1 GET http://localhost:5000/api/random - 200 - application/json;+charset=utf-8 0.3190ms
info: Microsoft.AspNetCore.Hosting.Diagnostics[1]
      Request starting HTTP/1.1 GET http://localhost:5000/api/random - - -
info: Microsoft.AspNetCore.Routing.EndpointMiddleware[0]
      Executing endpoint 'RandomNumberApi.Controllers.RandomController.Get (RandomNumberApi)'
info: Microsoft.AspNetCore.Mvc.Infrastructure.ControllerActionInvoker[102]
      Route matched with {action = "Get", controller = "Random"}. Executing controller action with signature Microsoft.AspNetCore.Mvc.IActionResult Get() on controller RandomNumberApi.Controllers.RandomController (RandomNumberApi).
info: Microsoft.AspNetCore.Mvc.Infrastructure.ObjectResultExecutor[1]
      Executing OkObjectResult, writing value of type '<>f__AnonymousType0`1[[System.Int32, System.Private.CoreLib, Version=8.0.0.0, Culture=neutral, PublicKeyToken=7cec85d7bea7798e]]'.
info: Microsoft.AspNetCore.Mvc.Infrastructure.ControllerActionInvoker[105]
      Executed action RandomNumberApi.Controllers.RandomController.Get (RandomNumberApi) in 0.0863ms
info: Microsoft.AspNetCore.Routing.EndpointMiddleware[1]
      Executed endpoint 'RandomNumberApi.Controllers.RandomController.Get (RandomNumberApi)'
info: Microsoft.AspNetCore.Hosting.Diagnostics[2]
      Request finished HTTP/1.1 GET http://localhost:5000/api/random - 200 - application/json;+charset=utf-8 0.3062ms
info: Microsoft.AspNetCore.Hosting.Diagnostics[1]
      Request starting HTTP/1.1 GET http://localhost:5000/api/random - - -
info: Microsoft.AspNetCore.Routing.EndpointMiddleware[0]
      Executing endpoint 'RandomNumberApi.Controllers.RandomController.Get (RandomNumberApi)'
info: Microsoft.AspNetCore.Mvc.Infrastructure.ControllerActionInvoker[102]
      Route matched with {action = "Get", controller = "Random"}. Executing controller action with signature Microsoft.AspNetCore.Mvc.IActionResult Get() on controller RandomNumberApi.Controllers.RandomController (RandomNumberApi).
info: Microsoft.AspNetCore.Mvc.Infrastructure.ObjectResultExecutor[1]
      Executing OkObjectResult, writing value of type '<>f__AnonymousType0`1[[System.Int32, System.Private.CoreLib, Version=8.0.0.0, Culture=neutral, PublicKeyToken=7cec85d7bea7798e]]'.
info: Microsoft.AspNetCore.Mvc.Infrastructure.ControllerActionInvoker[105]
      Executed action RandomNumberApi.Controllers.RandomController.Get (RandomNumberApi) in 0.0655ms
info: Microsoft.AspNetCore.Routing.EndpointMiddleware[1]
      Executed endpoint 'RandomNumberApi.Controllers.RandomController.Get (RandomNumberApi)'
info: Microsoft.AspNetCore.Hosting.Diagnostics[2]
      Request finished HTTP/1.1 GET http://localhost:5000/api/random - 200 - application/json;+charset=utf-8 0.1954ms
info: Microsoft.AspNetCore.Hosting.Diagnostics[1]
      Request starting HTTP/1.1 GET http://localhost:5000/api/random - - -
info: Microsoft.AspNetCore.Routing.EndpointMiddleware[0]
      Executing endpoint 'RandomNumberApi.Controllers.RandomController.Get (RandomNumberApi)'
info: Microsoft.AspNetCore.Mvc.Infrastructure.ControllerActionInvoker[102]
      Route matched with {action = "Get", controller = "Random"}. Executing controller action with signature Microsoft.AspNetCore.Mvc.IActionResult Get() on controller RandomNumberApi.Controllers.RandomController (RandomNumberApi).
info: Microsoft.AspNetCore.Mvc.Infrastructure.ObjectResultExecutor[1]
      Executing OkObjectResult, writing value of type '<>f__AnonymousType0`1[[System.Int32, System.Private.CoreLib, Version=8.0.0.0, Culture=neutral, PublicKeyToken=7cec85d7bea7798e]]'.
info: Microsoft.AspNetCore.Mvc.Infrastructure.ControllerActionInvoker[105]
      Executed action RandomNumberApi.Controllers.RandomController.Get (RandomNumberApi) in 0.093ms
info: Microsoft.AspNetCore.Routing.EndpointMiddleware[1]
      Executed endpoint 'RandomNumberApi.Controllers.RandomController.Get (RandomNumberApi)'
info: Microsoft.AspNetCore.Hosting.Diagnostics[2]
      Request finished HTTP/1.1 GET http://localhost:5000/api/random - 200 - application/json;+charset=utf-8 0.2646ms
info: Microsoft.AspNetCore.Hosting.Diagnostics[1]
      Request starting HTTP/1.1 GET http://localhost:5000/api/random - - -
info: Microsoft.AspNetCore.Routing.EndpointMiddleware[0]
      Executing endpoint 'RandomNumberApi.Controllers.RandomController.Get (RandomNumberApi)'
info: Microsoft.AspNetCore.Mvc.Infrastructure.ControllerActionInvoker[102]
      Route matched with {action = "Get", controller = "Random"}. Executing controller action with signature Microsoft.AspNetCore.Mvc.IActionResult Get() on controller RandomNumberApi.Controllers.RandomController (RandomNumberApi).
info: Microsoft.AspNetCore.Mvc.Infrastructure.ObjectResultExecutor[1]
      Executing OkObjectResult, writing value of type '<>f__AnonymousType0`1[[System.Int32, System.Private.CoreLib, Version=8.0.0.0, Culture=neutral, PublicKeyToken=7cec85d7bea7798e]]'.
info: Microsoft.AspNetCore.Mvc.Infrastructure.ControllerActionInvoker[105]
      Executed action RandomNumberApi.Controllers.RandomController.Get (RandomNumberApi) in 0.1206ms
info: Microsoft.AspNetCore.Routing.EndpointMiddleware[1]
      Executed endpoint 'RandomNumberApi.Controllers.RandomController.Get (RandomNumberApi)'
info: Microsoft.AspNetCore.Hosting.Diagnostics[2]
      Request finished HTTP/1.1 GET http://localhost:5000/api/random - 200 - application/json;+charset=utf-8 0.3987ms
info: Microsoft.AspNetCore.Hosting.Diagnostics[1]
      Request starting HTTP/1.1 GET http://localhost:5000/api/random - - -
info: Microsoft.AspNetCore.Routing.EndpointMiddleware[0]
      Executing endpoint 'RandomNumberApi.Controllers.RandomController.Get (RandomNumberApi)'
info: Microsoft.AspNetCore.Mvc.Infrastructure.ControllerActionInvoker[102]
      Route matched with {action = "Get", controller = "Random"}. Executing controller action with signature Microsoft.AspNetCore.Mvc.IActionResult Get() on controller RandomNumberApi.Controllers.RandomController (RandomNumberApi).
info: Microsoft.AspNetCore.Mvc.Infrastructure.ObjectResultExecutor[1]
      Executing OkObjectResult, writing value of type '<>f__AnonymousType0`1[[System.Int32, System.Private.CoreLib, Version=8.0.0.0, Culture=neutral, PublicKeyToken=7cec85d7bea7798e]]'.
info: Microsoft.AspNetCore.Mvc.Infrastructure.ControllerActionInvoker[105]
      Executed action RandomNumberApi.Controllers.RandomController.Get (RandomNumberApi) in 0.0735ms
info: Microsoft.AspNetCore.Routing.EndpointMiddleware[1]
      Executed endpoint 'RandomNumberApi.Controllers.RandomController.Get (RandomNumberApi)'
info: Microsoft.AspNetCore.Hosting.Diagnostics[2]
      Request finished HTTP/1.1 GET http://localhost:5000/api/random - 200 - application/json;+charset=utf-8 0.1924ms
info: Microsoft.AspNetCore.Hosting.Diagnostics[1]
      Request starting HTTP/1.1 GET http://localhost:5000/api/random - - -
info: Microsoft.AspNetCore.Routing.EndpointMiddleware[0]
      Executing endpoint 'RandomNumberApi.Controllers.RandomController.Get (RandomNumberApi)'
info: Microsoft.AspNetCore.Mvc.Infrastructure.ControllerActionInvoker[102]
      Route matched with {action = "Get", controller = "Random"}. Executing controller action with signature Microsoft.AspNetCore.Mvc.IActionResult Get() on controller RandomNumberApi.Controllers.RandomController (RandomNumberApi).
info: Microsoft.AspNetCore.Mvc.Infrastructure.ObjectResultExecutor[1]
      Executing OkObjectResult, writing value of type '<>f__AnonymousType0`1[[System.Int32, System.Private.CoreLib, Version=8.0.0.0, Culture=neutral, PublicKeyToken=7cec85d7bea7798e]]'.
info: Microsoft.AspNetCore.Mvc.Infrastructure.ControllerActionInvoker[105]
      Executed action RandomNumberApi.Controllers.RandomController.Get (RandomNumberApi) in 0.07ms
info: Microsoft.AspNetCore.Routing.EndpointMiddleware[1]
      Executed endpoint 'RandomNumberApi.Controllers.RandomController.Get (RandomNumberApi)'
info: Microsoft.AspNetCore.Hosting.Diagnostics[2]
      Request finished HTTP/1.1 GET http://localhost:5000/api/random - 200 - application/json;+charset=utf-8 0.1830ms
info: Microsoft.AspNetCore.Hosting.Diagnostics[1]
      Request starting HTTP/1.1 GET http://localhost:5000/api/random - - -
info: Microsoft.AspNetCore.Routing.EndpointMiddleware[0]
      Executing endpoint 'RandomNumberApi.Controllers.RandomController.Get (RandomNumberApi)'
info: Microsoft.AspNetCore.Mvc.Infrastructure.ControllerActionInvoker[102]
      Route matched with {action = "Get", controller = "Random"}. Executing controller action with signature Microsoft.AspNetCore.Mvc.IActionResult Get() on controller RandomNumberApi.Controllers.RandomController (RandomNumberApi).
info: Microsoft.AspNetCore.Mvc.Infrastructure.ObjectResultExecutor[1]
      Executing OkObjectResult, writing value of type '<>f__AnonymousType0`1[[System.Int32, System.Private.CoreLib, Version=8.0.0.0, Culture=neutral, PublicKeyToken=7cec85d7bea7798e]]'.
info: Microsoft.AspNetCore.Mvc.Infrastructure.ControllerActionInvoker[105]
      Executed action RandomNumberApi.Controllers.RandomController.Get (RandomNumberApi) in 0.1416ms
info: Microsoft.AspNetCore.Routing.EndpointMiddleware[1]
      Executed endpoint 'RandomNumberApi.Controllers.RandomController.Get (RandomNumberApi)'
info: Microsoft.AspNetCore.Hosting.Diagnostics[2]
      Request finished HTTP/1.1 GET http://localhost:5000/api/random - 200 - application/json;+charset=utf-8 0.3521ms
info: Microsoft.AspNetCore.Hosting.Diagnostics[1]
      Request starting HTTP/1.1 GET http://localhost:5000/api/random - - -
info: Microsoft.AspNetCore.Routing.EndpointMiddleware[0]
      Executing endpoint 'RandomNumberApi.Controllers.RandomController.Get (RandomNumberApi)'
info: Microsoft.AspNetCore.Mvc.Infrastructure.ControllerActionInvoker[102]
      Route matched with {action = "Get", controller = "Random"}. Executing controller action with signature Microsoft.AspNetCore.Mvc.IActionResult Get() on controller RandomNumberApi.Controllers.RandomController (RandomNumberApi).
info: Microsoft.AspNetCore.Mvc.Infrastructure.ObjectResultExecutor[1]
      Executing OkObjectResult, writing value of type '<>f__AnonymousType0`1[[System.Int32, System.Private.CoreLib, Version=8.0.0.0, Culture=neutral, PublicKeyToken=7cec85d7bea7798e]]'.
info: Microsoft.AspNetCore.Mvc.Infrastructure.ControllerActionInvoker[105]
      Executed action RandomNumberApi.Controllers.RandomController.Get (RandomNumberApi) in 0.086ms
info: Microsoft.AspNetCore.Routing.EndpointMiddleware[1]
      Executed endpoint 'RandomNumberApi.Controllers.RandomController.Get (RandomNumberApi)'
info: Microsoft.AspNetCore.Hosting.Diagnostics[2]
      Request finished HTTP/1.1 GET http://localhost:5000/api/random - 200 - application/json;+charset=utf-8 0.2488ms
info: Microsoft.AspNetCore.Hosting.Diagnostics[1]
      Request starting HTTP/1.1 GET http://localhost:5000/api/random - - -
info: Microsoft.AspNetCore.Routing.EndpointMiddleware[0]
      Executing endpoint 'RandomNumberApi.Controllers.RandomController.Get (RandomNumberApi)'
info: Microsoft.AspNetCore.Mvc.Infrastructure.ControllerActionInvoker[102]
      Route matched with {action = "Get", controller = "Random"}. Executing controller action with signature Microsoft.AspNetCore.Mvc.IActionResult Get() on controller RandomNumberApi.Controllers.RandomController (RandomNumberApi).
info: Microsoft.AspNetCore.Mvc.Infrastructure.ObjectResultExecutor[1]
      Executing OkObjectResult, writing value of type '<>f__AnonymousType0`1[[System.Int32, System.Private.CoreLib, Version=8.0.0.0, Culture=neutral, PublicKeyToken=7cec85d7bea7798e]]'.
info: Microsoft.AspNetCore.Mvc.Infrastructure.ControllerActionInvoker[105]
      Executed action RandomNumberApi.Controllers.RandomController.Get (RandomNumberApi) in 0.1029ms
info: Microsoft.AspNetCore.Routing.EndpointMiddleware[1]
      Executed endpoint 'RandomNumberApi.Controllers.RandomController.Get (RandomNumberApi)'
info: Microsoft.AspNetCore.Hosting.Diagnostics[2]
      Request finished HTTP/1.1 GET http://localhost:5000/api/random - 200 - application/json;+charset=utf-8 0.2884ms
info: Microsoft.AspNetCore.Hosting.Diagnostics[1]
      Request starting HTTP/1.1 GET http://localhost:5000/api/random - - -
info: Microsoft.AspNetCore.Routing.EndpointMiddleware[0]
      Executing endpoint 'RandomNumberApi.Controllers.RandomController.Get (RandomNumberApi)'
info: Microsoft.AspNetCore.Mvc.Infrastructure.ControllerActionInvoker[102]
      Route matched with {action = "Get", controller = "Random"}. Executing controller action with signature Microsoft.AspNetCore.Mvc.IActionResult Get() on controller RandomNumberApi.Controllers.RandomController (RandomNumberApi).
info: Microsoft.AspNetCore.Mvc.Infrastructure.ObjectResultExecutor[1]
      Executing OkObjectResult, writing value of type '<>f__AnonymousType0`1[[System.Int32, System.Private.CoreLib, Version=8.0.0.0, Culture=neutral, PublicKeyToken=7cec85d7bea7798e]]'.
info: Microsoft.AspNetCore.Mvc.Infrastructure.ControllerActionInvoker[105]
      Executed action RandomNumberApi.Controllers.RandomController.Get (RandomNumberApi) in 0.0586ms
info: Microsoft.AspNetCore.Routing.EndpointMiddleware[1]
      Executed endpoint 'RandomNumberApi.Controllers.RandomController.Get (RandomNumberApi)'
info: Microsoft.AspNetCore.Hosting.Diagnostics[2]
      Request finished HTTP/1.1 GET http://localhost:5000/api/random - 200 - application/json;+charset=utf-8 0.1937ms
info: Microsoft.AspNetCore.Hosting.Diagnostics[1]
      Request starting HTTP/1.1 GET http://localhost:5000/api/random - - -
info: Microsoft.AspNetCore.Routing.EndpointMiddleware[0]
      Executing endpoint 'RandomNumberApi.Controllers.RandomController.Get (RandomNumberApi)'
info: Microsoft.AspNetCore.Mvc.Infrastructure.ControllerActionInvoker[102]
      Route matched with {action = "Get", controller = "Random"}. Executing controller action with signature Microsoft.AspNetCore.Mvc.IActionResult Get() on controller RandomNumberApi.Controllers.RandomController (RandomNumberApi).
info: Microsoft.AspNetCore.Mvc.Infrastructure.ObjectResultExecutor[1]
      Executing OkObjectResult, writing value of type '<>f__AnonymousType0`1[[System.Int32, System.Private.CoreLib, Version=8.0.0.0, Culture=neutral, PublicKeyToken=7cec85d7bea7798e]]'.
info: Microsoft.AspNetCore.Mvc.Infrastructure.ControllerActionInvoker[105]
      Executed action RandomNumberApi.Controllers.RandomController.Get (RandomNumberApi) in 0.0783ms
info: Microsoft.AspNetCore.Routing.EndpointMiddleware[1]
      Executed endpoint 'RandomNumberApi.Controllers.RandomController.Get (RandomNumberApi)'
info: Microsoft.AspNetCore.Hosting.Diagnostics[2]
      Request finished HTTP/1.1 GET http://localhost:5000/api/random - 200 - application/json;+charset=utf-8 0.2826ms
info: Microsoft.AspNetCore.Hosting.Diagnostics[1]
      Request starting HTTP/1.1 GET http://localhost:5000/api/random - - -
info: Microsoft.AspNetCore.Routing.EndpointMiddleware[0]
      Executing endpoint 'RandomNumberApi.Controllers.RandomController.Get (RandomNumberApi)'
info: Microsoft.AspNetCore.Mvc.Infrastructure.ControllerActionInvoker[102]
      Route matched with {action = "Get", controller = "Random"}. Executing controller action with signature Microsoft.AspNetCore.Mvc.IActionResult Get() on controller RandomNumberApi.Controllers.RandomController (RandomNumberApi).
info: Microsoft.AspNetCore.Mvc.Infrastructure.ObjectResultExecutor[1]
      Executing OkObjectResult, writing value of type '<>f__AnonymousType0`1[[System.Int32, System.Private.CoreLib, Version=8.0.0.0, Culture=neutral, PublicKeyToken=7cec85d7bea7798e]]'.
info: Microsoft.AspNetCore.Mvc.Infrastructure.ControllerActionInvoker[105]
      Executed action RandomNumberApi.Controllers.RandomController.Get (RandomNumberApi) in 0.0656ms
info: Microsoft.AspNetCore.Routing.EndpointMiddleware[1]
      Executed endpoint 'RandomNumberApi.Controllers.RandomController.Get (RandomNumberApi)'
info: Microsoft.AspNetCore.Hosting.Diagnostics[2]
      Request finished HTTP/1.1 GET http://localhost:5000/api/random - 200 - application/json;+charset=utf-8 0.2695ms
info: Microsoft.AspNetCore.Hosting.Diagnostics[1]
      Request starting HTTP/1.1 GET http://localhost:5000/api/random - - -
info: Microsoft.AspNetCore.Routing.EndpointMiddleware[0]
      Executing endpoint 'RandomNumberApi.Controllers.RandomController.Get (RandomNumberApi)'
info: Microsoft.AspNetCore.Mvc.Infrastructure.ControllerActionInvoker[102]
      Route matched with {action = "Get", controller = "Random"}. Executing controller action with signature Microsoft.AspNetCore.Mvc.IActionResult Get() on controller RandomNumberApi.Controllers.RandomController (RandomNumberApi).
info: Microsoft.AspNetCore.Mvc.Infrastructure.ObjectResultExecutor[1]
      Executing OkObjectResult, writing value of type '<>f__AnonymousType0`1[[System.Int32, System.Private.CoreLib, Version=8.0.0.0, Culture=neutral, PublicKeyToken=7cec85d7bea7798e]]'.
info: Microsoft.AspNetCore.Mvc.Infrastructure.ControllerActionInvoker[105]
      Executed action RandomNumberApi.Controllers.RandomController.Get (RandomNumberApi) in 0.125ms
info: Microsoft.AspNetCore.Routing.EndpointMiddleware[1]
      Executed endpoint 'RandomNumberApi.Controllers.RandomController.Get (RandomNumberApi)'
info: Microsoft.AspNetCore.Hosting.Diagnostics[2]
      Request finished HTTP/1.1 GET http://localhost:5000/api/random - 200 - application/json;+charset=utf-8 0.3486ms
info: Microsoft.AspNetCore.Hosting.Diagnostics[1]
      Request starting HTTP/1.1 GET http://localhost:5000/api/random - - -
info: Microsoft.AspNetCore.Routing.EndpointMiddleware[0]
      Executing endpoint 'RandomNumberApi.Controllers.RandomController.Get (RandomNumberApi)'
info: Microsoft.AspNetCore.Mvc.Infrastructure.ControllerActionInvoker[102]
      Route matched with {action = "Get", controller = "Random"}. Executing controller action with signature Microsoft.AspNetCore.Mvc.IActionResult Get() on controller RandomNumberApi.Controllers.RandomController (RandomNumberApi).
info: Microsoft.AspNetCore.Mvc.Infrastructure.ObjectResultExecutor[1]
      Executing OkObjectResult, writing value of type '<>f__AnonymousType0`1[[System.Int32, System.Private.CoreLib, Version=8.0.0.0, Culture=neutral, PublicKeyToken=7cec85d7bea7798e]]'.
info: Microsoft.AspNetCore.Mvc.Infrastructure.ControllerActionInvoker[105]
      Executed action RandomNumberApi.Controllers.RandomController.Get (RandomNumberApi) in 0.1016ms
info: Microsoft.AspNetCore.Routing.EndpointMiddleware[1]
      Executed endpoint 'RandomNumberApi.Controllers.RandomController.Get (RandomNumberApi)'
info: Microsoft.AspNetCore.Hosting.Diagnostics[2]
      Request finished HTTP/1.1 GET http://localhost:5000/api/random - 200 - application/json;+charset=utf-8 0.2788ms
info: Microsoft.AspNetCore.Hosting.Diagnostics[1]
      Request starting HTTP/1.1 GET http://localhost:5000/api/random - - -
info: Microsoft.AspNetCore.Routing.EndpointMiddleware[0]
      Executing endpoint 'RandomNumberApi.Controllers.RandomController.Get (RandomNumberApi)'
info: Microsoft.AspNetCore.Mvc.Infrastructure.ControllerActionInvoker[102]
      Route matched with {action = "Get", controller = "Random"}. Executing controller action with signature Microsoft.AspNetCore.Mvc.IActionResult Get() on controller RandomNumberApi.Controllers.RandomController (RandomNumberApi).
info: Microsoft.AspNetCore.Mvc.Infrastructure.ObjectResultExecutor[1]
      Executing OkObjectResult, writing value of type '<>f__AnonymousType0`1[[System.Int32, System.Private.CoreLib, Version=8.0.0.0, Culture=neutral, PublicKeyToken=7cec85d7bea7798e]]'.
info: Microsoft.AspNetCore.Mvc.Infrastructure.ControllerActionInvoker[105]
      Executed action RandomNumberApi.Controllers.RandomController.Get (RandomNumberApi) in 0.1441ms
info: Microsoft.AspNetCore.Routing.EndpointMiddleware[1]
      Executed endpoint 'RandomNumberApi.Controllers.RandomController.Get (RandomNumberApi)'
info: Microsoft.AspNetCore.Hosting.Diagnostics[2]
      Request finished HTTP/1.1 GET http://localhost:5000/api/random - 200 - application/json;+charset=utf-8 0.4812ms
info: Microsoft.AspNetCore.Hosting.Diagnostics[1]
      Request starting HTTP/1.1 GET http://localhost:5000/api/random - - -
info: Microsoft.AspNetCore.Routing.EndpointMiddleware[0]
      Executing endpoint 'RandomNumberApi.Controllers.RandomController.Get (RandomNumberApi)'
info: Microsoft.AspNetCore.Mvc.Infrastructure.ControllerActionInvoker[102]
      Route matched with {action = "Get", controller = "Random"}. Executing controller action with signature Microsoft.AspNetCore.Mvc.IActionResult Get() on controller RandomNumberApi.Controllers.RandomController (RandomNumberApi).
info: Microsoft.AspNetCore.Mvc.Infrastructure.ObjectResultExecutor[1]
      Executing OkObjectResult, writing value of type '<>f__AnonymousType0`1[[System.Int32, System.Private.CoreLib, Version=8.0.0.0, Culture=neutral, PublicKeyToken=7cec85d7bea7798e]]'.
info: Microsoft.AspNetCore.Mvc.Infrastructure.ControllerActionInvoker[105]
      Executed action RandomNumberApi.Controllers.RandomController.Get (RandomNumberApi) in 0.0845ms
info: Microsoft.AspNetCore.Routing.EndpointMiddleware[1]
      Executed endpoint 'RandomNumberApi.Controllers.RandomController.Get (RandomNumberApi)'
info: Microsoft.AspNetCore.Hosting.Diagnostics[2]
      Request finished HTTP/1.1 GET http://localhost:5000/api/random - 200 - application/json;+charset=utf-8 0.2854ms
info: Microsoft.AspNetCore.Hosting.Diagnostics[1]
      Request starting HTTP/1.1 GET http://localhost:5000/api/random - - -
info: Microsoft.AspNetCore.Routing.EndpointMiddleware[0]
      Executing endpoint 'RandomNumberApi.Controllers.RandomController.Get (RandomNumberApi)'
info: Microsoft.AspNetCore.Mvc.Infrastructure.ControllerActionInvoker[102]
      Route matched with {action = "Get", controller = "Random"}. Executing controller action with signature Microsoft.AspNetCore.Mvc.IActionResult Get() on controller RandomNumberApi.Controllers.RandomController (RandomNumberApi).
info: Microsoft.AspNetCore.Mvc.Infrastructure.ObjectResultExecutor[1]
      Executing OkObjectResult, writing value of type '<>f__AnonymousType0`1[[System.Int32, System.Private.CoreLib, Version=8.0.0.0, Culture=neutral, PublicKeyToken=7cec85d7bea7798e]]'.
info: Microsoft.AspNetCore.Mvc.Infrastructure.ControllerActionInvoker[105]
      Executed action RandomNumberApi.Controllers.RandomController.Get (RandomNumberApi) in 0.1223ms
info: Microsoft.AspNetCore.Routing.EndpointMiddleware[1]
      Executed endpoint 'RandomNumberApi.Controllers.RandomController.Get (RandomNumberApi)'
info: Microsoft.AspNetCore.Hosting.Diagnostics[2]
      Request finished HTTP/1.1 GET http://localhost:5000/api/random - 200 - application/json;+charset=utf-8 0.3308ms
info: Microsoft.AspNetCore.Hosting.Diagnostics[1]
      Request starting HTTP/1.1 GET http://localhost:5000/api/random - - -
info: Microsoft.AspNetCore.Routing.EndpointMiddleware[0]
      Executing endpoint 'RandomNumberApi.Controllers.RandomController.Get (RandomNumberApi)'
info: Microsoft.AspNetCore.Mvc.Infrastructure.ControllerActionInvoker[102]
      Route matched with {action = "Get", controller = "Random"}. Executing controller action with signature Microsoft.AspNetCore.Mvc.IActionResult Get() on controller RandomNumberApi.Controllers.RandomController (RandomNumberApi).
info: Microsoft.AspNetCore.Mvc.Infrastructure.ObjectResultExecutor[1]
      Executing OkObjectResult, writing value of type '<>f__AnonymousType0`1[[System.Int32, System.Private.CoreLib, Version=8.0.0.0, Culture=neutral, PublicKeyToken=7cec85d7bea7798e]]'.
info: Microsoft.AspNetCore.Mvc.Infrastructure.ControllerActionInvoker[105]
      Executed action RandomNumberApi.Controllers.RandomController.Get (RandomNumberApi) in 0.0933ms
info: Microsoft.AspNetCore.Routing.EndpointMiddleware[1]
      Executed endpoint 'RandomNumberApi.Controllers.RandomController.Get (RandomNumberApi)'
info: Microsoft.AspNetCore.Hosting.Diagnostics[2]
      Request finished HTTP/1.1 GET http://localhost:5000/api/random - 200 - application/json;+charset=utf-8 0.2872ms
info: Microsoft.AspNetCore.Hosting.Diagnostics[1]
      Request starting HTTP/1.1 GET http://localhost:5000/api/random - - -
info: Microsoft.AspNetCore.Routing.EndpointMiddleware[0]
      Executing endpoint 'RandomNumberApi.Controllers.RandomController.Get (RandomNumberApi)'
info: Microsoft.AspNetCore.Mvc.Infrastructure.ControllerActionInvoker[102]
      Route matched with {action = "Get", controller = "Random"}. Executing controller action with signature Microsoft.AspNetCore.Mvc.IActionResult Get() on controller RandomNumberApi.Controllers.RandomController (RandomNumberApi).
info: Microsoft.AspNetCore.Mvc.Infrastructure.ObjectResultExecutor[1]
      Executing OkObjectResult, writing value of type '<>f__AnonymousType0`1[[System.Int32, System.Private.CoreLib, Version=8.0.0.0, Culture=neutral, PublicKeyToken=7cec85d7bea7798e]]'.
info: Microsoft.AspNetCore.Mvc.Infrastructure.ControllerActionInvoker[105]
      Executed action RandomNumberApi.Controllers.RandomController.Get (RandomNumberApi) in 0.1251ms
info: Microsoft.AspNetCore.Routing.EndpointMiddleware[1]
      Executed endpoint 'RandomNumberApi.Controllers.RandomController.Get (RandomNumberApi)'
info: Microsoft.AspNetCore.Hosting.Diagnostics[2]
      Request finished HTTP/1.1 GET http://localhost:5000/api/random - 200 - application/json;+charset=utf-8 0.4564ms
info: Microsoft.AspNetCore.Hosting.Diagnostics[1]
      Request starting HTTP/1.1 GET http://localhost:5000/api/random - - -
info: Microsoft.AspNetCore.Routing.EndpointMiddleware[0]
      Executing endpoint 'RandomNumberApi.Controllers.RandomController.Get (RandomNumberApi)'
info: Microsoft.AspNetCore.Mvc.Infrastructure.ControllerActionInvoker[102]
      Route matched with {action = "Get", controller = "Random"}. Executing controller action with signature Microsoft.AspNetCore.Mvc.IActionResult Get() on controller RandomNumberApi.Controllers.RandomController (RandomNumberApi).
info: Microsoft.AspNetCore.Mvc.Infrastructure.ObjectResultExecutor[1]
      Executing OkObjectResult, writing value of type '<>f__AnonymousType0`1[[System.Int32, System.Private.CoreLib, Version=8.0.0.0, Culture=neutral, PublicKeyToken=7cec85d7bea7798e]]'.
info: Microsoft.AspNetCore.Mvc.Infrastructure.ControllerActionInvoker[105]
      Executed action RandomNumberApi.Controllers.RandomController.Get (RandomNumberApi) in 0.1031ms
info: Microsoft.AspNetCore.Routing.EndpointMiddleware[1]
      Executed endpoint 'RandomNumberApi.Controllers.RandomController.Get (RandomNumberApi)'
info: Microsoft.AspNetCore.Hosting.Diagnostics[2]
      Request finished HTTP/1.1 GET http://localhost:5000/api/random - 200 - application/json;+charset=utf-8 0.2630ms
info: Microsoft.AspNetCore.Hosting.Diagnostics[1]
      Request starting HTTP/1.1 GET http://localhost:5000/api/random - - -
info: Microsoft.AspNetCore.Routing.EndpointMiddleware[0]
      Executing endpoint 'RandomNumberApi.Controllers.RandomController.Get (RandomNumberApi)'
info: Microsoft.AspNetCore.Mvc.Infrastructure.ControllerActionInvoker[102]
      Route matched with {action = "Get", controller = "Random"}. Executing controller action with signature Microsoft.AspNetCore.Mvc.IActionResult Get() on controller RandomNumberApi.Controllers.RandomController (RandomNumberApi).
info: Microsoft.AspNetCore.Mvc.Infrastructure.ObjectResultExecutor[1]
      Executing OkObjectResult, writing value of type '<>f__AnonymousType0`1[[System.Int32, System.Private.CoreLib, Version=8.0.0.0, Culture=neutral, PublicKeyToken=7cec85d7bea7798e]]'.
info: Microsoft.AspNetCore.Mvc.Infrastructure.ControllerActionInvoker[105]
      Executed action RandomNumberApi.Controllers.RandomController.Get (RandomNumberApi) in 0.0739ms
info: Microsoft.AspNetCore.Routing.EndpointMiddleware[1]
      Executed endpoint 'RandomNumberApi.Controllers.RandomController.Get (RandomNumberApi)'
info: Microsoft.AspNetCore.Hosting.Diagnostics[2]
      Request finished HTTP/1.1 GET http://localhost:5000/api/random - 200 - application/json;+charset=utf-8 0.2998ms
info: Microsoft.AspNetCore.Hosting.Diagnostics[1]
      Request starting HTTP/1.1 GET http://localhost:5000/api/random - - -
info: Microsoft.AspNetCore.Routing.EndpointMiddleware[0]
      Executing endpoint 'RandomNumberApi.Controllers.RandomController.Get (RandomNumberApi)'
info: Microsoft.AspNetCore.Mvc.Infrastructure.ControllerActionInvoker[102]
      Route matched with {action = "Get", controller = "Random"}. Executing controller action with signature Microsoft.AspNetCore.Mvc.IActionResult Get() on controller RandomNumberApi.Controllers.RandomController (RandomNumberApi).
info: Microsoft.AspNetCore.Mvc.Infrastructure.ObjectResultExecutor[1]
      Executing OkObjectResult, writing value of type '<>f__AnonymousType0`1[[System.Int32, System.Private.CoreLib, Version=8.0.0.0, Culture=neutral, PublicKeyToken=7cec85d7bea7798e]]'.
info: Microsoft.AspNetCore.Mvc.Infrastructure.ControllerActionInvoker[105]
      Executed action RandomNumberApi.Controllers.RandomController.Get (RandomNumberApi) in 0.0751ms
info: Microsoft.AspNetCore.Routing.EndpointMiddleware[1]
      Executed endpoint 'RandomNumberApi.Controllers.RandomController.Get (RandomNumberApi)'
info: Microsoft.AspNetCore.Hosting.Diagnostics[2]
      Request finished HTTP/1.1 GET http://localhost:5000/api/random - 200 - application/json;+charset=utf-8 0.2241ms
info: Microsoft.AspNetCore.Hosting.Diagnostics[1]
      Request starting HTTP/1.1 GET http://localhost:5000/api/random - - -
info: Microsoft.AspNetCore.Routing.EndpointMiddleware[0]
      Executing endpoint 'RandomNumberApi.Controllers.RandomController.Get (RandomNumberApi)'
info: Microsoft.AspNetCore.Mvc.Infrastructure.ControllerActionInvoker[102]
      Route matched with {action = "Get", controller = "Random"}. Executing controller action with signature Microsoft.AspNetCore.Mvc.IActionResult Get() on controller RandomNumberApi.Controllers.RandomController (RandomNumberApi).
info: Microsoft.AspNetCore.Mvc.Infrastructure.ObjectResultExecutor[1]
      Executing OkObjectResult, writing value of type '<>f__AnonymousType0`1[[System.Int32, System.Private.CoreLib, Version=8.0.0.0, Culture=neutral, PublicKeyToken=7cec85d7bea7798e]]'.
info: Microsoft.AspNetCore.Mvc.Infrastructure.ControllerActionInvoker[105]
      Executed action RandomNumberApi.Controllers.RandomController.Get (RandomNumberApi) in 0.0917ms
info: Microsoft.AspNetCore.Routing.EndpointMiddleware[1]
      Executed endpoint 'RandomNumberApi.Controllers.RandomController.Get (RandomNumberApi)'
info: Microsoft.AspNetCore.Hosting.Diagnostics[2]
      Request finished HTTP/1.1 GET http://localhost:5000/api/random - 200 - application/json;+charset=utf-8 0.2778ms
info: Microsoft.AspNetCore.Hosting.Diagnostics[1]
      Request starting HTTP/1.1 GET http://localhost:5000/api/random - - -
info: Microsoft.AspNetCore.Routing.EndpointMiddleware[0]
      Executing endpoint 'RandomNumberApi.Controllers.RandomController.Get (RandomNumberApi)'
info: Microsoft.AspNetCore.Mvc.Infrastructure.ControllerActionInvoker[102]
      Route matched with {action = "Get", controller = "Random"}. Executing controller action with signature Microsoft.AspNetCore.Mvc.IActionResult Get() on controller RandomNumberApi.Controllers.RandomController (RandomNumberApi).
info: Microsoft.AspNetCore.Mvc.Infrastructure.ObjectResultExecutor[1]
      Executing OkObjectResult, writing value of type '<>f__AnonymousType0`1[[System.Int32, System.Private.CoreLib, Version=8.0.0.0, Culture=neutral, PublicKeyToken=7cec85d7bea7798e]]'.
info: Microsoft.AspNetCore.Mvc.Infrastructure.ControllerActionInvoker[105]
      Executed action RandomNumberApi.Controllers.RandomController.Get (RandomNumberApi) in 0.0634ms
info: Microsoft.AspNetCore.Routing.EndpointMiddleware[1]
      Executed endpoint 'RandomNumberApi.Controllers.RandomController.Get (RandomNumberApi)'
info: Microsoft.AspNetCore.Hosting.Diagnostics[2]
      Request finished HTTP/1.1 GET http://localhost:5000/api/random - 200 - application/json;+charset=utf-8 0.2115ms
info: Microsoft.AspNetCore.Hosting.Diagnostics[1]
      Request starting HTTP/1.1 GET http://localhost:5000/api/random - - -
info: Microsoft.AspNetCore.Routing.EndpointMiddleware[0]
      Executing endpoint 'RandomNumberApi.Controllers.RandomController.Get (RandomNumberApi)'
info: Microsoft.AspNetCore.Mvc.Infrastructure.ControllerActionInvoker[102]
      Route matched with {action = "Get", controller = "Random"}. Executing controller action with signature Microsoft.AspNetCore.Mvc.IActionResult Get() on controller RandomNumberApi.Controllers.RandomController (RandomNumberApi).
info: Microsoft.AspNetCore.Mvc.Infrastructure.ObjectResultExecutor[1]
      Executing OkObjectResult, writing value of type '<>f__AnonymousType0`1[[System.Int32, System.Private.CoreLib, Version=8.0.0.0, Culture=neutral, PublicKeyToken=7cec85d7bea7798e]]'.
info: Microsoft.AspNetCore.Mvc.Infrastructure.ControllerActionInvoker[105]
      Executed action RandomNumberApi.Controllers.RandomController.Get (RandomNumberApi) in 0.0732ms
info: Microsoft.AspNetCore.Routing.EndpointMiddleware[1]
      Executed endpoint 'RandomNumberApi.Controllers.RandomController.Get (RandomNumberApi)'
info: Microsoft.AspNetCore.Hosting.Diagnostics[2]
      Request finished HTTP/1.1 GET http://localhost:5000/api/random - 200 - application/json;+charset=utf-8 0.6442ms
info: Microsoft.AspNetCore.Hosting.Diagnostics[1]
      Request starting HTTP/1.1 GET http://localhost:5000/api/random - - -
info: Microsoft.AspNetCore.Routing.EndpointMiddleware[0]
      Executing endpoint 'RandomNumberApi.Controllers.RandomController.Get (RandomNumberApi)'
info: Microsoft.AspNetCore.Mvc.Infrastructure.ControllerActionInvoker[102]
      Route matched with {action = "Get", controller = "Random"}. Executing controller action with signature Microsoft.AspNetCore.Mvc.IActionResult Get() on controller RandomNumberApi.Controllers.RandomController (RandomNumberApi).
info: Microsoft.AspNetCore.Mvc.Infrastructure.ObjectResultExecutor[1]
      Executing OkObjectResult, writing value of type '<>f__AnonymousType0`1[[System.Int32, System.Private.CoreLib, Version=8.0.0.0, Culture=neutral, PublicKeyToken=7cec85d7bea7798e]]'.
info: Microsoft.AspNetCore.Mvc.Infrastructure.ControllerActionInvoker[105]
      Executed action RandomNumberApi.Controllers.RandomController.Get (RandomNumberApi) in 0.4766ms
info: Microsoft.AspNetCore.Routing.EndpointMiddleware[1]
      Executed endpoint 'RandomNumberApi.Controllers.RandomController.Get (RandomNumberApi)'
info: Microsoft.AspNetCore.Hosting.Diagnostics[2]
      Request finished HTTP/1.1 GET http://localhost:5000/api/random - 200 - application/json;+charset=utf-8 0.6449ms
info: Microsoft.AspNetCore.Hosting.Diagnostics[1]
      Request starting HTTP/1.1 GET http://localhost:5000/api/random - - -
info: Microsoft.AspNetCore.Routing.EndpointMiddleware[0]
      Executing endpoint 'RandomNumberApi.Controllers.RandomController.Get (RandomNumberApi)'
info: Microsoft.AspNetCore.Mvc.Infrastructure.ControllerActionInvoker[102]
      Route matched with {action = "Get", controller = "Random"}. Executing controller action with signature Microsoft.AspNetCore.Mvc.IActionResult Get() on controller RandomNumberApi.Controllers.RandomController (RandomNumberApi).
info: Microsoft.AspNetCore.Mvc.Infrastructure.ObjectResultExecutor[1]
      Executing OkObjectResult, writing value of type '<>f__AnonymousType0`1[[System.Int32, System.Private.CoreLib, Version=8.0.0.0, Culture=neutral, PublicKeyToken=7cec85d7bea7798e]]'.
info: Microsoft.AspNetCore.Mvc.Infrastructure.ControllerActionInvoker[105]
      Executed action RandomNumberApi.Controllers.RandomController.Get (RandomNumberApi) in 0.0975ms
info: Microsoft.AspNetCore.Routing.EndpointMiddleware[1]
      Executed endpoint 'RandomNumberApi.Controllers.RandomController.Get (RandomNumberApi)'
info: Microsoft.AspNetCore.Hosting.Diagnostics[2]
      Request finished HTTP/1.1 GET http://localhost:5000/api/random - 200 - application/json;+charset=utf-8 0.5315ms
info: Microsoft.AspNetCore.Hosting.Diagnostics[1]
      Request starting HTTP/1.1 GET http://localhost:5000/api/random - - -
info: Microsoft.AspNetCore.Routing.EndpointMiddleware[0]
      Executing endpoint 'RandomNumberApi.Controllers.RandomController.Get (RandomNumberApi)'
info: Microsoft.AspNetCore.Mvc.Infrastructure.ControllerActionInvoker[102]
      Route matched with {action = "Get", controller = "Random"}. Executing controller action with signature Microsoft.AspNetCore.Mvc.IActionResult Get() on controller RandomNumberApi.Controllers.RandomController (RandomNumberApi).
info: Microsoft.AspNetCore.Mvc.Infrastructure.ObjectResultExecutor[1]
      Executing OkObjectResult, writing value of type '<>f__AnonymousType0`1[[System.Int32, System.Private.CoreLib, Version=8.0.0.0, Culture=neutral, PublicKeyToken=7cec85d7bea7798e]]'.
info: Microsoft.AspNetCore.Mvc.Infrastructure.ControllerActionInvoker[105]
      Executed action RandomNumberApi.Controllers.RandomController.Get (RandomNumberApi) in 0.1162ms
info: Microsoft.AspNetCore.Routing.EndpointMiddleware[1]
      Executed endpoint 'RandomNumberApi.Controllers.RandomController.Get (RandomNumberApi)'
info: Microsoft.AspNetCore.Hosting.Diagnostics[2]
      Request finished HTTP/1.1 GET http://localhost:5000/api/random - 200 - application/json;+charset=utf-8 0.4073ms
info: Microsoft.AspNetCore.Hosting.Diagnostics[1]
      Request starting HTTP/1.1 GET http://localhost:5000/api/random - - -
info: Microsoft.AspNetCore.Routing.EndpointMiddleware[0]
      Executing endpoint 'RandomNumberApi.Controllers.RandomController.Get (RandomNumberApi)'
info: Microsoft.AspNetCore.Mvc.Infrastructure.ControllerActionInvoker[102]
      Route matched with {action = "Get", controller = "Random"}. Executing controller action with signature Microsoft.AspNetCore.Mvc.IActionResult Get() on controller RandomNumberApi.Controllers.RandomController (RandomNumberApi).
info: Microsoft.AspNetCore.Mvc.Infrastructure.ObjectResultExecutor[1]
      Executing OkObjectResult, writing value of type '<>f__AnonymousType0`1[[System.Int32, System.Private.CoreLib, Version=8.0.0.0, Culture=neutral, PublicKeyToken=7cec85d7bea7798e]]'.
info: Microsoft.AspNetCore.Mvc.Infrastructure.ControllerActionInvoker[105]
      Executed action RandomNumberApi.Controllers.RandomController.Get (RandomNumberApi) in 0.0654ms
info: Microsoft.AspNetCore.Routing.EndpointMiddleware[1]
      Executed endpoint 'RandomNumberApi.Controllers.RandomController.Get (RandomNumberApi)'
info: Microsoft.AspNetCore.Hosting.Diagnostics[2]
      Request finished HTTP/1.1 GET http://localhost:5000/api/random - 200 - application/json;+charset=utf-8 0.1935ms
info: Microsoft.AspNetCore.Hosting.Diagnostics[1]
      Request starting HTTP/1.1 GET http://localhost:5000/api/random - - -
info: Microsoft.AspNetCore.Routing.EndpointMiddleware[0]
      Executing endpoint 'RandomNumberApi.Controllers.RandomController.Get (RandomNumberApi)'
info: Microsoft.AspNetCore.Mvc.Infrastructure.ControllerActionInvoker[102]
      Route matched with {action = "Get", controller = "Random"}. Executing controller action with signature Microsoft.AspNetCore.Mvc.IActionResult Get() on controller RandomNumberApi.Controllers.RandomController (RandomNumberApi).
info: Microsoft.AspNetCore.Mvc.Infrastructure.ObjectResultExecutor[1]
      Executing OkObjectResult, writing value of type '<>f__AnonymousType0`1[[System.Int32, System.Private.CoreLib, Version=8.0.0.0, Culture=neutral, PublicKeyToken=7cec85d7bea7798e]]'.
info: Microsoft.AspNetCore.Mvc.Infrastructure.ControllerActionInvoker[105]
      Executed action RandomNumberApi.Controllers.RandomController.Get (RandomNumberApi) in 0.0939ms
info: Microsoft.AspNetCore.Routing.EndpointMiddleware[1]
      Executed endpoint 'RandomNumberApi.Controllers.RandomController.Get (RandomNumberApi)'
info: Microsoft.AspNetCore.Hosting.Diagnostics[2]
      Request finished HTTP/1.1 GET http://localhost:5000/api/random - 200 - application/json;+charset=utf-8 0.2649ms
info: Microsoft.AspNetCore.Hosting.Diagnostics[1]
      Request starting HTTP/1.1 GET http://localhost:5000/api/random - - -
info: Microsoft.AspNetCore.Routing.EndpointMiddleware[0]
      Executing endpoint 'RandomNumberApi.Controllers.RandomController.Get (RandomNumberApi)'
info: Microsoft.AspNetCore.Mvc.Infrastructure.ControllerActionInvoker[102]
      Route matched with {action = "Get", controller = "Random"}. Executing controller action with signature Microsoft.AspNetCore.Mvc.IActionResult Get() on controller RandomNumberApi.Controllers.RandomController (RandomNumberApi).
info: Microsoft.AspNetCore.Mvc.Infrastructure.ObjectResultExecutor[1]
      Executing OkObjectResult, writing value of type '<>f__AnonymousType0`1[[System.Int32, System.Private.CoreLib, Version=8.0.0.0, Culture=neutral, PublicKeyToken=7cec85d7bea7798e]]'.
info: Microsoft.AspNetCore.Mvc.Infrastructure.ControllerActionInvoker[105]
      Executed action RandomNumberApi.Controllers.RandomController.Get (RandomNumberApi) in 0.0887ms
info: Microsoft.AspNetCore.Routing.EndpointMiddleware[1]
      Executed endpoint 'RandomNumberApi.Controllers.RandomController.Get (RandomNumberApi)'
info: Microsoft.AspNetCore.Hosting.Diagnostics[2]
      Request finished HTTP/1.1 GET http://localhost:5000/api/random - 200 - application/json;+charset=utf-8 0.2494ms
info: Microsoft.AspNetCore.Hosting.Diagnostics[1]
      Request starting HTTP/1.1 GET http://localhost:5000/api/random - - -
info: Microsoft.AspNetCore.Routing.EndpointMiddleware[0]
      Executing endpoint 'RandomNumberApi.Controllers.RandomController.Get (RandomNumberApi)'
info: Microsoft.AspNetCore.Mvc.Infrastructure.ControllerActionInvoker[102]
      Route matched with {action = "Get", controller = "Random"}. Executing controller action with signature Microsoft.AspNetCore.Mvc.IActionResult Get() on controller RandomNumberApi.Controllers.RandomController (RandomNumberApi).
info: Microsoft.AspNetCore.Mvc.Infrastructure.ObjectResultExecutor[1]
      Executing OkObjectResult, writing value of type '<>f__AnonymousType0`1[[System.Int32, System.Private.CoreLib, Version=8.0.0.0, Culture=neutral, PublicKeyToken=7cec85d7bea7798e]]'.
info: Microsoft.AspNetCore.Mvc.Infrastructure.ControllerActionInvoker[105]
      Executed action RandomNumberApi.Controllers.RandomController.Get (RandomNumberApi) in 0.4624ms
info: Microsoft.AspNetCore.Routing.EndpointMiddleware[1]
      Executed endpoint 'RandomNumberApi.Controllers.RandomController.Get (RandomNumberApi)'
info: Microsoft.AspNetCore.Hosting.Diagnostics[2]
      Request finished HTTP/1.1 GET http://localhost:5000/api/random - 200 - application/json;+charset=utf-8 0.7024ms
info: Microsoft.AspNetCore.Hosting.Diagnostics[1]
      Request starting HTTP/1.1 GET http://localhost:5000/api/random - - -
info: Microsoft.AspNetCore.Routing.EndpointMiddleware[0]
      Executing endpoint 'RandomNumberApi.Controllers.RandomController.Get (RandomNumberApi)'
info: Microsoft.AspNetCore.Mvc.Infrastructure.ControllerActionInvoker[102]
      Route matched with {action = "Get", controller = "Random"}. Executing controller action with signature Microsoft.AspNetCore.Mvc.IActionResult Get() on controller RandomNumberApi.Controllers.RandomController (RandomNumberApi).
info: Microsoft.AspNetCore.Mvc.Infrastructure.ObjectResultExecutor[1]
      Executing OkObjectResult, writing value of type '<>f__AnonymousType0`1[[System.Int32, System.Private.CoreLib, Version=8.0.0.0, Culture=neutral, PublicKeyToken=7cec85d7bea7798e]]'.
info: Microsoft.AspNetCore.Mvc.Infrastructure.ControllerActionInvoker[105]
      Executed action RandomNumberApi.Controllers.RandomController.Get (RandomNumberApi) in 0.1383ms
info: Microsoft.AspNetCore.Routing.EndpointMiddleware[1]
      Executed endpoint 'RandomNumberApi.Controllers.RandomController.Get (RandomNumberApi)'
info: Microsoft.AspNetCore.Hosting.Diagnostics[2]
      Request finished HTTP/1.1 GET http://localhost:5000/api/random - 200 - application/json;+charset=utf-8 0.3434ms
info: Microsoft.AspNetCore.Hosting.Diagnostics[1]
      Request starting HTTP/1.1 GET http://localhost:5000/api/random - - -
info: Microsoft.AspNetCore.Routing.EndpointMiddleware[0]
      Executing endpoint 'RandomNumberApi.Controllers.RandomController.Get (RandomNumberApi)'
info: Microsoft.AspNetCore.Mvc.Infrastructure.ControllerActionInvoker[102]
      Route matched with {action = "Get", controller = "Random"}. Executing controller action with signature Microsoft.AspNetCore.Mvc.IActionResult Get() on controller RandomNumberApi.Controllers.RandomController (RandomNumberApi).
info: Microsoft.AspNetCore.Mvc.Infrastructure.ObjectResultExecutor[1]
      Executing OkObjectResult, writing value of type '<>f__AnonymousType0`1[[System.Int32, System.Private.CoreLib, Version=8.0.0.0, Culture=neutral, PublicKeyToken=7cec85d7bea7798e]]'.
info: Microsoft.AspNetCore.Mvc.Infrastructure.ControllerActionInvoker[105]
      Executed action RandomNumberApi.Controllers.RandomController.Get (RandomNumberApi) in 0.0938ms
info: Microsoft.AspNetCore.Routing.EndpointMiddleware[1]
      Executed endpoint 'RandomNumberApi.Controllers.RandomController.Get (RandomNumberApi)'
info: Microsoft.AspNetCore.Hosting.Diagnostics[2]
      Request finished HTTP/1.1 GET http://localhost:5000/api/random - 200 - application/json;+charset=utf-8 0.2728ms
info: Microsoft.AspNetCore.Hosting.Diagnostics[1]
      Request starting HTTP/1.1 GET http://localhost:5000/api/random - - -
info: Microsoft.AspNetCore.Routing.EndpointMiddleware[0]
      Executing endpoint 'RandomNumberApi.Controllers.RandomController.Get (RandomNumberApi)'
info: Microsoft.AspNetCore.Mvc.Infrastructure.ControllerActionInvoker[102]
      Route matched with {action = "Get", controller = "Random"}. Executing controller action with signature Microsoft.AspNetCore.Mvc.IActionResult Get() on controller RandomNumberApi.Controllers.RandomController (RandomNumberApi).
info: Microsoft.AspNetCore.Mvc.Infrastructure.ObjectResultExecutor[1]
      Executing OkObjectResult, writing value of type '<>f__AnonymousType0`1[[System.Int32, System.Private.CoreLib, Version=8.0.0.0, Culture=neutral, PublicKeyToken=7cec85d7bea7798e]]'.
info: Microsoft.AspNetCore.Mvc.Infrastructure.ControllerActionInvoker[105]
      Executed action RandomNumberApi.Controllers.RandomController.Get (RandomNumberApi) in 0.1291ms
info: Microsoft.AspNetCore.Routing.EndpointMiddleware[1]
      Executed endpoint 'RandomNumberApi.Controllers.RandomController.Get (RandomNumberApi)'
info: Microsoft.AspNetCore.Hosting.Diagnostics[2]
      Request finished HTTP/1.1 GET http://localhost:5000/api/random - 200 - application/json;+charset=utf-8 0.3755ms
info: Microsoft.AspNetCore.Hosting.Diagnostics[1]
      Request starting HTTP/1.1 GET http://localhost:5000/api/random - - -
info: Microsoft.AspNetCore.Routing.EndpointMiddleware[0]
      Executing endpoint 'RandomNumberApi.Controllers.RandomController.Get (RandomNumberApi)'
info: Microsoft.AspNetCore.Mvc.Infrastructure.ControllerActionInvoker[102]
      Route matched with {action = "Get", controller = "Random"}. Executing controller action with signature Microsoft.AspNetCore.Mvc.IActionResult Get() on controller RandomNumberApi.Controllers.RandomController (RandomNumberApi).
info: Microsoft.AspNetCore.Mvc.Infrastructure.ObjectResultExecutor[1]
      Executing OkObjectResult, writing value of type '<>f__AnonymousType0`1[[System.Int32, System.Private.CoreLib, Version=8.0.0.0, Culture=neutral, PublicKeyToken=7cec85d7bea7798e]]'.
info: Microsoft.AspNetCore.Mvc.Infrastructure.ControllerActionInvoker[105]
      Executed action RandomNumberApi.Controllers.RandomController.Get (RandomNumberApi) in 0.4645ms
info: Microsoft.AspNetCore.Routing.EndpointMiddleware[1]
      Executed endpoint 'RandomNumberApi.Controllers.RandomController.Get (RandomNumberApi)'
info: Microsoft.AspNetCore.Hosting.Diagnostics[2]
      Request finished HTTP/1.1 GET http://localhost:5000/api/random - 200 - application/json;+charset=utf-8 0.7056ms
info: Microsoft.AspNetCore.Hosting.Diagnostics[1]
      Request starting HTTP/1.1 GET http://localhost:5000/api/random - - -
info: Microsoft.AspNetCore.Routing.EndpointMiddleware[0]
      Executing endpoint 'RandomNumberApi.Controllers.RandomController.Get (RandomNumberApi)'
info: Microsoft.AspNetCore.Mvc.Infrastructure.ControllerActionInvoker[102]
      Route matched with {action = "Get", controller = "Random"}. Executing controller action with signature Microsoft.AspNetCore.Mvc.IActionResult Get() on controller RandomNumberApi.Controllers.RandomController (RandomNumberApi).
info: Microsoft.AspNetCore.Mvc.Infrastructure.ObjectResultExecutor[1]
      Executing OkObjectResult, writing value of type '<>f__AnonymousType0`1[[System.Int32, System.Private.CoreLib, Version=8.0.0.0, Culture=neutral, PublicKeyToken=7cec85d7bea7798e]]'.
info: Microsoft.AspNetCore.Mvc.Infrastructure.ControllerActionInvoker[105]
      Executed action RandomNumberApi.Controllers.RandomController.Get (RandomNumberApi) in 0.4498ms
info: Microsoft.AspNetCore.Routing.EndpointMiddleware[1]
      Executed endpoint 'RandomNumberApi.Controllers.RandomController.Get (RandomNumberApi)'
info: Microsoft.AspNetCore.Hosting.Diagnostics[2]
      Request finished HTTP/1.1 GET http://localhost:5000/api/random - 200 - application/json;+charset=utf-8 0.6811ms
info: Microsoft.AspNetCore.Hosting.Diagnostics[1]
      Request starting HTTP/1.1 GET http://localhost:5000/api/random - - -
info: Microsoft.AspNetCore.Routing.EndpointMiddleware[0]
      Executing endpoint 'RandomNumberApi.Controllers.RandomController.Get (RandomNumberApi)'
info: Microsoft.AspNetCore.Mvc.Infrastructure.ControllerActionInvoker[102]
      Route matched with {action = "Get", controller = "Random"}. Executing controller action with signature Microsoft.AspNetCore.Mvc.IActionResult Get() on controller RandomNumberApi.Controllers.RandomController (RandomNumberApi).
info: Microsoft.AspNetCore.Mvc.Infrastructure.ObjectResultExecutor[1]
      Executing OkObjectResult, writing value of type '<>f__AnonymousType0`1[[System.Int32, System.Private.CoreLib, Version=8.0.0.0, Culture=neutral, PublicKeyToken=7cec85d7bea7798e]]'.
info: Microsoft.AspNetCore.Mvc.Infrastructure.ControllerActionInvoker[105]
      Executed action RandomNumberApi.Controllers.RandomController.Get (RandomNumberApi) in 0.1228ms
info: Microsoft.AspNetCore.Routing.EndpointMiddleware[1]
      Executed endpoint 'RandomNumberApi.Controllers.RandomController.Get (RandomNumberApi)'
info: Microsoft.AspNetCore.Hosting.Diagnostics[2]
      Request finished HTTP/1.1 GET http://localhost:5000/api/random - 200 - application/json;+charset=utf-8 0.3295ms
info: Microsoft.AspNetCore.Hosting.Diagnostics[1]
      Request starting HTTP/1.1 GET http://localhost:5000/api/random - - -
info: Microsoft.AspNetCore.Routing.EndpointMiddleware[0]
      Executing endpoint 'RandomNumberApi.Controllers.RandomController.Get (RandomNumberApi)'
info: Microsoft.AspNetCore.Mvc.Infrastructure.ControllerActionInvoker[102]
      Route matched with {action = "Get", controller = "Random"}. Executing controller action with signature Microsoft.AspNetCore.Mvc.IActionResult Get() on controller RandomNumberApi.Controllers.RandomController (RandomNumberApi).
info: Microsoft.AspNetCore.Mvc.Infrastructure.ObjectResultExecutor[1]
      Executing OkObjectResult, writing value of type '<>f__AnonymousType0`1[[System.Int32, System.Private.CoreLib, Version=8.0.0.0, Culture=neutral, PublicKeyToken=7cec85d7bea7798e]]'.
info: Microsoft.AspNetCore.Mvc.Infrastructure.ControllerActionInvoker[105]
      Executed action RandomNumberApi.Controllers.RandomController.Get (RandomNumberApi) in 0.1161ms
info: Microsoft.AspNetCore.Routing.EndpointMiddleware[1]
      Executed endpoint 'RandomNumberApi.Controllers.RandomController.Get (RandomNumberApi)'
info: Microsoft.AspNetCore.Hosting.Diagnostics[2]
      Request finished HTTP/1.1 GET http://localhost:5000/api/random - 200 - application/json;+charset=utf-8 0.3331ms
info: Microsoft.AspNetCore.Hosting.Diagnostics[1]
      Request starting HTTP/1.1 GET http://localhost:5000/api/random - - -
info: Microsoft.AspNetCore.Routing.EndpointMiddleware[0]
      Executing endpoint 'RandomNumberApi.Controllers.RandomController.Get (RandomNumberApi)'
info: Microsoft.AspNetCore.Mvc.Infrastructure.ControllerActionInvoker[102]
      Route matched with {action = "Get", controller = "Random"}. Executing controller action with signature Microsoft.AspNetCore.Mvc.IActionResult Get() on controller RandomNumberApi.Controllers.RandomController (RandomNumberApi).
info: Microsoft.AspNetCore.Mvc.Infrastructure.ObjectResultExecutor[1]
      Executing OkObjectResult, writing value of type '<>f__AnonymousType0`1[[System.Int32, System.Private.CoreLib, Version=8.0.0.0, Culture=neutral, PublicKeyToken=7cec85d7bea7798e]]'.
info: Microsoft.AspNetCore.Mvc.Infrastructure.ControllerActionInvoker[105]
      Executed action RandomNumberApi.Controllers.RandomController.Get (RandomNumberApi) in 0.6187ms
info: Microsoft.AspNetCore.Routing.EndpointMiddleware[1]
      Executed endpoint 'RandomNumberApi.Controllers.RandomController.Get (RandomNumberApi)'
info: Microsoft.AspNetCore.Hosting.Diagnostics[2]
      Request finished HTTP/1.1 GET http://localhost:5000/api/random - 200 - application/json;+charset=utf-8 1.1455ms
info: Microsoft.AspNetCore.Hosting.Diagnostics[1]
      Request starting HTTP/1.1 GET http://localhost:5000/api/random - - -
info: Microsoft.AspNetCore.Routing.EndpointMiddleware[0]
      Executing endpoint 'RandomNumberApi.Controllers.RandomController.Get (RandomNumberApi)'
info: Microsoft.AspNetCore.Mvc.Infrastructure.ControllerActionInvoker[102]
      Route matched with {action = "Get", controller = "Random"}. Executing controller action with signature Microsoft.AspNetCore.Mvc.IActionResult Get() on controller RandomNumberApi.Controllers.RandomController (RandomNumberApi).
info: Microsoft.AspNetCore.Mvc.Infrastructure.ObjectResultExecutor[1]
      Executing OkObjectResult, writing value of type '<>f__AnonymousType0`1[[System.Int32, System.Private.CoreLib, Version=8.0.0.0, Culture=neutral, PublicKeyToken=7cec85d7bea7798e]]'.
info: Microsoft.AspNetCore.Mvc.Infrastructure.ControllerActionInvoker[105]
      Executed action RandomNumberApi.Controllers.RandomController.Get (RandomNumberApi) in 0.0804ms
info: Microsoft.AspNetCore.Routing.EndpointMiddleware[1]
      Executed endpoint 'RandomNumberApi.Controllers.RandomController.Get (RandomNumberApi)'
info: Microsoft.AspNetCore.Hosting.Diagnostics[2]
      Request finished HTTP/1.1 GET http://localhost:5000/api/random - 200 - application/json;+charset=utf-8 0.2426ms
info: Microsoft.AspNetCore.Hosting.Diagnostics[1]
      Request starting HTTP/1.1 GET http://localhost:5000/api/random - - -
info: Microsoft.AspNetCore.Routing.EndpointMiddleware[0]
      Executing endpoint 'RandomNumberApi.Controllers.RandomController.Get (RandomNumberApi)'
info: Microsoft.AspNetCore.Mvc.Infrastructure.ControllerActionInvoker[102]
      Route matched with {action = "Get", controller = "Random"}. Executing controller action with signature Microsoft.AspNetCore.Mvc.IActionResult Get() on controller RandomNumberApi.Controllers.RandomController (RandomNumberApi).
info: Microsoft.AspNetCore.Mvc.Infrastructure.ObjectResultExecutor[1]
      Executing OkObjectResult, writing value of type '<>f__AnonymousType0`1[[System.Int32, System.Private.CoreLib, Version=8.0.0.0, Culture=neutral, PublicKeyToken=7cec85d7bea7798e]]'.
info: Microsoft.AspNetCore.Mvc.Infrastructure.ControllerActionInvoker[105]
      Executed action RandomNumberApi.Controllers.RandomController.Get (RandomNumberApi) in 0.1219ms
info: Microsoft.AspNetCore.Routing.EndpointMiddleware[1]
      Executed endpoint 'RandomNumberApi.Controllers.RandomController.Get (RandomNumberApi)'
info: Microsoft.AspNetCore.Hosting.Diagnostics[2]
      Request finished HTTP/1.1 GET http://localhost:5000/api/random - 200 - application/json;+charset=utf-8 0.3190ms
info: Microsoft.AspNetCore.Hosting.Diagnostics[1]
      Request starting HTTP/1.1 GET http://localhost:5000/api/random - - -
info: Microsoft.AspNetCore.Routing.EndpointMiddleware[0]
      Executing endpoint 'RandomNumberApi.Controllers.RandomController.Get (RandomNumberApi)'
info: Microsoft.AspNetCore.Mvc.Infrastructure.ControllerActionInvoker[102]
      Route matched with {action = "Get", controller = "Random"}. Executing controller action with signature Microsoft.AspNetCore.Mvc.IActionResult Get() on controller RandomNumberApi.Controllers.RandomController (RandomNumberApi).
info: Microsoft.AspNetCore.Mvc.Infrastructure.ObjectResultExecutor[1]
      Executing OkObjectResult, writing value of type '<>f__AnonymousType0`1[[System.Int32, System.Private.CoreLib, Version=8.0.0.0, Culture=neutral, PublicKeyToken=7cec85d7bea7798e]]'.
info: Microsoft.AspNetCore.Mvc.Infrastructure.ControllerActionInvoker[105]
      Executed action RandomNumberApi.Controllers.RandomController.Get (RandomNumberApi) in 0.1421ms
info: Microsoft.AspNetCore.Routing.EndpointMiddleware[1]
      Executed endpoint 'RandomNumberApi.Controllers.RandomController.Get (RandomNumberApi)'
info: Microsoft.AspNetCore.Hosting.Diagnostics[2]
      Request finished HTTP/1.1 GET http://localhost:5000/api/random - 200 - application/json;+charset=utf-8 0.4227ms
info: Microsoft.AspNetCore.Hosting.Diagnostics[1]
      Request starting HTTP/1.1 GET http://localhost:5000/api/random - - -
info: Microsoft.AspNetCore.Routing.EndpointMiddleware[0]
      Executing endpoint 'RandomNumberApi.Controllers.RandomController.Get (RandomNumberApi)'
info: Microsoft.AspNetCore.Mvc.Infrastructure.ControllerActionInvoker[102]
      Route matched with {action = "Get", controller = "Random"}. Executing controller action with signature Microsoft.AspNetCore.Mvc.IActionResult Get() on controller RandomNumberApi.Controllers.RandomController (RandomNumberApi).
info: Microsoft.AspNetCore.Mvc.Infrastructure.ObjectResultExecutor[1]
      Executing OkObjectResult, writing value of type '<>f__AnonymousType0`1[[System.Int32, System.Private.CoreLib, Version=8.0.0.0, Culture=neutral, PublicKeyToken=7cec85d7bea7798e]]'.
info: Microsoft.AspNetCore.Mvc.Infrastructure.ControllerActionInvoker[105]
      Executed action RandomNumberApi.Controllers.RandomController.Get (RandomNumberApi) in 0.1085ms
info: Microsoft.AspNetCore.Routing.EndpointMiddleware[1]
      Executed endpoint 'RandomNumberApi.Controllers.RandomController.Get (RandomNumberApi)'
info: Microsoft.AspNetCore.Hosting.Diagnostics[2]
      Request finished HTTP/1.1 GET http://localhost:5000/api/random - 200 - application/json;+charset=utf-8 0.3249ms
info: Microsoft.AspNetCore.Hosting.Diagnostics[1]
      Request starting HTTP/1.1 GET http://localhost:5000/api/random - - -
info: Microsoft.AspNetCore.Routing.EndpointMiddleware[0]
      Executing endpoint 'RandomNumberApi.Controllers.RandomController.Get (RandomNumberApi)'
info: Microsoft.AspNetCore.Mvc.Infrastructure.ControllerActionInvoker[102]
      Route matched with {action = "Get", controller = "Random"}. Executing controller action with signature Microsoft.AspNetCore.Mvc.IActionResult Get() on controller RandomNumberApi.Controllers.RandomController (RandomNumberApi).
info: Microsoft.AspNetCore.Mvc.Infrastructure.ObjectResultExecutor[1]
      Executing OkObjectResult, writing value of type '<>f__AnonymousType0`1[[System.Int32, System.Private.CoreLib, Version=8.0.0.0, Culture=neutral, PublicKeyToken=7cec85d7bea7798e]]'.
info: Microsoft.AspNetCore.Mvc.Infrastructure.ControllerActionInvoker[105]
      Executed action RandomNumberApi.Controllers.RandomController.Get (RandomNumberApi) in 0.0563ms
info: Microsoft.AspNetCore.Routing.EndpointMiddleware[1]
      Executed endpoint 'RandomNumberApi.Controllers.RandomController.Get (RandomNumberApi)'
info: Microsoft.AspNetCore.Hosting.Diagnostics[2]
      Request finished HTTP/1.1 GET http://localhost:5000/api/random - 200 - application/json;+charset=utf-8 0.1615ms
info: Microsoft.AspNetCore.Hosting.Diagnostics[1]
      Request starting HTTP/1.1 GET http://localhost:5000/api/random - - -
info: Microsoft.AspNetCore.Routing.EndpointMiddleware[0]
      Executing endpoint 'RandomNumberApi.Controllers.RandomController.Get (RandomNumberApi)'
info: Microsoft.AspNetCore.Mvc.Infrastructure.ControllerActionInvoker[102]
      Route matched with {action = "Get", controller = "Random"}. Executing controller action with signature Microsoft.AspNetCore.Mvc.IActionResult Get() on controller RandomNumberApi.Controllers.RandomController (RandomNumberApi).
info: Microsoft.AspNetCore.Mvc.Infrastructure.ObjectResultExecutor[1]
      Executing OkObjectResult, writing value of type '<>f__AnonymousType0`1[[System.Int32, System.Private.CoreLib, Version=8.0.0.0, Culture=neutral, PublicKeyToken=7cec85d7bea7798e]]'.
info: Microsoft.AspNetCore.Mvc.Infrastructure.ControllerActionInvoker[105]
      Executed action RandomNumberApi.Controllers.RandomController.Get (RandomNumberApi) in 0.1279ms
info: Microsoft.AspNetCore.Routing.EndpointMiddleware[1]
      Executed endpoint 'RandomNumberApi.Controllers.RandomController.Get (RandomNumberApi)'
info: Microsoft.AspNetCore.Hosting.Diagnostics[2]
      Request finished HTTP/1.1 GET http://localhost:5000/api/random - 200 - application/json;+charset=utf-8 0.3771ms
info: Microsoft.AspNetCore.Hosting.Diagnostics[1]
      Request starting HTTP/1.1 GET http://localhost:5000/api/random - - -
info: Microsoft.AspNetCore.Routing.EndpointMiddleware[0]
      Executing endpoint 'RandomNumberApi.Controllers.RandomController.Get (RandomNumberApi)'
info: Microsoft.AspNetCore.Mvc.Infrastructure.ControllerActionInvoker[102]
      Route matched with {action = "Get", controller = "Random"}. Executing controller action with signature Microsoft.AspNetCore.Mvc.IActionResult Get() on controller RandomNumberApi.Controllers.RandomController (RandomNumberApi).
info: Microsoft.AspNetCore.Mvc.Infrastructure.ObjectResultExecutor[1]
      Executing OkObjectResult, writing value of type '<>f__AnonymousType0`1[[System.Int32, System.Private.CoreLib, Version=8.0.0.0, Culture=neutral, PublicKeyToken=7cec85d7bea7798e]]'.
info: Microsoft.AspNetCore.Mvc.Infrastructure.ControllerActionInvoker[105]
      Executed action RandomNumberApi.Controllers.RandomController.Get (RandomNumberApi) in 0.0979ms
info: Microsoft.AspNetCore.Routing.EndpointMiddleware[1]
      Executed endpoint 'RandomNumberApi.Controllers.RandomController.Get (RandomNumberApi)'
info: Microsoft.AspNetCore.Hosting.Diagnostics[2]
      Request finished HTTP/1.1 GET http://localhost:5000/api/random - 200 - application/json;+charset=utf-8 0.2947ms
info: Microsoft.AspNetCore.Hosting.Diagnostics[1]
      Request starting HTTP/1.1 GET http://localhost:5000/api/random - - -
info: Microsoft.AspNetCore.Routing.EndpointMiddleware[0]
      Executing endpoint 'RandomNumberApi.Controllers.RandomController.Get (RandomNumberApi)'
info: Microsoft.AspNetCore.Mvc.Infrastructure.ControllerActionInvoker[102]
      Route matched with {action = "Get", controller = "Random"}. Executing controller action with signature Microsoft.AspNetCore.Mvc.IActionResult Get() on controller RandomNumberApi.Controllers.RandomController (RandomNumberApi).
info: Microsoft.AspNetCore.Mvc.Infrastructure.ObjectResultExecutor[1]
      Executing OkObjectResult, writing value of type '<>f__AnonymousType0`1[[System.Int32, System.Private.CoreLib, Version=8.0.0.0, Culture=neutral, PublicKeyToken=7cec85d7bea7798e]]'.
info: Microsoft.AspNetCore.Mvc.Infrastructure.ControllerActionInvoker[105]
      Executed action RandomNumberApi.Controllers.RandomController.Get (RandomNumberApi) in 0.1087ms
info: Microsoft.AspNetCore.Routing.EndpointMiddleware[1]
      Executed endpoint 'RandomNumberApi.Controllers.RandomController.Get (RandomNumberApi)'
info: Microsoft.AspNetCore.Hosting.Diagnostics[2]
      Request finished HTTP/1.1 GET http://localhost:5000/api/random - 200 - application/json;+charset=utf-8 0.3188ms
info: Microsoft.AspNetCore.Hosting.Diagnostics[1]
      Request starting HTTP/1.1 GET http://localhost:5000/api/random - - -
info: Microsoft.AspNetCore.Routing.EndpointMiddleware[0]
      Executing endpoint 'RandomNumberApi.Controllers.RandomController.Get (RandomNumberApi)'
info: Microsoft.AspNetCore.Mvc.Infrastructure.ControllerActionInvoker[102]
      Route matched with {action = "Get", controller = "Random"}. Executing controller action with signature Microsoft.AspNetCore.Mvc.IActionResult Get() on controller RandomNumberApi.Controllers.RandomController (RandomNumberApi).
info: Microsoft.AspNetCore.Mvc.Infrastructure.ObjectResultExecutor[1]
      Executing OkObjectResult, writing value of type '<>f__AnonymousType0`1[[System.Int32, System.Private.CoreLib, Version=8.0.0.0, Culture=neutral, PublicKeyToken=7cec85d7bea7798e]]'.
info: Microsoft.AspNetCore.Mvc.Infrastructure.ControllerActionInvoker[105]
      Executed action RandomNumberApi.Controllers.RandomController.Get (RandomNumberApi) in 0.0756ms
info: Microsoft.AspNetCore.Routing.EndpointMiddleware[1]
      Executed endpoint 'RandomNumberApi.Controllers.RandomController.Get (RandomNumberApi)'
info: Microsoft.AspNetCore.Hosting.Diagnostics[2]
      Request finished HTTP/1.1 GET http://localhost:5000/api/random - 200 - application/json;+charset=utf-8 0.2262ms
info: Microsoft.AspNetCore.Hosting.Diagnostics[1]
      Request starting HTTP/1.1 GET http://localhost:5000/api/random - - -
info: Microsoft.AspNetCore.Routing.EndpointMiddleware[0]
      Executing endpoint 'RandomNumberApi.Controllers.RandomController.Get (RandomNumberApi)'
info: Microsoft.AspNetCore.Mvc.Infrastructure.ControllerActionInvoker[102]
      Route matched with {action = "Get", controller = "Random"}. Executing controller action with signature Microsoft.AspNetCore.Mvc.IActionResult Get() on controller RandomNumberApi.Controllers.RandomController (RandomNumberApi).
info: Microsoft.AspNetCore.Mvc.Infrastructure.ObjectResultExecutor[1]
      Executing OkObjectResult, writing value of type '<>f__AnonymousType0`1[[System.Int32, System.Private.CoreLib, Version=8.0.0.0, Culture=neutral, PublicKeyToken=7cec85d7bea7798e]]'.
info: Microsoft.AspNetCore.Mvc.Infrastructure.ControllerActionInvoker[105]
      Executed action RandomNumberApi.Controllers.RandomController.Get (RandomNumberApi) in 0.1201ms
info: Microsoft.AspNetCore.Routing.EndpointMiddleware[1]
      Executed endpoint 'RandomNumberApi.Controllers.RandomController.Get (RandomNumberApi)'
info: Microsoft.AspNetCore.Hosting.Diagnostics[2]
      Request finished HTTP/1.1 GET http://localhost:5000/api/random - 200 - application/json;+charset=utf-8 0.3543ms
info: Microsoft.AspNetCore.Hosting.Diagnostics[1]
      Request starting HTTP/1.1 GET http://localhost:5000/api/random - - -
info: Microsoft.AspNetCore.Routing.EndpointMiddleware[0]
      Executing endpoint 'RandomNumberApi.Controllers.RandomController.Get (RandomNumberApi)'
info: Microsoft.AspNetCore.Mvc.Infrastructure.ControllerActionInvoker[102]
      Route matched with {action = "Get", controller = "Random"}. Executing controller action with signature Microsoft.AspNetCore.Mvc.IActionResult Get() on controller RandomNumberApi.Controllers.RandomController (RandomNumberApi).
info: Microsoft.AspNetCore.Mvc.Infrastructure.ObjectResultExecutor[1]
      Executing OkObjectResult, writing value of type '<>f__AnonymousType0`1[[System.Int32, System.Private.CoreLib, Version=8.0.0.0, Culture=neutral, PublicKeyToken=7cec85d7bea7798e]]'.
info: Microsoft.AspNetCore.Mvc.Infrastructure.ControllerActionInvoker[105]
      Executed action RandomNumberApi.Controllers.RandomController.Get (RandomNumberApi) in 0.1485ms
info: Microsoft.AspNetCore.Routing.EndpointMiddleware[1]
      Executed endpoint 'RandomNumberApi.Controllers.RandomController.Get (RandomNumberApi)'
info: Microsoft.AspNetCore.Hosting.Diagnostics[2]
      Request finished HTTP/1.1 GET http://localhost:5000/api/random - 200 - application/json;+charset=utf-8 0.3932ms
info: Microsoft.AspNetCore.Hosting.Diagnostics[1]
      Request starting HTTP/1.1 GET http://localhost:5000/api/random - - -
info: Microsoft.AspNetCore.Routing.EndpointMiddleware[0]
      Executing endpoint 'RandomNumberApi.Controllers.RandomController.Get (RandomNumberApi)'
info: Microsoft.AspNetCore.Mvc.Infrastructure.ControllerActionInvoker[102]
      Route matched with {action = "Get", controller = "Random"}. Executing controller action with signature Microsoft.AspNetCore.Mvc.IActionResult Get() on controller RandomNumberApi.Controllers.RandomController (RandomNumberApi).
info: Microsoft.AspNetCore.Mvc.Infrastructure.ObjectResultExecutor[1]
      Executing OkObjectResult, writing value of type '<>f__AnonymousType0`1[[System.Int32, System.Private.CoreLib, Version=8.0.0.0, Culture=neutral, PublicKeyToken=7cec85d7bea7798e]]'.
info: Microsoft.AspNetCore.Mvc.Infrastructure.ControllerActionInvoker[105]
      Executed action RandomNumberApi.Controllers.RandomController.Get (RandomNumberApi) in 0.1436ms
info: Microsoft.AspNetCore.Routing.EndpointMiddleware[1]
      Executed endpoint 'RandomNumberApi.Controllers.RandomController.Get (RandomNumberApi)'
info: Microsoft.AspNetCore.Hosting.Diagnostics[2]
      Request finished HTTP/1.1 GET http://localhost:5000/api/random - 200 - application/json;+charset=utf-8 0.6477ms
info: Microsoft.AspNetCore.Hosting.Diagnostics[1]
      Request starting HTTP/1.1 GET http://localhost:5000/api/random - - -
info: Microsoft.AspNetCore.Routing.EndpointMiddleware[0]
      Executing endpoint 'RandomNumberApi.Controllers.RandomController.Get (RandomNumberApi)'
info: Microsoft.AspNetCore.Mvc.Infrastructure.ControllerActionInvoker[102]
      Route matched with {action = "Get", controller = "Random"}. Executing controller action with signature Microsoft.AspNetCore.Mvc.IActionResult Get() on controller RandomNumberApi.Controllers.RandomController (RandomNumberApi).
info: Microsoft.AspNetCore.Mvc.Infrastructure.ObjectResultExecutor[1]
      Executing OkObjectResult, writing value of type '<>f__AnonymousType0`1[[System.Int32, System.Private.CoreLib, Version=8.0.0.0, Culture=neutral, PublicKeyToken=7cec85d7bea7798e]]'.
info: Microsoft.AspNetCore.Mvc.Infrastructure.ControllerActionInvoker[105]
      Executed action RandomNumberApi.Controllers.RandomController.Get (RandomNumberApi) in 0.1042ms
info: Microsoft.AspNetCore.Routing.EndpointMiddleware[1]
      Executed endpoint 'RandomNumberApi.Controllers.RandomController.Get (RandomNumberApi)'
info: Microsoft.AspNetCore.Hosting.Diagnostics[2]
      Request finished HTTP/1.1 GET http://localhost:5000/api/random - 200 - application/json;+charset=utf-8 0.3001ms
info: Microsoft.AspNetCore.Hosting.Diagnostics[1]
      Request starting HTTP/1.1 GET http://localhost:5000/api/random - - -
info: Microsoft.AspNetCore.Routing.EndpointMiddleware[0]
      Executing endpoint 'RandomNumberApi.Controllers.RandomController.Get (RandomNumberApi)'
info: Microsoft.AspNetCore.Mvc.Infrastructure.ControllerActionInvoker[102]
      Route matched with {action = "Get", controller = "Random"}. Executing controller action with signature Microsoft.AspNetCore.Mvc.IActionResult Get() on controller RandomNumberApi.Controllers.RandomController (RandomNumberApi).
info: Microsoft.AspNetCore.Mvc.Infrastructure.ObjectResultExecutor[1]
      Executing OkObjectResult, writing value of type '<>f__AnonymousType0`1[[System.Int32, System.Private.CoreLib, Version=8.0.0.0, Culture=neutral, PublicKeyToken=7cec85d7bea7798e]]'.
info: Microsoft.AspNetCore.Mvc.Infrastructure.ControllerActionInvoker[105]
      Executed action RandomNumberApi.Controllers.RandomController.Get (RandomNumberApi) in 0.1053ms
info: Microsoft.AspNetCore.Routing.EndpointMiddleware[1]
      Executed endpoint 'RandomNumberApi.Controllers.RandomController.Get (RandomNumberApi)'
info: Microsoft.AspNetCore.Hosting.Diagnostics[2]
      Request finished HTTP/1.1 GET http://localhost:5000/api/random - 200 - application/json;+charset=utf-8 0.3340ms
info: Microsoft.AspNetCore.Hosting.Diagnostics[1]
      Request starting HTTP/1.1 GET http://localhost:5000/api/random - - -
info: Microsoft.AspNetCore.Routing.EndpointMiddleware[0]
      Executing endpoint 'RandomNumberApi.Controllers.RandomController.Get (RandomNumberApi)'
info: Microsoft.AspNetCore.Mvc.Infrastructure.ControllerActionInvoker[102]
      Route matched with {action = "Get", controller = "Random"}. Executing controller action with signature Microsoft.AspNetCore.Mvc.IActionResult Get() on controller RandomNumberApi.Controllers.RandomController (RandomNumberApi).
info: Microsoft.AspNetCore.Mvc.Infrastructure.ObjectResultExecutor[1]
      Executing OkObjectResult, writing value of type '<>f__AnonymousType0`1[[System.Int32, System.Private.CoreLib, Version=8.0.0.0, Culture=neutral, PublicKeyToken=7cec85d7bea7798e]]'.
info: Microsoft.AspNetCore.Mvc.Infrastructure.ControllerActionInvoker[105]
      Executed action RandomNumberApi.Controllers.RandomController.Get (RandomNumberApi) in 1.1829ms
info: Microsoft.AspNetCore.Routing.EndpointMiddleware[1]
      Executed endpoint 'RandomNumberApi.Controllers.RandomController.Get (RandomNumberApi)'
info: Microsoft.AspNetCore.Hosting.Diagnostics[2]
      Request finished HTTP/1.1 GET http://localhost:5000/api/random - 200 - application/json;+charset=utf-8 1.3551ms
info: Microsoft.AspNetCore.Hosting.Diagnostics[1]
      Request starting HTTP/1.1 GET http://localhost:5000/api/random - - -
info: Microsoft.AspNetCore.Routing.EndpointMiddleware[0]
      Executing endpoint 'RandomNumberApi.Controllers.RandomController.Get (RandomNumberApi)'
info: Microsoft.AspNetCore.Mvc.Infrastructure.ControllerActionInvoker[102]
      Route matched with {action = "Get", controller = "Random"}. Executing controller action with signature Microsoft.AspNetCore.Mvc.IActionResult Get() on controller RandomNumberApi.Controllers.RandomController (RandomNumberApi).
info: Microsoft.AspNetCore.Mvc.Infrastructure.ObjectResultExecutor[1]
      Executing OkObjectResult, writing value of type '<>f__AnonymousType0`1[[System.Int32, System.Private.CoreLib, Version=8.0.0.0, Culture=neutral, PublicKeyToken=7cec85d7bea7798e]]'.
info: Microsoft.AspNetCore.Mvc.Infrastructure.ControllerActionInvoker[105]
      Executed action RandomNumberApi.Controllers.RandomController.Get (RandomNumberApi) in 0.439ms
info: Microsoft.AspNetCore.Routing.EndpointMiddleware[1]
      Executed endpoint 'RandomNumberApi.Controllers.RandomController.Get (RandomNumberApi)'
info: Microsoft.AspNetCore.Hosting.Diagnostics[2]
      Request finished HTTP/1.1 GET http://localhost:5000/api/random - 200 - application/json;+charset=utf-8 0.6438ms
info: Microsoft.AspNetCore.Hosting.Diagnostics[1]
      Request starting HTTP/1.1 GET http://localhost:5000/api/random - - -
info: Microsoft.AspNetCore.Routing.EndpointMiddleware[0]
      Executing endpoint 'RandomNumberApi.Controllers.RandomController.Get (RandomNumberApi)'
info: Microsoft.AspNetCore.Mvc.Infrastructure.ControllerActionInvoker[102]
      Route matched with {action = "Get", controller = "Random"}. Executing controller action with signature Microsoft.AspNetCore.Mvc.IActionResult Get() on controller RandomNumberApi.Controllers.RandomController (RandomNumberApi).
info: Microsoft.AspNetCore.Mvc.Infrastructure.ObjectResultExecutor[1]
      Executing OkObjectResult, writing value of type '<>f__AnonymousType0`1[[System.Int32, System.Private.CoreLib, Version=8.0.0.0, Culture=neutral, PublicKeyToken=7cec85d7bea7798e]]'.
info: Microsoft.AspNetCore.Mvc.Infrastructure.ControllerActionInvoker[105]
      Executed action RandomNumberApi.Controllers.RandomController.Get (RandomNumberApi) in 0.0777ms
info: Microsoft.AspNetCore.Routing.EndpointMiddleware[1]
      Executed endpoint 'RandomNumberApi.Controllers.RandomController.Get (RandomNumberApi)'
info: Microsoft.AspNetCore.Hosting.Diagnostics[2]
      Request finished HTTP/1.1 GET http://localhost:5000/api/random - 200 - application/json;+charset=utf-8 0.2507ms
info: Microsoft.AspNetCore.Hosting.Diagnostics[1]
      Request starting HTTP/1.1 GET http://localhost:5000/api/random - - -
info: Microsoft.AspNetCore.Routing.EndpointMiddleware[0]
      Executing endpoint 'RandomNumberApi.Controllers.RandomController.Get (RandomNumberApi)'
info: Microsoft.AspNetCore.Mvc.Infrastructure.ControllerActionInvoker[102]
      Route matched with {action = "Get", controller = "Random"}. Executing controller action with signature Microsoft.AspNetCore.Mvc.IActionResult Get() on controller RandomNumberApi.Controllers.RandomController (RandomNumberApi).
info: Microsoft.AspNetCore.Mvc.Infrastructure.ObjectResultExecutor[1]
      Executing OkObjectResult, writing value of type '<>f__AnonymousType0`1[[System.Int32, System.Private.CoreLib, Version=8.0.0.0, Culture=neutral, PublicKeyToken=7cec85d7bea7798e]]'.
info: Microsoft.AspNetCore.Mvc.Infrastructure.ControllerActionInvoker[105]
      Executed action RandomNumberApi.Controllers.RandomController.Get (RandomNumberApi) in 0.0765ms
info: Microsoft.AspNetCore.Routing.EndpointMiddleware[1]
      Executed endpoint 'RandomNumberApi.Controllers.RandomController.Get (RandomNumberApi)'
info: Microsoft.AspNetCore.Hosting.Diagnostics[2]
      Request finished HTTP/1.1 GET http://localhost:5000/api/random - 200 - application/json;+charset=utf-8 0.2620ms
info: Microsoft.AspNetCore.Hosting.Diagnostics[1]
      Request starting HTTP/1.1 GET http://localhost:5000/api/random - - -
info: Microsoft.AspNetCore.Routing.EndpointMiddleware[0]
      Executing endpoint 'RandomNumberApi.Controllers.RandomController.Get (RandomNumberApi)'
info: Microsoft.AspNetCore.Mvc.Infrastructure.ControllerActionInvoker[102]
      Route matched with {action = "Get", controller = "Random"}. Executing controller action with signature Microsoft.AspNetCore.Mvc.IActionResult Get() on controller RandomNumberApi.Controllers.RandomController (RandomNumberApi).
info: Microsoft.AspNetCore.Mvc.Infrastructure.ObjectResultExecutor[1]
      Executing OkObjectResult, writing value of type '<>f__AnonymousType0`1[[System.Int32, System.Private.CoreLib, Version=8.0.0.0, Culture=neutral, PublicKeyToken=7cec85d7bea7798e]]'.
info: Microsoft.AspNetCore.Mvc.Infrastructure.ControllerActionInvoker[105]
      Executed action RandomNumberApi.Controllers.RandomController.Get (RandomNumberApi) in 0.4254ms
info: Microsoft.AspNetCore.Routing.EndpointMiddleware[1]
      Executed endpoint 'RandomNumberApi.Controllers.RandomController.Get (RandomNumberApi)'
info: Microsoft.AspNetCore.Hosting.Diagnostics[2]
      Request finished HTTP/1.1 GET http://localhost:5000/api/random - 200 - application/json;+charset=utf-8 0.6059ms
info: Microsoft.AspNetCore.Hosting.Diagnostics[1]
      Request starting HTTP/1.1 GET http://localhost:5000/api/random - - -
info: Microsoft.AspNetCore.Routing.EndpointMiddleware[0]
      Executing endpoint 'RandomNumberApi.Controllers.RandomController.Get (RandomNumberApi)'
info: Microsoft.AspNetCore.Mvc.Infrastructure.ControllerActionInvoker[102]
      Route matched with {action = "Get", controller = "Random"}. Executing controller action with signature Microsoft.AspNetCore.Mvc.IActionResult Get() on controller RandomNumberApi.Controllers.RandomController (RandomNumberApi).
info: Microsoft.AspNetCore.Mvc.Infrastructure.ObjectResultExecutor[1]
      Executing OkObjectResult, writing value of type '<>f__AnonymousType0`1[[System.Int32, System.Private.CoreLib, Version=8.0.0.0, Culture=neutral, PublicKeyToken=7cec85d7bea7798e]]'.
info: Microsoft.AspNetCore.Mvc.Infrastructure.ControllerActionInvoker[105]
      Executed action RandomNumberApi.Controllers.RandomController.Get (RandomNumberApi) in 0.1198ms
info: Microsoft.AspNetCore.Routing.EndpointMiddleware[1]
      Executed endpoint 'RandomNumberApi.Controllers.RandomController.Get (RandomNumberApi)'
info: Microsoft.AspNetCore.Hosting.Diagnostics[2]
      Request finished HTTP/1.1 GET http://localhost:5000/api/random - 200 - application/json;+charset=utf-8 0.3527ms
info: Microsoft.AspNetCore.Hosting.Diagnostics[1]
      Request starting HTTP/1.1 GET http://localhost:5000/api/random - - -
info: Microsoft.AspNetCore.Routing.EndpointMiddleware[0]
      Executing endpoint 'RandomNumberApi.Controllers.RandomController.Get (RandomNumberApi)'
info: Microsoft.AspNetCore.Mvc.Infrastructure.ControllerActionInvoker[102]
      Route matched with {action = "Get", controller = "Random"}. Executing controller action with signature Microsoft.AspNetCore.Mvc.IActionResult Get() on controller RandomNumberApi.Controllers.RandomController (RandomNumberApi).
info: Microsoft.AspNetCore.Mvc.Infrastructure.ObjectResultExecutor[1]
      Executing OkObjectResult, writing value of type '<>f__AnonymousType0`1[[System.Int32, System.Private.CoreLib, Version=8.0.0.0, Culture=neutral, PublicKeyToken=7cec85d7bea7798e]]'.
info: Microsoft.AspNetCore.Mvc.Infrastructure.ControllerActionInvoker[105]
      Executed action RandomNumberApi.Controllers.RandomController.Get (RandomNumberApi) in 0.2642ms
info: Microsoft.AspNetCore.Routing.EndpointMiddleware[1]
      Executed endpoint 'RandomNumberApi.Controllers.RandomController.Get (RandomNumberApi)'
info: Microsoft.AspNetCore.Hosting.Diagnostics[2]
      Request finished HTTP/1.1 GET http://localhost:5000/api/random - 200 - application/json;+charset=utf-8 0.4784ms
info: Microsoft.AspNetCore.Hosting.Diagnostics[1]
      Request starting HTTP/1.1 GET http://localhost:5000/api/random - - -
info: Microsoft.AspNetCore.Routing.EndpointMiddleware[0]
      Executing endpoint 'RandomNumberApi.Controllers.RandomController.Get (RandomNumberApi)'
info: Microsoft.AspNetCore.Mvc.Infrastructure.ControllerActionInvoker[102]
      Route matched with {action = "Get", controller = "Random"}. Executing controller action with signature Microsoft.AspNetCore.Mvc.IActionResult Get() on controller RandomNumberApi.Controllers.RandomController (RandomNumberApi).
info: Microsoft.AspNetCore.Mvc.Infrastructure.ObjectResultExecutor[1]
      Executing OkObjectResult, writing value of type '<>f__AnonymousType0`1[[System.Int32, System.Private.CoreLib, Version=8.0.0.0, Culture=neutral, PublicKeyToken=7cec85d7bea7798e]]'.
info: Microsoft.AspNetCore.Mvc.Infrastructure.ControllerActionInvoker[105]
      Executed action RandomNumberApi.Controllers.RandomController.Get (RandomNumberApi) in 0.0915ms
info: Microsoft.AspNetCore.Routing.EndpointMiddleware[1]
      Executed endpoint 'RandomNumberApi.Controllers.RandomController.Get (RandomNumberApi)'
info: Microsoft.AspNetCore.Hosting.Diagnostics[2]
      Request finished HTTP/1.1 GET http://localhost:5000/api/random - 200 - application/json;+charset=utf-8 0.2901ms
info: Microsoft.AspNetCore.Hosting.Diagnostics[1]
      Request starting HTTP/1.1 GET http://localhost:5000/api/random - - -
info: Microsoft.AspNetCore.Routing.EndpointMiddleware[0]
      Executing endpoint 'RandomNumberApi.Controllers.RandomController.Get (RandomNumberApi)'
info: Microsoft.AspNetCore.Mvc.Infrastructure.ControllerActionInvoker[102]
      Route matched with {action = "Get", controller = "Random"}. Executing controller action with signature Microsoft.AspNetCore.Mvc.IActionResult Get() on controller RandomNumberApi.Controllers.RandomController (RandomNumberApi).
info: Microsoft.AspNetCore.Mvc.Infrastructure.ObjectResultExecutor[1]
      Executing OkObjectResult, writing value of type '<>f__AnonymousType0`1[[System.Int32, System.Private.CoreLib, Version=8.0.0.0, Culture=neutral, PublicKeyToken=7cec85d7bea7798e]]'.
info: Microsoft.AspNetCore.Mvc.Infrastructure.ControllerActionInvoker[105]
      Executed action RandomNumberApi.Controllers.RandomController.Get (RandomNumberApi) in 0.1146ms
info: Microsoft.AspNetCore.Routing.EndpointMiddleware[1]
      Executed endpoint 'RandomNumberApi.Controllers.RandomController.Get (RandomNumberApi)'
info: Microsoft.AspNetCore.Hosting.Diagnostics[2]
      Request finished HTTP/1.1 GET http://localhost:5000/api/random - 200 - application/json;+charset=utf-8 0.3428ms
info: Microsoft.AspNetCore.Hosting.Diagnostics[1]
      Request starting HTTP/1.1 GET http://localhost:5000/api/random - - -
info: Microsoft.AspNetCore.Routing.EndpointMiddleware[0]
      Executing endpoint 'RandomNumberApi.Controllers.RandomController.Get (RandomNumberApi)'
info: Microsoft.AspNetCore.Mvc.Infrastructure.ControllerActionInvoker[102]
      Route matched with {action = "Get", controller = "Random"}. Executing controller action with signature Microsoft.AspNetCore.Mvc.IActionResult Get() on controller RandomNumberApi.Controllers.RandomController (RandomNumberApi).
info: Microsoft.AspNetCore.Mvc.Infrastructure.ObjectResultExecutor[1]
      Executing OkObjectResult, writing value of type '<>f__AnonymousType0`1[[System.Int32, System.Private.CoreLib, Version=8.0.0.0, Culture=neutral, PublicKeyToken=7cec85d7bea7798e]]'.
info: Microsoft.AspNetCore.Mvc.Infrastructure.ControllerActionInvoker[105]
      Executed action RandomNumberApi.Controllers.RandomController.Get (RandomNumberApi) in 0.0809ms
info: Microsoft.AspNetCore.Routing.EndpointMiddleware[1]
      Executed endpoint 'RandomNumberApi.Controllers.RandomController.Get (RandomNumberApi)'
info: Microsoft.AspNetCore.Hosting.Diagnostics[2]
      Request finished HTTP/1.1 GET http://localhost:5000/api/random - 200 - application/json;+charset=utf-8 0.2446ms
info: Microsoft.AspNetCore.Hosting.Diagnostics[1]
      Request starting HTTP/1.1 GET http://localhost:5000/api/random - - -
info: Microsoft.AspNetCore.Routing.EndpointMiddleware[0]
      Executing endpoint 'RandomNumberApi.Controllers.RandomController.Get (RandomNumberApi)'
info: Microsoft.AspNetCore.Mvc.Infrastructure.ControllerActionInvoker[102]
      Route matched with {action = "Get", controller = "Random"}. Executing controller action with signature Microsoft.AspNetCore.Mvc.IActionResult Get() on controller RandomNumberApi.Controllers.RandomController (RandomNumberApi).
info: Microsoft.AspNetCore.Mvc.Infrastructure.ObjectResultExecutor[1]
      Executing OkObjectResult, writing value of type '<>f__AnonymousType0`1[[System.Int32, System.Private.CoreLib, Version=8.0.0.0, Culture=neutral, PublicKeyToken=7cec85d7bea7798e]]'.
info: Microsoft.AspNetCore.Mvc.Infrastructure.ControllerActionInvoker[105]
      Executed action RandomNumberApi.Controllers.RandomController.Get (RandomNumberApi) in 0.0784ms
info: Microsoft.AspNetCore.Routing.EndpointMiddleware[1]
      Executed endpoint 'RandomNumberApi.Controllers.RandomController.Get (RandomNumberApi)'
info: Microsoft.AspNetCore.Hosting.Diagnostics[2]
      Request finished HTTP/1.1 GET http://localhost:5000/api/random - 200 - application/json;+charset=utf-8 0.2449ms
info: Microsoft.AspNetCore.Hosting.Diagnostics[1]
      Request starting HTTP/1.1 GET http://localhost:5000/api/random - - -
info: Microsoft.AspNetCore.Routing.EndpointMiddleware[0]
      Executing endpoint 'RandomNumberApi.Controllers.RandomController.Get (RandomNumberApi)'
info: Microsoft.AspNetCore.Mvc.Infrastructure.ControllerActionInvoker[102]
      Route matched with {action = "Get", controller = "Random"}. Executing controller action with signature Microsoft.AspNetCore.Mvc.IActionResult Get() on controller RandomNumberApi.Controllers.RandomController (RandomNumberApi).
info: Microsoft.AspNetCore.Mvc.Infrastructure.ObjectResultExecutor[1]
      Executing OkObjectResult, writing value of type '<>f__AnonymousType0`1[[System.Int32, System.Private.CoreLib, Version=8.0.0.0, Culture=neutral, PublicKeyToken=7cec85d7bea7798e]]'.
info: Microsoft.AspNetCore.Mvc.Infrastructure.ControllerActionInvoker[105]
      Executed action RandomNumberApi.Controllers.RandomController.Get (RandomNumberApi) in 0.1197ms
info: Microsoft.AspNetCore.Routing.EndpointMiddleware[1]
      Executed endpoint 'RandomNumberApi.Controllers.RandomController.Get (RandomNumberApi)'
info: Microsoft.AspNetCore.Hosting.Diagnostics[2]
      Request finished HTTP/1.1 GET http://localhost:5000/api/random - 200 - application/json;+charset=utf-8 0.3490ms
info: Microsoft.AspNetCore.Hosting.Diagnostics[1]
      Request starting HTTP/1.1 GET http://localhost:5000/api/random - - -
info: Microsoft.AspNetCore.Routing.EndpointMiddleware[0]
      Executing endpoint 'RandomNumberApi.Controllers.RandomController.Get (RandomNumberApi)'
info: Microsoft.AspNetCore.Mvc.Infrastructure.ControllerActionInvoker[102]
      Route matched with {action = "Get", controller = "Random"}. Executing controller action with signature Microsoft.AspNetCore.Mvc.IActionResult Get() on controller RandomNumberApi.Controllers.RandomController (RandomNumberApi).
info: Microsoft.AspNetCore.Mvc.Infrastructure.ObjectResultExecutor[1]
      Executing OkObjectResult, writing value of type '<>f__AnonymousType0`1[[System.Int32, System.Private.CoreLib, Version=8.0.0.0, Culture=neutral, PublicKeyToken=7cec85d7bea7798e]]'.
info: Microsoft.AspNetCore.Mvc.Infrastructure.ControllerActionInvoker[105]
      Executed action RandomNumberApi.Controllers.RandomController.Get (RandomNumberApi) in 0.1212ms
info: Microsoft.AspNetCore.Routing.EndpointMiddleware[1]
      Executed endpoint 'RandomNumberApi.Controllers.RandomController.Get (RandomNumberApi)'
info: Microsoft.AspNetCore.Hosting.Diagnostics[2]
      Request finished HTTP/1.1 GET http://localhost:5000/api/random - 200 - application/json;+charset=utf-8 0.3704ms
info: Microsoft.AspNetCore.Hosting.Diagnostics[1]
      Request starting HTTP/1.1 GET http://localhost:5000/api/random - - -
info: Microsoft.AspNetCore.Routing.EndpointMiddleware[0]
      Executing endpoint 'RandomNumberApi.Controllers.RandomController.Get (RandomNumberApi)'
info: Microsoft.AspNetCore.Mvc.Infrastructure.ControllerActionInvoker[102]
      Route matched with {action = "Get", controller = "Random"}. Executing controller action with signature Microsoft.AspNetCore.Mvc.IActionResult Get() on controller RandomNumberApi.Controllers.RandomController (RandomNumberApi).
info: Microsoft.AspNetCore.Mvc.Infrastructure.ObjectResultExecutor[1]
      Executing OkObjectResult, writing value of type '<>f__AnonymousType0`1[[System.Int32, System.Private.CoreLib, Version=8.0.0.0, Culture=neutral, PublicKeyToken=7cec85d7bea7798e]]'.
info: Microsoft.AspNetCore.Mvc.Infrastructure.ControllerActionInvoker[105]
      Executed action RandomNumberApi.Controllers.RandomController.Get (RandomNumberApi) in 0.1247ms
info: Microsoft.AspNetCore.Routing.EndpointMiddleware[1]
      Executed endpoint 'RandomNumberApi.Controllers.RandomController.Get (RandomNumberApi)'
info: Microsoft.AspNetCore.Hosting.Diagnostics[2]
      Request finished HTTP/1.1 GET http://localhost:5000/api/random - 200 - application/json;+charset=utf-8 0.3547ms
info: Microsoft.AspNetCore.Hosting.Diagnostics[1]
      Request starting HTTP/1.1 GET http://localhost:5000/api/random - - -
info: Microsoft.AspNetCore.Routing.EndpointMiddleware[0]
      Executing endpoint 'RandomNumberApi.Controllers.RandomController.Get (RandomNumberApi)'
info: Microsoft.AspNetCore.Mvc.Infrastructure.ControllerActionInvoker[102]
      Route matched with {action = "Get", controller = "Random"}. Executing controller action with signature Microsoft.AspNetCore.Mvc.IActionResult Get() on controller RandomNumberApi.Controllers.RandomController (RandomNumberApi).
info: Microsoft.AspNetCore.Mvc.Infrastructure.ObjectResultExecutor[1]
      Executing OkObjectResult, writing value of type '<>f__AnonymousType0`1[[System.Int32, System.Private.CoreLib, Version=8.0.0.0, Culture=neutral, PublicKeyToken=7cec85d7bea7798e]]'.
info: Microsoft.AspNetCore.Mvc.Infrastructure.ControllerActionInvoker[105]
      Executed action RandomNumberApi.Controllers.RandomController.Get (RandomNumberApi) in 0.154ms
info: Microsoft.AspNetCore.Routing.EndpointMiddleware[1]
      Executed endpoint 'RandomNumberApi.Controllers.RandomController.Get (RandomNumberApi)'
info: Microsoft.AspNetCore.Hosting.Diagnostics[2]
      Request finished HTTP/1.1 GET http://localhost:5000/api/random - 200 - application/json;+charset=utf-8 0.4593ms
info: Microsoft.AspNetCore.Hosting.Diagnostics[1]
      Request starting HTTP/1.1 GET http://localhost:5000/api/random - - -
info: Microsoft.AspNetCore.Routing.EndpointMiddleware[0]
      Executing endpoint 'RandomNumberApi.Controllers.RandomController.Get (RandomNumberApi)'
info: Microsoft.AspNetCore.Mvc.Infrastructure.ControllerActionInvoker[102]
      Route matched with {action = "Get", controller = "Random"}. Executing controller action with signature Microsoft.AspNetCore.Mvc.IActionResult Get() on controller RandomNumberApi.Controllers.RandomController (RandomNumberApi).
info: Microsoft.AspNetCore.Mvc.Infrastructure.ObjectResultExecutor[1]
      Executing OkObjectResult, writing value of type '<>f__AnonymousType0`1[[System.Int32, System.Private.CoreLib, Version=8.0.0.0, Culture=neutral, PublicKeyToken=7cec85d7bea7798e]]'.
info: Microsoft.AspNetCore.Mvc.Infrastructure.ControllerActionInvoker[105]
      Executed action RandomNumberApi.Controllers.RandomController.Get (RandomNumberApi) in 0.7945ms
info: Microsoft.AspNetCore.Routing.EndpointMiddleware[1]
      Executed endpoint 'RandomNumberApi.Controllers.RandomController.Get (RandomNumberApi)'
info: Microsoft.AspNetCore.Hosting.Diagnostics[2]
      Request finished HTTP/1.1 GET http://localhost:5000/api/random - 200 - application/json;+charset=utf-8 0.9812ms
info: Microsoft.AspNetCore.Hosting.Diagnostics[1]
      Request starting HTTP/1.1 GET http://localhost:5000/api/random - - -
info: Microsoft.AspNetCore.Routing.EndpointMiddleware[0]
      Executing endpoint 'RandomNumberApi.Controllers.RandomController.Get (RandomNumberApi)'
info: Microsoft.AspNetCore.Mvc.Infrastructure.ControllerActionInvoker[102]
      Route matched with {action = "Get", controller = "Random"}. Executing controller action with signature Microsoft.AspNetCore.Mvc.IActionResult Get() on controller RandomNumberApi.Controllers.RandomController (RandomNumberApi).
info: Microsoft.AspNetCore.Mvc.Infrastructure.ObjectResultExecutor[1]
      Executing OkObjectResult, writing value of type '<>f__AnonymousType0`1[[System.Int32, System.Private.CoreLib, Version=8.0.0.0, Culture=neutral, PublicKeyToken=7cec85d7bea7798e]]'.
info: Microsoft.AspNetCore.Mvc.Infrastructure.ControllerActionInvoker[105]
      Executed action RandomNumberApi.Controllers.RandomController.Get (RandomNumberApi) in 0.0709ms
info: Microsoft.AspNetCore.Routing.EndpointMiddleware[1]
      Executed endpoint 'RandomNumberApi.Controllers.RandomController.Get (RandomNumberApi)'
info: Microsoft.AspNetCore.Hosting.Diagnostics[2]
      Request finished HTTP/1.1 GET http://localhost:5000/api/random - 200 - application/json;+charset=utf-8 0.2940ms
info: Microsoft.AspNetCore.Hosting.Diagnostics[1]
      Request starting HTTP/1.1 GET http://localhost:5000/api/random - - -
info: Microsoft.AspNetCore.Routing.EndpointMiddleware[0]
      Executing endpoint 'RandomNumberApi.Controllers.RandomController.Get (RandomNumberApi)'
info: Microsoft.AspNetCore.Mvc.Infrastructure.ControllerActionInvoker[102]
      Route matched with {action = "Get", controller = "Random"}. Executing controller action with signature Microsoft.AspNetCore.Mvc.IActionResult Get() on controller RandomNumberApi.Controllers.RandomController (RandomNumberApi).
info: Microsoft.AspNetCore.Mvc.Infrastructure.ObjectResultExecutor[1]
      Executing OkObjectResult, writing value of type '<>f__AnonymousType0`1[[System.Int32, System.Private.CoreLib, Version=8.0.0.0, Culture=neutral, PublicKeyToken=7cec85d7bea7798e]]'.
info: Microsoft.AspNetCore.Mvc.Infrastructure.ControllerActionInvoker[105]
      Executed action RandomNumberApi.Controllers.RandomController.Get (RandomNumberApi) in 0.0901ms
info: Microsoft.AspNetCore.Routing.EndpointMiddleware[1]
      Executed endpoint 'RandomNumberApi.Controllers.RandomController.Get (RandomNumberApi)'
info: Microsoft.AspNetCore.Hosting.Diagnostics[2]
      Request finished HTTP/1.1 GET http://localhost:5000/api/random - 200 - application/json;+charset=utf-8 0.2705ms
info: Microsoft.AspNetCore.Hosting.Diagnostics[1]
      Request starting HTTP/1.1 GET http://localhost:5000/api/random - - -
info: Microsoft.AspNetCore.Routing.EndpointMiddleware[0]
      Executing endpoint 'RandomNumberApi.Controllers.RandomController.Get (RandomNumberApi)'
info: Microsoft.AspNetCore.Mvc.Infrastructure.ControllerActionInvoker[102]
      Route matched with {action = "Get", controller = "Random"}. Executing controller action with signature Microsoft.AspNetCore.Mvc.IActionResult Get() on controller RandomNumberApi.Controllers.RandomController (RandomNumberApi).
info: Microsoft.AspNetCore.Mvc.Infrastructure.ObjectResultExecutor[1]
      Executing OkObjectResult, writing value of type '<>f__AnonymousType0`1[[System.Int32, System.Private.CoreLib, Version=8.0.0.0, Culture=neutral, PublicKeyToken=7cec85d7bea7798e]]'.
info: Microsoft.AspNetCore.Mvc.Infrastructure.ControllerActionInvoker[105]
      Executed action RandomNumberApi.Controllers.RandomController.Get (RandomNumberApi) in 0.1312ms
info: Microsoft.AspNetCore.Routing.EndpointMiddleware[1]
      Executed endpoint 'RandomNumberApi.Controllers.RandomController.Get (RandomNumberApi)'
info: Microsoft.AspNetCore.Hosting.Diagnostics[2]
      Request finished HTTP/1.1 GET http://localhost:5000/api/random - 200 - application/json;+charset=utf-8 0.3573ms
info: Microsoft.AspNetCore.Hosting.Diagnostics[1]
      Request starting HTTP/1.1 GET http://localhost:5000/api/random - - -
info: Microsoft.AspNetCore.Routing.EndpointMiddleware[0]
      Executing endpoint 'RandomNumberApi.Controllers.RandomController.Get (RandomNumberApi)'
info: Microsoft.AspNetCore.Mvc.Infrastructure.ControllerActionInvoker[102]
      Route matched with {action = "Get", controller = "Random"}. Executing controller action with signature Microsoft.AspNetCore.Mvc.IActionResult Get() on controller RandomNumberApi.Controllers.RandomController (RandomNumberApi).
info: Microsoft.AspNetCore.Mvc.Infrastructure.ObjectResultExecutor[1]
      Executing OkObjectResult, writing value of type '<>f__AnonymousType0`1[[System.Int32, System.Private.CoreLib, Version=8.0.0.0, Culture=neutral, PublicKeyToken=7cec85d7bea7798e]]'.
info: Microsoft.AspNetCore.Mvc.Infrastructure.ControllerActionInvoker[105]
      Executed action RandomNumberApi.Controllers.RandomController.Get (RandomNumberApi) in 0.1017ms
info: Microsoft.AspNetCore.Routing.EndpointMiddleware[1]
      Executed endpoint 'RandomNumberApi.Controllers.RandomController.Get (RandomNumberApi)'
info: Microsoft.AspNetCore.Hosting.Diagnostics[2]
      Request finished HTTP/1.1 GET http://localhost:5000/api/random - 200 - application/json;+charset=utf-8 0.4105ms
info: Microsoft.AspNetCore.Hosting.Diagnostics[1]
      Request starting HTTP/1.1 GET http://localhost:5000/api/random - - -
info: Microsoft.AspNetCore.Routing.EndpointMiddleware[0]
      Executing endpoint 'RandomNumberApi.Controllers.RandomController.Get (RandomNumberApi)'
info: Microsoft.AspNetCore.Mvc.Infrastructure.ControllerActionInvoker[102]
      Route matched with {action = "Get", controller = "Random"}. Executing controller action with signature Microsoft.AspNetCore.Mvc.IActionResult Get() on controller RandomNumberApi.Controllers.RandomController (RandomNumberApi).
info: Microsoft.AspNetCore.Mvc.Infrastructure.ObjectResultExecutor[1]
      Executing OkObjectResult, writing value of type '<>f__AnonymousType0`1[[System.Int32, System.Private.CoreLib, Version=8.0.0.0, Culture=neutral, PublicKeyToken=7cec85d7bea7798e]]'.
info: Microsoft.AspNetCore.Mvc.Infrastructure.ControllerActionInvoker[105]
      Executed action RandomNumberApi.Controllers.RandomController.Get (RandomNumberApi) in 0.1059ms
info: Microsoft.AspNetCore.Routing.EndpointMiddleware[1]
      Executed endpoint 'RandomNumberApi.Controllers.RandomController.Get (RandomNumberApi)'
info: Microsoft.AspNetCore.Hosting.Diagnostics[2]
      Request finished HTTP/1.1 GET http://localhost:5000/api/random - 200 - application/json;+charset=utf-8 0.3167ms
info: Microsoft.AspNetCore.Hosting.Diagnostics[1]
      Request starting HTTP/1.1 GET http://localhost:5000/api/random - - -
info: Microsoft.AspNetCore.Routing.EndpointMiddleware[0]
      Executing endpoint 'RandomNumberApi.Controllers.RandomController.Get (RandomNumberApi)'
info: Microsoft.AspNetCore.Mvc.Infrastructure.ControllerActionInvoker[102]
      Route matched with {action = "Get", controller = "Random"}. Executing controller action with signature Microsoft.AspNetCore.Mvc.IActionResult Get() on controller RandomNumberApi.Controllers.RandomController (RandomNumberApi).
info: Microsoft.AspNetCore.Mvc.Infrastructure.ObjectResultExecutor[1]
      Executing OkObjectResult, writing value of type '<>f__AnonymousType0`1[[System.Int32, System.Private.CoreLib, Version=8.0.0.0, Culture=neutral, PublicKeyToken=7cec85d7bea7798e]]'.
info: Microsoft.AspNetCore.Mvc.Infrastructure.ControllerActionInvoker[105]
      Executed action RandomNumberApi.Controllers.RandomController.Get (RandomNumberApi) in 0.1096ms
info: Microsoft.AspNetCore.Routing.EndpointMiddleware[1]
      Executed endpoint 'RandomNumberApi.Controllers.RandomController.Get (RandomNumberApi)'
info: Microsoft.AspNetCore.Hosting.Diagnostics[2]
      Request finished HTTP/1.1 GET http://localhost:5000/api/random - 200 - application/json;+charset=utf-8 0.3579ms
info: Microsoft.AspNetCore.Hosting.Diagnostics[1]
      Request starting HTTP/1.1 GET http://localhost:5000/api/random - - -
info: Microsoft.AspNetCore.Routing.EndpointMiddleware[0]
      Executing endpoint 'RandomNumberApi.Controllers.RandomController.Get (RandomNumberApi)'
info: Microsoft.AspNetCore.Mvc.Infrastructure.ControllerActionInvoker[102]
      Route matched with {action = "Get", controller = "Random"}. Executing controller action with signature Microsoft.AspNetCore.Mvc.IActionResult Get() on controller RandomNumberApi.Controllers.RandomController (RandomNumberApi).
info: Microsoft.AspNetCore.Mvc.Infrastructure.ObjectResultExecutor[1]
      Executing OkObjectResult, writing value of type '<>f__AnonymousType0`1[[System.Int32, System.Private.CoreLib, Version=8.0.0.0, Culture=neutral, PublicKeyToken=7cec85d7bea7798e]]'.
info: Microsoft.AspNetCore.Mvc.Infrastructure.ControllerActionInvoker[105]
      Executed action RandomNumberApi.Controllers.RandomController.Get (RandomNumberApi) in 0.1413ms
info: Microsoft.AspNetCore.Routing.EndpointMiddleware[1]
      Executed endpoint 'RandomNumberApi.Controllers.RandomController.Get (RandomNumberApi)'
info: Microsoft.AspNetCore.Hosting.Diagnostics[2]
      Request finished HTTP/1.1 GET http://localhost:5000/api/random - 200 - application/json;+charset=utf-8 0.3445ms
info: Microsoft.AspNetCore.Hosting.Diagnostics[1]
      Request starting HTTP/1.1 GET http://localhost:5000/api/random - - -
info: Microsoft.AspNetCore.Routing.EndpointMiddleware[0]
      Executing endpoint 'RandomNumberApi.Controllers.RandomController.Get (RandomNumberApi)'
info: Microsoft.AspNetCore.Mvc.Infrastructure.ControllerActionInvoker[102]
      Route matched with {action = "Get", controller = "Random"}. Executing controller action with signature Microsoft.AspNetCore.Mvc.IActionResult Get() on controller RandomNumberApi.Controllers.RandomController (RandomNumberApi).
info: Microsoft.AspNetCore.Mvc.Infrastructure.ObjectResultExecutor[1]
      Executing OkObjectResult, writing value of type '<>f__AnonymousType0`1[[System.Int32, System.Private.CoreLib, Version=8.0.0.0, Culture=neutral, PublicKeyToken=7cec85d7bea7798e]]'.
info: Microsoft.AspNetCore.Mvc.Infrastructure.ControllerActionInvoker[105]
      Executed action RandomNumberApi.Controllers.RandomController.Get (RandomNumberApi) in 0.1641ms
info: Microsoft.AspNetCore.Routing.EndpointMiddleware[1]
      Executed endpoint 'RandomNumberApi.Controllers.RandomController.Get (RandomNumberApi)'
info: Microsoft.AspNetCore.Hosting.Diagnostics[2]
      Request finished HTTP/1.1 GET http://localhost:5000/api/random - 200 - application/json;+charset=utf-8 0.6076ms
info: Microsoft.AspNetCore.Hosting.Diagnostics[1]
      Request starting HTTP/1.1 GET http://localhost:5000/api/random - - -
info: Microsoft.AspNetCore.Routing.EndpointMiddleware[0]
      Executing endpoint 'RandomNumberApi.Controllers.RandomController.Get (RandomNumberApi)'
info: Microsoft.AspNetCore.Mvc.Infrastructure.ControllerActionInvoker[102]
      Route matched with {action = "Get", controller = "Random"}. Executing controller action with signature Microsoft.AspNetCore.Mvc.IActionResult Get() on controller RandomNumberApi.Controllers.RandomController (RandomNumberApi).
info: Microsoft.AspNetCore.Mvc.Infrastructure.ObjectResultExecutor[1]
      Executing OkObjectResult, writing value of type '<>f__AnonymousType0`1[[System.Int32, System.Private.CoreLib, Version=8.0.0.0, Culture=neutral, PublicKeyToken=7cec85d7bea7798e]]'.
info: Microsoft.AspNetCore.Mvc.Infrastructure.ControllerActionInvoker[105]
      Executed action RandomNumberApi.Controllers.RandomController.Get (RandomNumberApi) in 0.1323ms
info: Microsoft.AspNetCore.Routing.EndpointMiddleware[1]
      Executed endpoint 'RandomNumberApi.Controllers.RandomController.Get (RandomNumberApi)'
info: Microsoft.AspNetCore.Hosting.Diagnostics[2]
      Request finished HTTP/1.1 GET http://localhost:5000/api/random - 200 - application/json;+charset=utf-8 0.3803ms
info: Microsoft.AspNetCore.Hosting.Diagnostics[1]
      Request starting HTTP/1.1 GET http://localhost:5000/api/random - - -
info: Microsoft.AspNetCore.Routing.EndpointMiddleware[0]
      Executing endpoint 'RandomNumberApi.Controllers.RandomController.Get (RandomNumberApi)'
info: Microsoft.AspNetCore.Mvc.Infrastructure.ControllerActionInvoker[102]
      Route matched with {action = "Get", controller = "Random"}. Executing controller action with signature Microsoft.AspNetCore.Mvc.IActionResult Get() on controller RandomNumberApi.Controllers.RandomController (RandomNumberApi).
info: Microsoft.AspNetCore.Mvc.Infrastructure.ObjectResultExecutor[1]
      Executing OkObjectResult, writing value of type '<>f__AnonymousType0`1[[System.Int32, System.Private.CoreLib, Version=8.0.0.0, Culture=neutral, PublicKeyToken=7cec85d7bea7798e]]'.
info: Microsoft.AspNetCore.Mvc.Infrastructure.ControllerActionInvoker[105]
      Executed action RandomNumberApi.Controllers.RandomController.Get (RandomNumberApi) in 0.4672ms
info: Microsoft.AspNetCore.Routing.EndpointMiddleware[1]
      Executed endpoint 'RandomNumberApi.Controllers.RandomController.Get (RandomNumberApi)'
info: Microsoft.AspNetCore.Hosting.Diagnostics[2]
      Request finished HTTP/1.1 GET http://localhost:5000/api/random - 200 - application/json;+charset=utf-8 0.6644ms
info: Microsoft.AspNetCore.Hosting.Diagnostics[1]
      Request starting HTTP/1.1 GET http://localhost:5000/api/random - - -
info: Microsoft.AspNetCore.Routing.EndpointMiddleware[0]
      Executing endpoint 'RandomNumberApi.Controllers.RandomController.Get (RandomNumberApi)'
info: Microsoft.AspNetCore.Mvc.Infrastructure.ControllerActionInvoker[102]
      Route matched with {action = "Get", controller = "Random"}. Executing controller action with signature Microsoft.AspNetCore.Mvc.IActionResult Get() on controller RandomNumberApi.Controllers.RandomController (RandomNumberApi).
info: Microsoft.AspNetCore.Mvc.Infrastructure.ObjectResultExecutor[1]
      Executing OkObjectResult, writing value of type '<>f__AnonymousType0`1[[System.Int32, System.Private.CoreLib, Version=8.0.0.0, Culture=neutral, PublicKeyToken=7cec85d7bea7798e]]'.
info: Microsoft.AspNetCore.Mvc.Infrastructure.ControllerActionInvoker[105]
      Executed action RandomNumberApi.Controllers.RandomController.Get (RandomNumberApi) in 0.4922ms
info: Microsoft.AspNetCore.Routing.EndpointMiddleware[1]
      Executed endpoint 'RandomNumberApi.Controllers.RandomController.Get (RandomNumberApi)'
info: Microsoft.AspNetCore.Hosting.Diagnostics[2]
      Request finished HTTP/1.1 GET http://localhost:5000/api/random - 200 - application/json;+charset=utf-8 0.7190ms
info: Microsoft.AspNetCore.Hosting.Diagnostics[1]
      Request starting HTTP/1.1 GET http://localhost:5000/api/random - - -
info: Microsoft.AspNetCore.Routing.EndpointMiddleware[0]
      Executing endpoint 'RandomNumberApi.Controllers.RandomController.Get (RandomNumberApi)'
info: Microsoft.AspNetCore.Mvc.Infrastructure.ControllerActionInvoker[102]
      Route matched with {action = "Get", controller = "Random"}. Executing controller action with signature Microsoft.AspNetCore.Mvc.IActionResult Get() on controller RandomNumberApi.Controllers.RandomController (RandomNumberApi).
info: Microsoft.AspNetCore.Mvc.Infrastructure.ObjectResultExecutor[1]
      Executing OkObjectResult, writing value of type '<>f__AnonymousType0`1[[System.Int32, System.Private.CoreLib, Version=8.0.0.0, Culture=neutral, PublicKeyToken=7cec85d7bea7798e]]'.
info: Microsoft.AspNetCore.Mvc.Infrastructure.ControllerActionInvoker[105]
      Executed action RandomNumberApi.Controllers.RandomController.Get (RandomNumberApi) in 0.1234ms
info: Microsoft.AspNetCore.Routing.EndpointMiddleware[1]
      Executed endpoint 'RandomNumberApi.Controllers.RandomController.Get (RandomNumberApi)'
info: Microsoft.AspNetCore.Hosting.Diagnostics[2]
      Request finished HTTP/1.1 GET http://localhost:5000/api/random - 200 - application/json;+charset=utf-8 0.3414ms
info: Microsoft.AspNetCore.Hosting.Diagnostics[1]
      Request starting HTTP/1.1 GET http://localhost:5000/api/random - - -
info: Microsoft.AspNetCore.Routing.EndpointMiddleware[0]
      Executing endpoint 'RandomNumberApi.Controllers.RandomController.Get (RandomNumberApi)'
info: Microsoft.AspNetCore.Mvc.Infrastructure.ControllerActionInvoker[102]
      Route matched with {action = "Get", controller = "Random"}. Executing controller action with signature Microsoft.AspNetCore.Mvc.IActionResult Get() on controller RandomNumberApi.Controllers.RandomController (RandomNumberApi).
info: Microsoft.AspNetCore.Mvc.Infrastructure.ObjectResultExecutor[1]
      Executing OkObjectResult, writing value of type '<>f__AnonymousType0`1[[System.Int32, System.Private.CoreLib, Version=8.0.0.0, Culture=neutral, PublicKeyToken=7cec85d7bea7798e]]'.
info: Microsoft.AspNetCore.Mvc.Infrastructure.ControllerActionInvoker[105]
      Executed action RandomNumberApi.Controllers.RandomController.Get (RandomNumberApi) in 0.4593ms
info: Microsoft.AspNetCore.Routing.EndpointMiddleware[1]
      Executed endpoint 'RandomNumberApi.Controllers.RandomController.Get (RandomNumberApi)'
info: Microsoft.AspNetCore.Hosting.Diagnostics[2]
      Request finished HTTP/1.1 GET http://localhost:5000/api/random - 200 - application/json;+charset=utf-8 0.6849ms
info: Microsoft.AspNetCore.Hosting.Diagnostics[1]
      Request starting HTTP/1.1 GET http://localhost:5000/api/random - - -
info: Microsoft.AspNetCore.Routing.EndpointMiddleware[0]
      Executing endpoint 'RandomNumberApi.Controllers.RandomController.Get (RandomNumberApi)'
info: Microsoft.AspNetCore.Mvc.Infrastructure.ControllerActionInvoker[102]
      Route matched with {action = "Get", controller = "Random"}. Executing controller action with signature Microsoft.AspNetCore.Mvc.IActionResult Get() on controller RandomNumberApi.Controllers.RandomController (RandomNumberApi).
info: Microsoft.AspNetCore.Mvc.Infrastructure.ObjectResultExecutor[1]
      Executing OkObjectResult, writing value of type '<>f__AnonymousType0`1[[System.Int32, System.Private.CoreLib, Version=8.0.0.0, Culture=neutral, PublicKeyToken=7cec85d7bea7798e]]'.
info: Microsoft.AspNetCore.Mvc.Infrastructure.ControllerActionInvoker[105]
      Executed action RandomNumberApi.Controllers.RandomController.Get (RandomNumberApi) in 0.0876ms
info: Microsoft.AspNetCore.Routing.EndpointMiddleware[1]
      Executed endpoint 'RandomNumberApi.Controllers.RandomController.Get (RandomNumberApi)'
info: Microsoft.AspNetCore.Hosting.Diagnostics[2]
      Request finished HTTP/1.1 GET http://localhost:5000/api/random - 200 - application/json;+charset=utf-8 0.2624ms
info: Microsoft.AspNetCore.Hosting.Diagnostics[1]
      Request starting HTTP/1.1 GET http://localhost:5000/api/random - - -
info: Microsoft.AspNetCore.Routing.EndpointMiddleware[0]
      Executing endpoint 'RandomNumberApi.Controllers.RandomController.Get (RandomNumberApi)'
info: Microsoft.AspNetCore.Mvc.Infrastructure.ControllerActionInvoker[102]
      Route matched with {action = "Get", controller = "Random"}. Executing controller action with signature Microsoft.AspNetCore.Mvc.IActionResult Get() on controller RandomNumberApi.Controllers.RandomController (RandomNumberApi).
info: Microsoft.AspNetCore.Mvc.Infrastructure.ObjectResultExecutor[1]
      Executing OkObjectResult, writing value of type '<>f__AnonymousType0`1[[System.Int32, System.Private.CoreLib, Version=8.0.0.0, Culture=neutral, PublicKeyToken=7cec85d7bea7798e]]'.
info: Microsoft.AspNetCore.Mvc.Infrastructure.ControllerActionInvoker[105]
      Executed action RandomNumberApi.Controllers.RandomController.Get (RandomNumberApi) in 0.1423ms
info: Microsoft.AspNetCore.Routing.EndpointMiddleware[1]
      Executed endpoint 'RandomNumberApi.Controllers.RandomController.Get (RandomNumberApi)'
info: Microsoft.AspNetCore.Hosting.Diagnostics[2]
      Request finished HTTP/1.1 GET http://localhost:5000/api/random - 200 - application/json;+charset=utf-8 0.3935ms
info: Microsoft.AspNetCore.Hosting.Diagnostics[1]
      Request starting HTTP/1.1 GET http://localhost:5000/api/random - - -
info: Microsoft.AspNetCore.Routing.EndpointMiddleware[0]
      Executing endpoint 'RandomNumberApi.Controllers.RandomController.Get (RandomNumberApi)'
info: Microsoft.AspNetCore.Mvc.Infrastructure.ControllerActionInvoker[102]
      Route matched with {action = "Get", controller = "Random"}. Executing controller action with signature Microsoft.AspNetCore.Mvc.IActionResult Get() on controller RandomNumberApi.Controllers.RandomController (RandomNumberApi).
info: Microsoft.AspNetCore.Mvc.Infrastructure.ObjectResultExecutor[1]
      Executing OkObjectResult, writing value of type '<>f__AnonymousType0`1[[System.Int32, System.Private.CoreLib, Version=8.0.0.0, Culture=neutral, PublicKeyToken=7cec85d7bea7798e]]'.
info: Microsoft.AspNetCore.Mvc.Infrastructure.ControllerActionInvoker[105]
      Executed action RandomNumberApi.Controllers.RandomController.Get (RandomNumberApi) in 0.1272ms
info: Microsoft.AspNetCore.Routing.EndpointMiddleware[1]
      Executed endpoint 'RandomNumberApi.Controllers.RandomController.Get (RandomNumberApi)'
info: Microsoft.AspNetCore.Hosting.Diagnostics[2]
      Request finished HTTP/1.1 GET http://localhost:5000/api/random - 200 - application/json;+charset=utf-8 0.4420ms
info: Microsoft.AspNetCore.Hosting.Diagnostics[1]
      Request starting HTTP/1.1 GET http://localhost:5000/api/random - - -
info: Microsoft.AspNetCore.Routing.EndpointMiddleware[0]
      Executing endpoint 'RandomNumberApi.Controllers.RandomController.Get (RandomNumberApi)'
info: Microsoft.AspNetCore.Mvc.Infrastructure.ControllerActionInvoker[102]
      Route matched with {action = "Get", controller = "Random"}. Executing controller action with signature Microsoft.AspNetCore.Mvc.IActionResult Get() on controller RandomNumberApi.Controllers.RandomController (RandomNumberApi).
info: Microsoft.AspNetCore.Mvc.Infrastructure.ObjectResultExecutor[1]
      Executing OkObjectResult, writing value of type '<>f__AnonymousType0`1[[System.Int32, System.Private.CoreLib, Version=8.0.0.0, Culture=neutral, PublicKeyToken=7cec85d7bea7798e]]'.
info: Microsoft.AspNetCore.Mvc.Infrastructure.ControllerActionInvoker[105]
      Executed action RandomNumberApi.Controllers.RandomController.Get (RandomNumberApi) in 0.1072ms
info: Microsoft.AspNetCore.Routing.EndpointMiddleware[1]
      Executed endpoint 'RandomNumberApi.Controllers.RandomController.Get (RandomNumberApi)'
info: Microsoft.AspNetCore.Hosting.Diagnostics[2]
      Request finished HTTP/1.1 GET http://localhost:5000/api/random - 200 - application/json;+charset=utf-8 0.2915ms
info: Microsoft.AspNetCore.Hosting.Diagnostics[1]
      Request starting HTTP/1.1 GET http://localhost:5000/api/random - - -
info: Microsoft.AspNetCore.Routing.EndpointMiddleware[0]
      Executing endpoint 'RandomNumberApi.Controllers.RandomController.Get (RandomNumberApi)'
info: Microsoft.AspNetCore.Mvc.Infrastructure.ControllerActionInvoker[102]
      Route matched with {action = "Get", controller = "Random"}. Executing controller action with signature Microsoft.AspNetCore.Mvc.IActionResult Get() on controller RandomNumberApi.Controllers.RandomController (RandomNumberApi).
info: Microsoft.AspNetCore.Mvc.Infrastructure.ObjectResultExecutor[1]
      Executing OkObjectResult, writing value of type '<>f__AnonymousType0`1[[System.Int32, System.Private.CoreLib, Version=8.0.0.0, Culture=neutral, PublicKeyToken=7cec85d7bea7798e]]'.
info: Microsoft.AspNetCore.Mvc.Infrastructure.ControllerActionInvoker[105]
      Executed action RandomNumberApi.Controllers.RandomController.Get (RandomNumberApi) in 0.1066ms
info: Microsoft.AspNetCore.Routing.EndpointMiddleware[1]
      Executed endpoint 'RandomNumberApi.Controllers.RandomController.Get (RandomNumberApi)'
info: Microsoft.AspNetCore.Hosting.Diagnostics[2]
      Request finished HTTP/1.1 GET http://localhost:5000/api/random - 200 - application/json;+charset=utf-8 0.3410ms
info: Microsoft.AspNetCore.Hosting.Diagnostics[1]
      Request starting HTTP/1.1 GET http://localhost:5000/api/random - - -
info: Microsoft.AspNetCore.Routing.EndpointMiddleware[0]
      Executing endpoint 'RandomNumberApi.Controllers.RandomController.Get (RandomNumberApi)'
info: Microsoft.AspNetCore.Mvc.Infrastructure.ControllerActionInvoker[102]
      Route matched with {action = "Get", controller = "Random"}. Executing controller action with signature Microsoft.AspNetCore.Mvc.IActionResult Get() on controller RandomNumberApi.Controllers.RandomController (RandomNumberApi).
info: Microsoft.AspNetCore.Mvc.Infrastructure.ObjectResultExecutor[1]
      Executing OkObjectResult, writing value of type '<>f__AnonymousType0`1[[System.Int32, System.Private.CoreLib, Version=8.0.0.0, Culture=neutral, PublicKeyToken=7cec85d7bea7798e]]'.
info: Microsoft.AspNetCore.Mvc.Infrastructure.ControllerActionInvoker[105]
      Executed action RandomNumberApi.Controllers.RandomController.Get (RandomNumberApi) in 0.1269ms
info: Microsoft.AspNetCore.Routing.EndpointMiddleware[1]
      Executed endpoint 'RandomNumberApi.Controllers.RandomController.Get (RandomNumberApi)'
info: Microsoft.AspNetCore.Hosting.Diagnostics[2]
      Request finished HTTP/1.1 GET http://localhost:5000/api/random - 200 - application/json;+charset=utf-8 0.3487ms
info: Microsoft.AspNetCore.Hosting.Diagnostics[1]
      Request starting HTTP/1.1 GET http://localhost:5000/api/random - - -
info: Microsoft.AspNetCore.Routing.EndpointMiddleware[0]
      Executing endpoint 'RandomNumberApi.Controllers.RandomController.Get (RandomNumberApi)'
info: Microsoft.AspNetCore.Mvc.Infrastructure.ControllerActionInvoker[102]
      Route matched with {action = "Get", controller = "Random"}. Executing controller action with signature Microsoft.AspNetCore.Mvc.IActionResult Get() on controller RandomNumberApi.Controllers.RandomController (RandomNumberApi).
info: Microsoft.AspNetCore.Mvc.Infrastructure.ObjectResultExecutor[1]
      Executing OkObjectResult, writing value of type '<>f__AnonymousType0`1[[System.Int32, System.Private.CoreLib, Version=8.0.0.0, Culture=neutral, PublicKeyToken=7cec85d7bea7798e]]'.
info: Microsoft.AspNetCore.Mvc.Infrastructure.ControllerActionInvoker[105]
      Executed action RandomNumberApi.Controllers.RandomController.Get (RandomNumberApi) in 0.1013ms
info: Microsoft.AspNetCore.Routing.EndpointMiddleware[1]
      Executed endpoint 'RandomNumberApi.Controllers.RandomController.Get (RandomNumberApi)'
info: Microsoft.AspNetCore.Hosting.Diagnostics[2]
      Request finished HTTP/1.1 GET http://localhost:5000/api/random - 200 - application/json;+charset=utf-8 0.3024ms
info: Microsoft.AspNetCore.Hosting.Diagnostics[1]
      Request starting HTTP/1.1 GET http://localhost:5000/api/random - - -
info: Microsoft.AspNetCore.Routing.EndpointMiddleware[0]
      Executing endpoint 'RandomNumberApi.Controllers.RandomController.Get (RandomNumberApi)'
info: Microsoft.AspNetCore.Mvc.Infrastructure.ControllerActionInvoker[102]
      Route matched with {action = "Get", controller = "Random"}. Executing controller action with signature Microsoft.AspNetCore.Mvc.IActionResult Get() on controller RandomNumberApi.Controllers.RandomController (RandomNumberApi).
info: Microsoft.AspNetCore.Mvc.Infrastructure.ObjectResultExecutor[1]
      Executing OkObjectResult, writing value of type '<>f__AnonymousType0`1[[System.Int32, System.Private.CoreLib, Version=8.0.0.0, Culture=neutral, PublicKeyToken=7cec85d7bea7798e]]'.
info: Microsoft.AspNetCore.Mvc.Infrastructure.ControllerActionInvoker[105]
      Executed action RandomNumberApi.Controllers.RandomController.Get (RandomNumberApi) in 0.0818ms
info: Microsoft.AspNetCore.Routing.EndpointMiddleware[1]
      Executed endpoint 'RandomNumberApi.Controllers.RandomController.Get (RandomNumberApi)'
info: Microsoft.AspNetCore.Hosting.Diagnostics[2]
      Request finished HTTP/1.1 GET http://localhost:5000/api/random - 200 - application/json;+charset=utf-8 0.3806ms
info: Microsoft.AspNetCore.Hosting.Diagnostics[1]
      Request starting HTTP/1.1 GET http://localhost:5000/api/random - - -
info: Microsoft.AspNetCore.Routing.EndpointMiddleware[0]
      Executing endpoint 'RandomNumberApi.Controllers.RandomController.Get (RandomNumberApi)'
info: Microsoft.AspNetCore.Mvc.Infrastructure.ControllerActionInvoker[102]
      Route matched with {action = "Get", controller = "Random"}. Executing controller action with signature Microsoft.AspNetCore.Mvc.IActionResult Get() on controller RandomNumberApi.Controllers.RandomController (RandomNumberApi).
info: Microsoft.AspNetCore.Mvc.Infrastructure.ObjectResultExecutor[1]
      Executing OkObjectResult, writing value of type '<>f__AnonymousType0`1[[System.Int32, System.Private.CoreLib, Version=8.0.0.0, Culture=neutral, PublicKeyToken=7cec85d7bea7798e]]'.
info: Microsoft.AspNetCore.Mvc.Infrastructure.ControllerActionInvoker[105]
      Executed action RandomNumberApi.Controllers.RandomController.Get (RandomNumberApi) in 0.4536ms
info: Microsoft.AspNetCore.Routing.EndpointMiddleware[1]
      Executed endpoint 'RandomNumberApi.Controllers.RandomController.Get (RandomNumberApi)'
info: Microsoft.AspNetCore.Hosting.Diagnostics[2]
      Request finished HTTP/1.1 GET http://localhost:5000/api/random - 200 - application/json;+charset=utf-8 0.7356ms
info: Microsoft.AspNetCore.Hosting.Diagnostics[1]
      Request starting HTTP/1.1 GET http://localhost:5000/api/random - - -
info: Microsoft.AspNetCore.Routing.EndpointMiddleware[0]
      Executing endpoint 'RandomNumberApi.Controllers.RandomController.Get (RandomNumberApi)'
info: Microsoft.AspNetCore.Mvc.Infrastructure.ControllerActionInvoker[102]
      Route matched with {action = "Get", controller = "Random"}. Executing controller action with signature Microsoft.AspNetCore.Mvc.IActionResult Get() on controller RandomNumberApi.Controllers.RandomController (RandomNumberApi).
info: Microsoft.AspNetCore.Mvc.Infrastructure.ObjectResultExecutor[1]
      Executing OkObjectResult, writing value of type '<>f__AnonymousType0`1[[System.Int32, System.Private.CoreLib, Version=8.0.0.0, Culture=neutral, PublicKeyToken=7cec85d7bea7798e]]'.
info: Microsoft.AspNetCore.Mvc.Infrastructure.ControllerActionInvoker[105]
      Executed action RandomNumberApi.Controllers.RandomController.Get (RandomNumberApi) in 0.1832ms
info: Microsoft.AspNetCore.Routing.EndpointMiddleware[1]
      Executed endpoint 'RandomNumberApi.Controllers.RandomController.Get (RandomNumberApi)'
info: Microsoft.AspNetCore.Hosting.Diagnostics[2]
      Request finished HTTP/1.1 GET http://localhost:5000/api/random - 200 - application/json;+charset=utf-8 0.9155ms
info: Microsoft.AspNetCore.Hosting.Diagnostics[1]
      Request starting HTTP/1.1 GET http://localhost:5000/api/random - - -
info: Microsoft.AspNetCore.Routing.EndpointMiddleware[0]
      Executing endpoint 'RandomNumberApi.Controllers.RandomController.Get (RandomNumberApi)'
info: Microsoft.AspNetCore.Mvc.Infrastructure.ControllerActionInvoker[102]
      Route matched with {action = "Get", controller = "Random"}. Executing controller action with signature Microsoft.AspNetCore.Mvc.IActionResult Get() on controller RandomNumberApi.Controllers.RandomController (RandomNumberApi).
info: Microsoft.AspNetCore.Mvc.Infrastructure.ObjectResultExecutor[1]
      Executing OkObjectResult, writing value of type '<>f__AnonymousType0`1[[System.Int32, System.Private.CoreLib, Version=8.0.0.0, Culture=neutral, PublicKeyToken=7cec85d7bea7798e]]'.
info: Microsoft.AspNetCore.Mvc.Infrastructure.ControllerActionInvoker[105]
      Executed action RandomNumberApi.Controllers.RandomController.Get (RandomNumberApi) in 0.4408ms
info: Microsoft.AspNetCore.Routing.EndpointMiddleware[1]
      Executed endpoint 'RandomNumberApi.Controllers.RandomController.Get (RandomNumberApi)'
info: Microsoft.AspNetCore.Hosting.Diagnostics[2]
      Request finished HTTP/1.1 GET http://localhost:5000/api/random - 200 - application/json;+charset=utf-8 0.6549ms
info: Microsoft.AspNetCore.Hosting.Diagnostics[1]
      Request starting HTTP/1.1 GET http://localhost:5000/api/random - - -
info: Microsoft.AspNetCore.Routing.EndpointMiddleware[0]
      Executing endpoint 'RandomNumberApi.Controllers.RandomController.Get (RandomNumberApi)'
info: Microsoft.AspNetCore.Mvc.Infrastructure.ControllerActionInvoker[102]
      Route matched with {action = "Get", controller = "Random"}. Executing controller action with signature Microsoft.AspNetCore.Mvc.IActionResult Get() on controller RandomNumberApi.Controllers.RandomController (RandomNumberApi).
info: Microsoft.AspNetCore.Mvc.Infrastructure.ObjectResultExecutor[1]
      Executing OkObjectResult, writing value of type '<>f__AnonymousType0`1[[System.Int32, System.Private.CoreLib, Version=8.0.0.0, Culture=neutral, PublicKeyToken=7cec85d7bea7798e]]'.
info: Microsoft.AspNetCore.Mvc.Infrastructure.ControllerActionInvoker[105]
      Executed action RandomNumberApi.Controllers.RandomController.Get (RandomNumberApi) in 0.092ms
info: Microsoft.AspNetCore.Routing.EndpointMiddleware[1]
      Executed endpoint 'RandomNumberApi.Controllers.RandomController.Get (RandomNumberApi)'
info: Microsoft.AspNetCore.Hosting.Diagnostics[2]
      Request finished HTTP/1.1 GET http://localhost:5000/api/random - 200 - application/json;+charset=utf-8 0.2945ms
info: Microsoft.AspNetCore.Hosting.Diagnostics[1]
      Request starting HTTP/1.1 GET http://localhost:5000/api/random - - -
info: Microsoft.AspNetCore.Routing.EndpointMiddleware[0]
      Executing endpoint 'RandomNumberApi.Controllers.RandomController.Get (RandomNumberApi)'
info: Microsoft.AspNetCore.Mvc.Infrastructure.ControllerActionInvoker[102]
      Route matched with {action = "Get", controller = "Random"}. Executing controller action with signature Microsoft.AspNetCore.Mvc.IActionResult Get() on controller RandomNumberApi.Controllers.RandomController (RandomNumberApi).
info: Microsoft.AspNetCore.Mvc.Infrastructure.ObjectResultExecutor[1]
      Executing OkObjectResult, writing value of type '<>f__AnonymousType0`1[[System.Int32, System.Private.CoreLib, Version=8.0.0.0, Culture=neutral, PublicKeyToken=7cec85d7bea7798e]]'.
info: Microsoft.AspNetCore.Mvc.Infrastructure.ControllerActionInvoker[105]
      Executed action RandomNumberApi.Controllers.RandomController.Get (RandomNumberApi) in 0.1176ms
info: Microsoft.AspNetCore.Routing.EndpointMiddleware[1]
      Executed endpoint 'RandomNumberApi.Controllers.RandomController.Get (RandomNumberApi)'
info: Microsoft.AspNetCore.Hosting.Diagnostics[2]
      Request finished HTTP/1.1 GET http://localhost:5000/api/random - 200 - application/json;+charset=utf-8 0.3383ms
info: Microsoft.AspNetCore.Hosting.Diagnostics[1]
      Request starting HTTP/1.1 GET http://localhost:5000/api/random - - -
info: Microsoft.AspNetCore.Routing.EndpointMiddleware[0]
      Executing endpoint 'RandomNumberApi.Controllers.RandomController.Get (RandomNumberApi)'
info: Microsoft.AspNetCore.Mvc.Infrastructure.ControllerActionInvoker[102]
      Route matched with {action = "Get", controller = "Random"}. Executing controller action with signature Microsoft.AspNetCore.Mvc.IActionResult Get() on controller RandomNumberApi.Controllers.RandomController (RandomNumberApi).
info: Microsoft.AspNetCore.Mvc.Infrastructure.ObjectResultExecutor[1]
      Executing OkObjectResult, writing value of type '<>f__AnonymousType0`1[[System.Int32, System.Private.CoreLib, Version=8.0.0.0, Culture=neutral, PublicKeyToken=7cec85d7bea7798e]]'.
info: Microsoft.AspNetCore.Mvc.Infrastructure.ControllerActionInvoker[105]
      Executed action RandomNumberApi.Controllers.RandomController.Get (RandomNumberApi) in 0.1183ms
info: Microsoft.AspNetCore.Routing.EndpointMiddleware[1]
      Executed endpoint 'RandomNumberApi.Controllers.RandomController.Get (RandomNumberApi)'
info: Microsoft.AspNetCore.Hosting.Diagnostics[2]
      Request finished HTTP/1.1 GET http://localhost:5000/api/random - 200 - application/json;+charset=utf-8 0.3205ms
info: Microsoft.AspNetCore.Hosting.Diagnostics[1]
      Request starting HTTP/1.1 GET http://localhost:5000/api/random - - -
info: Microsoft.AspNetCore.Routing.EndpointMiddleware[0]
      Executing endpoint 'RandomNumberApi.Controllers.RandomController.Get (RandomNumberApi)'
info: Microsoft.AspNetCore.Mvc.Infrastructure.ControllerActionInvoker[102]
      Route matched with {action = "Get", controller = "Random"}. Executing controller action with signature Microsoft.AspNetCore.Mvc.IActionResult Get() on controller RandomNumberApi.Controllers.RandomController (RandomNumberApi).
info: Microsoft.AspNetCore.Mvc.Infrastructure.ObjectResultExecutor[1]
      Executing OkObjectResult, writing value of type '<>f__AnonymousType0`1[[System.Int32, System.Private.CoreLib, Version=8.0.0.0, Culture=neutral, PublicKeyToken=7cec85d7bea7798e]]'.
info: Microsoft.AspNetCore.Mvc.Infrastructure.ControllerActionInvoker[105]
      Executed action RandomNumberApi.Controllers.RandomController.Get (RandomNumberApi) in 0.0877ms
info: Microsoft.AspNetCore.Routing.EndpointMiddleware[1]
      Executed endpoint 'RandomNumberApi.Controllers.RandomController.Get (RandomNumberApi)'
info: Microsoft.AspNetCore.Hosting.Diagnostics[2]
      Request finished HTTP/1.1 GET http://localhost:5000/api/random - 200 - application/json;+charset=utf-8 0.2519ms
info: Microsoft.AspNetCore.Hosting.Diagnostics[1]
      Request starting HTTP/1.1 GET http://localhost:5000/api/random - - -
info: Microsoft.AspNetCore.Routing.EndpointMiddleware[0]
      Executing endpoint 'RandomNumberApi.Controllers.RandomController.Get (RandomNumberApi)'
info: Microsoft.AspNetCore.Mvc.Infrastructure.ControllerActionInvoker[102]
      Route matched with {action = "Get", controller = "Random"}. Executing controller action with signature Microsoft.AspNetCore.Mvc.IActionResult Get() on controller RandomNumberApi.Controllers.RandomController (RandomNumberApi).
info: Microsoft.AspNetCore.Mvc.Infrastructure.ObjectResultExecutor[1]
      Executing OkObjectResult, writing value of type '<>f__AnonymousType0`1[[System.Int32, System.Private.CoreLib, Version=8.0.0.0, Culture=neutral, PublicKeyToken=7cec85d7bea7798e]]'.
info: Microsoft.AspNetCore.Mvc.Infrastructure.ControllerActionInvoker[105]
      Executed action RandomNumberApi.Controllers.RandomController.Get (RandomNumberApi) in 0.4512ms
info: Microsoft.AspNetCore.Routing.EndpointMiddleware[1]
      Executed endpoint 'RandomNumberApi.Controllers.RandomController.Get (RandomNumberApi)'
info: Microsoft.AspNetCore.Hosting.Diagnostics[2]
      Request finished HTTP/1.1 GET http://localhost:5000/api/random - 200 - application/json;+charset=utf-8 0.7048ms
info: Microsoft.AspNetCore.Hosting.Diagnostics[1]
      Request starting HTTP/1.1 GET http://localhost:5000/api/random - - -
info: Microsoft.AspNetCore.Routing.EndpointMiddleware[0]
      Executing endpoint 'RandomNumberApi.Controllers.RandomController.Get (RandomNumberApi)'
info: Microsoft.AspNetCore.Mvc.Infrastructure.ControllerActionInvoker[102]
      Route matched with {action = "Get", controller = "Random"}. Executing controller action with signature Microsoft.AspNetCore.Mvc.IActionResult Get() on controller RandomNumberApi.Controllers.RandomController (RandomNumberApi).
info: Microsoft.AspNetCore.Mvc.Infrastructure.ObjectResultExecutor[1]
      Executing OkObjectResult, writing value of type '<>f__AnonymousType0`1[[System.Int32, System.Private.CoreLib, Version=8.0.0.0, Culture=neutral, PublicKeyToken=7cec85d7bea7798e]]'.
info: Microsoft.AspNetCore.Mvc.Infrastructure.ControllerActionInvoker[105]
      Executed action RandomNumberApi.Controllers.RandomController.Get (RandomNumberApi) in 0.4346ms
info: Microsoft.AspNetCore.Routing.EndpointMiddleware[1]
      Executed endpoint 'RandomNumberApi.Controllers.RandomController.Get (RandomNumberApi)'
info: Microsoft.AspNetCore.Hosting.Diagnostics[2]
      Request finished HTTP/1.1 GET http://localhost:5000/api/random - 200 - application/json;+charset=utf-8 0.6390ms
info: Microsoft.AspNetCore.Hosting.Diagnostics[1]
      Request starting HTTP/1.1 GET http://localhost:5000/api/random - - -
info: Microsoft.AspNetCore.Routing.EndpointMiddleware[0]
      Executing endpoint 'RandomNumberApi.Controllers.RandomController.Get (RandomNumberApi)'
info: Microsoft.AspNetCore.Mvc.Infrastructure.ControllerActionInvoker[102]
      Route matched with {action = "Get", controller = "Random"}. Executing controller action with signature Microsoft.AspNetCore.Mvc.IActionResult Get() on controller RandomNumberApi.Controllers.RandomController (RandomNumberApi).
info: Microsoft.AspNetCore.Mvc.Infrastructure.ObjectResultExecutor[1]
      Executing OkObjectResult, writing value of type '<>f__AnonymousType0`1[[System.Int32, System.Private.CoreLib, Version=8.0.0.0, Culture=neutral, PublicKeyToken=7cec85d7bea7798e]]'.
info: Microsoft.AspNetCore.Mvc.Infrastructure.ControllerActionInvoker[105]
      Executed action RandomNumberApi.Controllers.RandomController.Get (RandomNumberApi) in 0.0496ms
info: Microsoft.AspNetCore.Routing.EndpointMiddleware[1]
      Executed endpoint 'RandomNumberApi.Controllers.RandomController.Get (RandomNumberApi)'
info: Microsoft.AspNetCore.Hosting.Diagnostics[2]
      Request finished HTTP/1.1 GET http://localhost:5000/api/random - 200 - application/json;+charset=utf-8 0.1685ms
info: Microsoft.AspNetCore.Hosting.Diagnostics[1]
      Request starting HTTP/1.1 GET http://localhost:5000/api/random - - -
info: Microsoft.AspNetCore.Routing.EndpointMiddleware[0]
      Executing endpoint 'RandomNumberApi.Controllers.RandomController.Get (RandomNumberApi)'
info: Microsoft.AspNetCore.Mvc.Infrastructure.ControllerActionInvoker[102]
      Route matched with {action = "Get", controller = "Random"}. Executing controller action with signature Microsoft.AspNetCore.Mvc.IActionResult Get() on controller RandomNumberApi.Controllers.RandomController (RandomNumberApi).
info: Microsoft.AspNetCore.Mvc.Infrastructure.ObjectResultExecutor[1]
      Executing OkObjectResult, writing value of type '<>f__AnonymousType0`1[[System.Int32, System.Private.CoreLib, Version=8.0.0.0, Culture=neutral, PublicKeyToken=7cec85d7bea7798e]]'.
info: Microsoft.AspNetCore.Mvc.Infrastructure.ControllerActionInvoker[105]
      Executed action RandomNumberApi.Controllers.RandomController.Get (RandomNumberApi) in 0.0462ms
info: Microsoft.AspNetCore.Routing.EndpointMiddleware[1]
      Executed endpoint 'RandomNumberApi.Controllers.RandomController.Get (RandomNumberApi)'
info: Microsoft.AspNetCore.Hosting.Diagnostics[2]
      Request finished HTTP/1.1 GET http://localhost:5000/api/random - 200 - application/json;+charset=utf-8 0.1560ms
info: Microsoft.AspNetCore.Hosting.Diagnostics[1]
      Request starting HTTP/1.1 GET http://localhost:5000/api/random - - -
info: Microsoft.AspNetCore.Routing.EndpointMiddleware[0]
      Executing endpoint 'RandomNumberApi.Controllers.RandomController.Get (RandomNumberApi)'
info: Microsoft.AspNetCore.Mvc.Infrastructure.ControllerActionInvoker[102]
      Route matched with {action = "Get", controller = "Random"}. Executing controller action with signature Microsoft.AspNetCore.Mvc.IActionResult Get() on controller RandomNumberApi.Controllers.RandomController (RandomNumberApi).
info: Microsoft.AspNetCore.Mvc.Infrastructure.ObjectResultExecutor[1]
      Executing OkObjectResult, writing value of type '<>f__AnonymousType0`1[[System.Int32, System.Private.CoreLib, Version=8.0.0.0, Culture=neutral, PublicKeyToken=7cec85d7bea7798e]]'.
info: Microsoft.AspNetCore.Mvc.Infrastructure.ControllerActionInvoker[105]
      Executed action RandomNumberApi.Controllers.RandomController.Get (RandomNumberApi) in 0.0428ms
info: Microsoft.AspNetCore.Routing.EndpointMiddleware[1]
      Executed endpoint 'RandomNumberApi.Controllers.RandomController.Get (RandomNumberApi)'
info: Microsoft.AspNetCore.Hosting.Diagnostics[2]
      Request finished HTTP/1.1 GET http://localhost:5000/api/random - 200 - application/json;+charset=utf-8 0.1312ms
info: Microsoft.AspNetCore.Hosting.Diagnostics[1]
      Request starting HTTP/1.1 GET http://localhost:5000/api/random - - -
info: Microsoft.AspNetCore.Routing.EndpointMiddleware[0]
      Executing endpoint 'RandomNumberApi.Controllers.RandomController.Get (RandomNumberApi)'
info: Microsoft.AspNetCore.Mvc.Infrastructure.ControllerActionInvoker[102]
      Route matched with {action = "Get", controller = "Random"}. Executing controller action with signature Microsoft.AspNetCore.Mvc.IActionResult Get() on controller RandomNumberApi.Controllers.RandomController (RandomNumberApi).
info: Microsoft.AspNetCore.Mvc.Infrastructure.ObjectResultExecutor[1]
      Executing OkObjectResult, writing value of type '<>f__AnonymousType0`1[[System.Int32, System.Private.CoreLib, Version=8.0.0.0, Culture=neutral, PublicKeyToken=7cec85d7bea7798e]]'.
info: Microsoft.AspNetCore.Mvc.Infrastructure.ControllerActionInvoker[105]
      Executed action RandomNumberApi.Controllers.RandomController.Get (RandomNumberApi) in 0.0765ms
info: Microsoft.AspNetCore.Routing.EndpointMiddleware[1]
      Executed endpoint 'RandomNumberApi.Controllers.RandomController.Get (RandomNumberApi)'
info: Microsoft.AspNetCore.Hosting.Diagnostics[2]
      Request finished HTTP/1.1 GET http://localhost:5000/api/random - 200 - application/json;+charset=utf-8 0.2117ms
info: Microsoft.AspNetCore.Hosting.Diagnostics[1]
      Request starting HTTP/1.1 GET http://localhost:5000/api/random - - -
info: Microsoft.AspNetCore.Routing.EndpointMiddleware[0]
      Executing endpoint 'RandomNumberApi.Controllers.RandomController.Get (RandomNumberApi)'
info: Microsoft.AspNetCore.Mvc.Infrastructure.ControllerActionInvoker[102]
      Route matched with {action = "Get", controller = "Random"}. Executing controller action with signature Microsoft.AspNetCore.Mvc.IActionResult Get() on controller RandomNumberApi.Controllers.RandomController (RandomNumberApi).
info: Microsoft.AspNetCore.Mvc.Infrastructure.ObjectResultExecutor[1]
      Executing OkObjectResult, writing value of type '<>f__AnonymousType0`1[[System.Int32, System.Private.CoreLib, Version=8.0.0.0, Culture=neutral, PublicKeyToken=7cec85d7bea7798e]]'.
info: Microsoft.AspNetCore.Mvc.Infrastructure.ControllerActionInvoker[105]
      Executed action RandomNumberApi.Controllers.RandomController.Get (RandomNumberApi) in 0.0656ms
info: Microsoft.AspNetCore.Routing.EndpointMiddleware[1]
      Executed endpoint 'RandomNumberApi.Controllers.RandomController.Get (RandomNumberApi)'
info: Microsoft.AspNetCore.Hosting.Diagnostics[2]
      Request finished HTTP/1.1 GET http://localhost:5000/api/random - 200 - application/json;+charset=utf-8 0.1768ms
info: Microsoft.AspNetCore.Hosting.Diagnostics[1]
      Request starting HTTP/1.1 GET http://localhost:5000/api/random - - -
info: Microsoft.AspNetCore.Routing.EndpointMiddleware[0]
      Executing endpoint 'RandomNumberApi.Controllers.RandomController.Get (RandomNumberApi)'
info: Microsoft.AspNetCore.Mvc.Infrastructure.ControllerActionInvoker[102]
      Route matched with {action = "Get", controller = "Random"}. Executing controller action with signature Microsoft.AspNetCore.Mvc.IActionResult Get() on controller RandomNumberApi.Controllers.RandomController (RandomNumberApi).
info: Microsoft.AspNetCore.Mvc.Infrastructure.ObjectResultExecutor[1]
      Executing OkObjectResult, writing value of type '<>f__AnonymousType0`1[[System.Int32, System.Private.CoreLib, Version=8.0.0.0, Culture=neutral, PublicKeyToken=7cec85d7bea7798e]]'.
info: Microsoft.AspNetCore.Mvc.Infrastructure.ControllerActionInvoker[105]
      Executed action RandomNumberApi.Controllers.RandomController.Get (RandomNumberApi) in 0.1366ms
info: Microsoft.AspNetCore.Routing.EndpointMiddleware[1]
      Executed endpoint 'RandomNumberApi.Controllers.RandomController.Get (RandomNumberApi)'
info: Microsoft.AspNetCore.Hosting.Diagnostics[2]
      Request finished HTTP/1.1 GET http://localhost:5000/api/random - 200 - application/json;+charset=utf-8 0.3806ms
info: Microsoft.AspNetCore.Hosting.Diagnostics[1]
      Request starting HTTP/1.1 GET http://localhost:5000/api/random - - -
info: Microsoft.AspNetCore.Routing.EndpointMiddleware[0]
      Executing endpoint 'RandomNumberApi.Controllers.RandomController.Get (RandomNumberApi)'
info: Microsoft.AspNetCore.Mvc.Infrastructure.ControllerActionInvoker[102]
      Route matched with {action = "Get", controller = "Random"}. Executing controller action with signature Microsoft.AspNetCore.Mvc.IActionResult Get() on controller RandomNumberApi.Controllers.RandomController (RandomNumberApi).
info: Microsoft.AspNetCore.Mvc.Infrastructure.ObjectResultExecutor[1]
      Executing OkObjectResult, writing value of type '<>f__AnonymousType0`1[[System.Int32, System.Private.CoreLib, Version=8.0.0.0, Culture=neutral, PublicKeyToken=7cec85d7bea7798e]]'.
info: Microsoft.AspNetCore.Mvc.Infrastructure.ControllerActionInvoker[105]
      Executed action RandomNumberApi.Controllers.RandomController.Get (RandomNumberApi) in 0.1361ms
info: Microsoft.AspNetCore.Routing.EndpointMiddleware[1]
      Executed endpoint 'RandomNumberApi.Controllers.RandomController.Get (RandomNumberApi)'
info: Microsoft.AspNetCore.Hosting.Diagnostics[2]
      Request finished HTTP/1.1 GET http://localhost:5000/api/random - 200 - application/json;+charset=utf-8 0.8234ms
info: Microsoft.AspNetCore.Hosting.Diagnostics[1]
      Request starting HTTP/1.1 GET http://localhost:5000/api/random - - -
info: Microsoft.AspNetCore.Routing.EndpointMiddleware[0]
      Executing endpoint 'RandomNumberApi.Controllers.RandomController.Get (RandomNumberApi)'
info: Microsoft.AspNetCore.Mvc.Infrastructure.ControllerActionInvoker[102]
      Route matched with {action = "Get", controller = "Random"}. Executing controller action with signature Microsoft.AspNetCore.Mvc.IActionResult Get() on controller RandomNumberApi.Controllers.RandomController (RandomNumberApi).
info: Microsoft.AspNetCore.Mvc.Infrastructure.ObjectResultExecutor[1]
      Executing OkObjectResult, writing value of type '<>f__AnonymousType0`1[[System.Int32, System.Private.CoreLib, Version=8.0.0.0, Culture=neutral, PublicKeyToken=7cec85d7bea7798e]]'.
info: Microsoft.AspNetCore.Mvc.Infrastructure.ControllerActionInvoker[105]
      Executed action RandomNumberApi.Controllers.RandomController.Get (RandomNumberApi) in 0.1155ms
info: Microsoft.AspNetCore.Routing.EndpointMiddleware[1]
      Executed endpoint 'RandomNumberApi.Controllers.RandomController.Get (RandomNumberApi)'
info: Microsoft.AspNetCore.Hosting.Diagnostics[2]
      Request finished HTTP/1.1 GET http://localhost:5000/api/random - 200 - application/json;+charset=utf-8 0.3546ms
info: Microsoft.AspNetCore.Hosting.Diagnostics[1]
      Request starting HTTP/1.1 GET http://localhost:5000/api/random - - -
info: Microsoft.AspNetCore.Routing.EndpointMiddleware[0]
      Executing endpoint 'RandomNumberApi.Controllers.RandomController.Get (RandomNumberApi)'
info: Microsoft.AspNetCore.Mvc.Infrastructure.ControllerActionInvoker[102]
      Route matched with {action = "Get", controller = "Random"}. Executing controller action with signature Microsoft.AspNetCore.Mvc.IActionResult Get() on controller RandomNumberApi.Controllers.RandomController (RandomNumberApi).
info: Microsoft.AspNetCore.Mvc.Infrastructure.ObjectResultExecutor[1]
      Executing OkObjectResult, writing value of type '<>f__AnonymousType0`1[[System.Int32, System.Private.CoreLib, Version=8.0.0.0, Culture=neutral, PublicKeyToken=7cec85d7bea7798e]]'.
info: Microsoft.AspNetCore.Mvc.Infrastructure.ControllerActionInvoker[105]
      Executed action RandomNumberApi.Controllers.RandomController.Get (RandomNumberApi) in 0.0653ms
info: Microsoft.AspNetCore.Routing.EndpointMiddleware[1]
      Executed endpoint 'RandomNumberApi.Controllers.RandomController.Get (RandomNumberApi)'
info: Microsoft.AspNetCore.Hosting.Diagnostics[2]
      Request finished HTTP/1.1 GET http://localhost:5000/api/random - 200 - application/json;+charset=utf-8 0.1927ms
info: Microsoft.AspNetCore.Hosting.Diagnostics[1]
      Request starting HTTP/1.1 GET http://localhost:5000/api/random - - -
info: Microsoft.AspNetCore.Routing.EndpointMiddleware[0]
      Executing endpoint 'RandomNumberApi.Controllers.RandomController.Get (RandomNumberApi)'
info: Microsoft.AspNetCore.Mvc.Infrastructure.ControllerActionInvoker[102]
      Route matched with {action = "Get", controller = "Random"}. Executing controller action with signature Microsoft.AspNetCore.Mvc.IActionResult Get() on controller RandomNumberApi.Controllers.RandomController (RandomNumberApi).
info: Microsoft.AspNetCore.Mvc.Infrastructure.ObjectResultExecutor[1]
      Executing OkObjectResult, writing value of type '<>f__AnonymousType0`1[[System.Int32, System.Private.CoreLib, Version=8.0.0.0, Culture=neutral, PublicKeyToken=7cec85d7bea7798e]]'.
info: Microsoft.AspNetCore.Mvc.Infrastructure.ControllerActionInvoker[105]
      Executed action RandomNumberApi.Controllers.RandomController.Get (RandomNumberApi) in 0.1215ms
info: Microsoft.AspNetCore.Routing.EndpointMiddleware[1]
      Executed endpoint 'RandomNumberApi.Controllers.RandomController.Get (RandomNumberApi)'
info: Microsoft.AspNetCore.Hosting.Diagnostics[2]
      Request finished HTTP/1.1 GET http://localhost:5000/api/random - 200 - application/json;+charset=utf-8 0.4540ms
info: Microsoft.AspNetCore.Hosting.Diagnostics[1]
      Request starting HTTP/1.1 GET http://localhost:5000/api/random - - -
info: Microsoft.AspNetCore.Routing.EndpointMiddleware[0]
      Executing endpoint 'RandomNumberApi.Controllers.RandomController.Get (RandomNumberApi)'
info: Microsoft.AspNetCore.Mvc.Infrastructure.ControllerActionInvoker[102]
      Route matched with {action = "Get", controller = "Random"}. Executing controller action with signature Microsoft.AspNetCore.Mvc.IActionResult Get() on controller RandomNumberApi.Controllers.RandomController (RandomNumberApi).
info: Microsoft.AspNetCore.Mvc.Infrastructure.ObjectResultExecutor[1]
      Executing OkObjectResult, writing value of type '<>f__AnonymousType0`1[[System.Int32, System.Private.CoreLib, Version=8.0.0.0, Culture=neutral, PublicKeyToken=7cec85d7bea7798e]]'.
info: Microsoft.AspNetCore.Mvc.Infrastructure.ControllerActionInvoker[105]
      Executed action RandomNumberApi.Controllers.RandomController.Get (RandomNumberApi) in 0.4352ms
info: Microsoft.AspNetCore.Routing.EndpointMiddleware[1]
      Executed endpoint 'RandomNumberApi.Controllers.RandomController.Get (RandomNumberApi)'
info: Microsoft.AspNetCore.Hosting.Diagnostics[2]
      Request finished HTTP/1.1 GET http://localhost:5000/api/random - 200 - application/json;+charset=utf-8 0.5770ms
info: Microsoft.AspNetCore.Hosting.Diagnostics[1]
      Request starting HTTP/1.1 GET http://localhost:5000/api/random - - -
info: Microsoft.AspNetCore.Routing.EndpointMiddleware[0]
      Executing endpoint 'RandomNumberApi.Controllers.RandomController.Get (RandomNumberApi)'
info: Microsoft.AspNetCore.Mvc.Infrastructure.ControllerActionInvoker[102]
      Route matched with {action = "Get", controller = "Random"}. Executing controller action with signature Microsoft.AspNetCore.Mvc.IActionResult Get() on controller RandomNumberApi.Controllers.RandomController (RandomNumberApi).
info: Microsoft.AspNetCore.Mvc.Infrastructure.ObjectResultExecutor[1]
      Executing OkObjectResult, writing value of type '<>f__AnonymousType0`1[[System.Int32, System.Private.CoreLib, Version=8.0.0.0, Culture=neutral, PublicKeyToken=7cec85d7bea7798e]]'.
info: Microsoft.AspNetCore.Mvc.Infrastructure.ControllerActionInvoker[105]
      Executed action RandomNumberApi.Controllers.RandomController.Get (RandomNumberApi) in 0.1347ms
info: Microsoft.AspNetCore.Routing.EndpointMiddleware[1]
      Executed endpoint 'RandomNumberApi.Controllers.RandomController.Get (RandomNumberApi)'
info: Microsoft.AspNetCore.Hosting.Diagnostics[2]
      Request finished HTTP/1.1 GET http://localhost:5000/api/random - 200 - application/json;+charset=utf-8 0.4106ms
info: Microsoft.AspNetCore.Hosting.Diagnostics[1]
      Request starting HTTP/1.1 GET http://localhost:5000/api/random - - -
info: Microsoft.AspNetCore.Routing.EndpointMiddleware[0]
      Executing endpoint 'RandomNumberApi.Controllers.RandomController.Get (RandomNumberApi)'
info: Microsoft.AspNetCore.Mvc.Infrastructure.ControllerActionInvoker[102]
      Route matched with {action = "Get", controller = "Random"}. Executing controller action with signature Microsoft.AspNetCore.Mvc.IActionResult Get() on controller RandomNumberApi.Controllers.RandomController (RandomNumberApi).
info: Microsoft.AspNetCore.Mvc.Infrastructure.ObjectResultExecutor[1]
      Executing OkObjectResult, writing value of type '<>f__AnonymousType0`1[[System.Int32, System.Private.CoreLib, Version=8.0.0.0, Culture=neutral, PublicKeyToken=7cec85d7bea7798e]]'.
info: Microsoft.AspNetCore.Mvc.Infrastructure.ControllerActionInvoker[105]
      Executed action RandomNumberApi.Controllers.RandomController.Get (RandomNumberApi) in 0.1194ms
info: Microsoft.AspNetCore.Routing.EndpointMiddleware[1]
      Executed endpoint 'RandomNumberApi.Controllers.RandomController.Get (RandomNumberApi)'
info: Microsoft.AspNetCore.Hosting.Diagnostics[2]
      Request finished HTTP/1.1 GET http://localhost:5000/api/random - 200 - application/json;+charset=utf-8 0.2870ms
info: Microsoft.AspNetCore.Hosting.Diagnostics[1]
      Request starting HTTP/1.1 GET http://localhost:5000/api/random - - -
info: Microsoft.AspNetCore.Routing.EndpointMiddleware[0]
      Executing endpoint 'RandomNumberApi.Controllers.RandomController.Get (RandomNumberApi)'
info: Microsoft.AspNetCore.Mvc.Infrastructure.ControllerActionInvoker[102]
      Route matched with {action = "Get", controller = "Random"}. Executing controller action with signature Microsoft.AspNetCore.Mvc.IActionResult Get() on controller RandomNumberApi.Controllers.RandomController (RandomNumberApi).
info: Microsoft.AspNetCore.Mvc.Infrastructure.ObjectResultExecutor[1]
      Executing OkObjectResult, writing value of type '<>f__AnonymousType0`1[[System.Int32, System.Private.CoreLib, Version=8.0.0.0, Culture=neutral, PublicKeyToken=7cec85d7bea7798e]]'.
info: Microsoft.AspNetCore.Mvc.Infrastructure.ControllerActionInvoker[105]
      Executed action RandomNumberApi.Controllers.RandomController.Get (RandomNumberApi) in 0.0984ms
info: Microsoft.AspNetCore.Routing.EndpointMiddleware[1]
      Executed endpoint 'RandomNumberApi.Controllers.RandomController.Get (RandomNumberApi)'
info: Microsoft.AspNetCore.Hosting.Diagnostics[2]
      Request finished HTTP/1.1 GET http://localhost:5000/api/random - 200 - application/json;+charset=utf-8 0.2616ms
info: Microsoft.AspNetCore.Hosting.Diagnostics[1]
      Request starting HTTP/1.1 GET http://localhost:5000/api/random - - -
info: Microsoft.AspNetCore.Routing.EndpointMiddleware[0]
      Executing endpoint 'RandomNumberApi.Controllers.RandomController.Get (RandomNumberApi)'
info: Microsoft.AspNetCore.Mvc.Infrastructure.ControllerActionInvoker[102]
      Route matched with {action = "Get", controller = "Random"}. Executing controller action with signature Microsoft.AspNetCore.Mvc.IActionResult Get() on controller RandomNumberApi.Controllers.RandomController (RandomNumberApi).
info: Microsoft.AspNetCore.Mvc.Infrastructure.ObjectResultExecutor[1]
      Executing OkObjectResult, writing value of type '<>f__AnonymousType0`1[[System.Int32, System.Private.CoreLib, Version=8.0.0.0, Culture=neutral, PublicKeyToken=7cec85d7bea7798e]]'.
info: Microsoft.AspNetCore.Mvc.Infrastructure.ControllerActionInvoker[105]
      Executed action RandomNumberApi.Controllers.RandomController.Get (RandomNumberApi) in 0.4662ms
info: Microsoft.AspNetCore.Routing.EndpointMiddleware[1]
      Executed endpoint 'RandomNumberApi.Controllers.RandomController.Get (RandomNumberApi)'
info: Microsoft.AspNetCore.Hosting.Diagnostics[2]
      Request finished HTTP/1.1 GET http://localhost:5000/api/random - 200 - application/json;+charset=utf-8 0.8576ms
info: Microsoft.AspNetCore.Hosting.Diagnostics[1]
      Request starting HTTP/1.1 GET http://localhost:5000/api/random - - -
info: Microsoft.AspNetCore.Routing.EndpointMiddleware[0]
      Executing endpoint 'RandomNumberApi.Controllers.RandomController.Get (RandomNumberApi)'
info: Microsoft.AspNetCore.Mvc.Infrastructure.ControllerActionInvoker[102]
      Route matched with {action = "Get", controller = "Random"}. Executing controller action with signature Microsoft.AspNetCore.Mvc.IActionResult Get() on controller RandomNumberApi.Controllers.RandomController (RandomNumberApi).
info: Microsoft.AspNetCore.Mvc.Infrastructure.ObjectResultExecutor[1]
      Executing OkObjectResult, writing value of type '<>f__AnonymousType0`1[[System.Int32, System.Private.CoreLib, Version=8.0.0.0, Culture=neutral, PublicKeyToken=7cec85d7bea7798e]]'.
info: Microsoft.AspNetCore.Mvc.Infrastructure.ControllerActionInvoker[105]
      Executed action RandomNumberApi.Controllers.RandomController.Get (RandomNumberApi) in 0.466ms
info: Microsoft.AspNetCore.Routing.EndpointMiddleware[1]
      Executed endpoint 'RandomNumberApi.Controllers.RandomController.Get (RandomNumberApi)'
info: Microsoft.AspNetCore.Hosting.Diagnostics[2]
      Request finished HTTP/1.1 GET http://localhost:5000/api/random - 200 - application/json;+charset=utf-8 0.7038ms
info: Microsoft.AspNetCore.Hosting.Diagnostics[1]
      Request starting HTTP/1.1 GET http://localhost:5000/api/random - - -
info: Microsoft.AspNetCore.Routing.EndpointMiddleware[0]
      Executing endpoint 'RandomNumberApi.Controllers.RandomController.Get (RandomNumberApi)'
info: Microsoft.AspNetCore.Mvc.Infrastructure.ControllerActionInvoker[102]
      Route matched with {action = "Get", controller = "Random"}. Executing controller action with signature Microsoft.AspNetCore.Mvc.IActionResult Get() on controller RandomNumberApi.Controllers.RandomController (RandomNumberApi).
info: Microsoft.AspNetCore.Mvc.Infrastructure.ObjectResultExecutor[1]
      Executing OkObjectResult, writing value of type '<>f__AnonymousType0`1[[System.Int32, System.Private.CoreLib, Version=8.0.0.0, Culture=neutral, PublicKeyToken=7cec85d7bea7798e]]'.
info: Microsoft.AspNetCore.Mvc.Infrastructure.ControllerActionInvoker[105]
      Executed action RandomNumberApi.Controllers.RandomController.Get (RandomNumberApi) in 0.4477ms
info: Microsoft.AspNetCore.Routing.EndpointMiddleware[1]
      Executed endpoint 'RandomNumberApi.Controllers.RandomController.Get (RandomNumberApi)'
info: Microsoft.AspNetCore.Hosting.Diagnostics[2]
      Request finished HTTP/1.1 GET http://localhost:5000/api/random - 200 - application/json;+charset=utf-8 0.6668ms
info: Microsoft.AspNetCore.Hosting.Diagnostics[1]
      Request starting HTTP/1.1 GET http://localhost:5000/api/random - - -
info: Microsoft.AspNetCore.Routing.EndpointMiddleware[0]
      Executing endpoint 'RandomNumberApi.Controllers.RandomController.Get (RandomNumberApi)'
info: Microsoft.AspNetCore.Mvc.Infrastructure.ControllerActionInvoker[102]
      Route matched with {action = "Get", controller = "Random"}. Executing controller action with signature Microsoft.AspNetCore.Mvc.IActionResult Get() on controller RandomNumberApi.Controllers.RandomController (RandomNumberApi).
info: Microsoft.AspNetCore.Mvc.Infrastructure.ObjectResultExecutor[1]
      Executing OkObjectResult, writing value of type '<>f__AnonymousType0`1[[System.Int32, System.Private.CoreLib, Version=8.0.0.0, Culture=neutral, PublicKeyToken=7cec85d7bea7798e]]'.
info: Microsoft.AspNetCore.Mvc.Infrastructure.ControllerActionInvoker[105]
      Executed action RandomNumberApi.Controllers.RandomController.Get (RandomNumberApi) in 0.0408ms
info: Microsoft.AspNetCore.Routing.EndpointMiddleware[1]
      Executed endpoint 'RandomNumberApi.Controllers.RandomController.Get (RandomNumberApi)'
info: Microsoft.AspNetCore.Hosting.Diagnostics[2]
      Request finished HTTP/1.1 GET http://localhost:5000/api/random - 200 - application/json;+charset=utf-8 0.1200ms
info: Microsoft.AspNetCore.Hosting.Diagnostics[1]
      Request starting HTTP/1.1 GET http://localhost:5000/api/random - - -
info: Microsoft.AspNetCore.Routing.EndpointMiddleware[0]
      Executing endpoint 'RandomNumberApi.Controllers.RandomController.Get (RandomNumberApi)'
info: Microsoft.AspNetCore.Mvc.Infrastructure.ControllerActionInvoker[102]
      Route matched with {action = "Get", controller = "Random"}. Executing controller action with signature Microsoft.AspNetCore.Mvc.IActionResult Get() on controller RandomNumberApi.Controllers.RandomController (RandomNumberApi).
info: Microsoft.AspNetCore.Mvc.Infrastructure.ObjectResultExecutor[1]
      Executing OkObjectResult, writing value of type '<>f__AnonymousType0`1[[System.Int32, System.Private.CoreLib, Version=8.0.0.0, Culture=neutral, PublicKeyToken=7cec85d7bea7798e]]'.
info: Microsoft.AspNetCore.Mvc.Infrastructure.ControllerActionInvoker[105]
      Executed action RandomNumberApi.Controllers.RandomController.Get (RandomNumberApi) in 0.4443ms
info: Microsoft.AspNetCore.Routing.EndpointMiddleware[1]
      Executed endpoint 'RandomNumberApi.Controllers.RandomController.Get (RandomNumberApi)'
info: Microsoft.AspNetCore.Hosting.Diagnostics[2]
      Request finished HTTP/1.1 GET http://localhost:5000/api/random - 200 - application/json;+charset=utf-8 0.6691ms
info: Microsoft.AspNetCore.Hosting.Diagnostics[1]
      Request starting HTTP/1.1 GET http://localhost:5000/api/random - - -
info: Microsoft.AspNetCore.Routing.EndpointMiddleware[0]
      Executing endpoint 'RandomNumberApi.Controllers.RandomController.Get (RandomNumberApi)'
info: Microsoft.AspNetCore.Mvc.Infrastructure.ControllerActionInvoker[102]
      Route matched with {action = "Get", controller = "Random"}. Executing controller action with signature Microsoft.AspNetCore.Mvc.IActionResult Get() on controller RandomNumberApi.Controllers.RandomController (RandomNumberApi).
info: Microsoft.AspNetCore.Mvc.Infrastructure.ObjectResultExecutor[1]
      Executing OkObjectResult, writing value of type '<>f__AnonymousType0`1[[System.Int32, System.Private.CoreLib, Version=8.0.0.0, Culture=neutral, PublicKeyToken=7cec85d7bea7798e]]'.
info: Microsoft.AspNetCore.Mvc.Infrastructure.ControllerActionInvoker[105]
      Executed action RandomNumberApi.Controllers.RandomController.Get (RandomNumberApi) in 0.1126ms
info: Microsoft.AspNetCore.Routing.EndpointMiddleware[1]
      Executed endpoint 'RandomNumberApi.Controllers.RandomController.Get (RandomNumberApi)'
info: Microsoft.AspNetCore.Hosting.Diagnostics[2]
      Request finished HTTP/1.1 GET http://localhost:5000/api/random - 200 - application/json;+charset=utf-8 0.3233ms
info: Microsoft.AspNetCore.Hosting.Diagnostics[1]
      Request starting HTTP/1.1 GET http://localhost:5000/api/random - - -
info: Microsoft.AspNetCore.Routing.EndpointMiddleware[0]
      Executing endpoint 'RandomNumberApi.Controllers.RandomController.Get (RandomNumberApi)'
info: Microsoft.AspNetCore.Mvc.Infrastructure.ControllerActionInvoker[102]
      Route matched with {action = "Get", controller = "Random"}. Executing controller action with signature Microsoft.AspNetCore.Mvc.IActionResult Get() on controller RandomNumberApi.Controllers.RandomController (RandomNumberApi).
info: Microsoft.AspNetCore.Mvc.Infrastructure.ObjectResultExecutor[1]
      Executing OkObjectResult, writing value of type '<>f__AnonymousType0`1[[System.Int32, System.Private.CoreLib, Version=8.0.0.0, Culture=neutral, PublicKeyToken=7cec85d7bea7798e]]'.
info: Microsoft.AspNetCore.Mvc.Infrastructure.ControllerActionInvoker[105]
      Executed action RandomNumberApi.Controllers.RandomController.Get (RandomNumberApi) in 0.4454ms
info: Microsoft.AspNetCore.Routing.EndpointMiddleware[1]
      Executed endpoint 'RandomNumberApi.Controllers.RandomController.Get (RandomNumberApi)'
info: Microsoft.AspNetCore.Hosting.Diagnostics[2]
      Request finished HTTP/1.1 GET http://localhost:5000/api/random - 200 - application/json;+charset=utf-8 0.6675ms
info: Microsoft.AspNetCore.Hosting.Diagnostics[1]
      Request starting HTTP/1.1 GET http://localhost:5000/api/random - - -
info: Microsoft.AspNetCore.Routing.EndpointMiddleware[0]
      Executing endpoint 'RandomNumberApi.Controllers.RandomController.Get (RandomNumberApi)'
info: Microsoft.AspNetCore.Mvc.Infrastructure.ControllerActionInvoker[102]
      Route matched with {action = "Get", controller = "Random"}. Executing controller action with signature Microsoft.AspNetCore.Mvc.IActionResult Get() on controller RandomNumberApi.Controllers.RandomController (RandomNumberApi).
info: Microsoft.AspNetCore.Mvc.Infrastructure.ObjectResultExecutor[1]
      Executing OkObjectResult, writing value of type '<>f__AnonymousType0`1[[System.Int32, System.Private.CoreLib, Version=8.0.0.0, Culture=neutral, PublicKeyToken=7cec85d7bea7798e]]'.
info: Microsoft.AspNetCore.Mvc.Infrastructure.ControllerActionInvoker[105]
      Executed action RandomNumberApi.Controllers.RandomController.Get (RandomNumberApi) in 0.1113ms
info: Microsoft.AspNetCore.Routing.EndpointMiddleware[1]
      Executed endpoint 'RandomNumberApi.Controllers.RandomController.Get (RandomNumberApi)'
info: Microsoft.AspNetCore.Hosting.Diagnostics[2]
      Request finished HTTP/1.1 GET http://localhost:5000/api/random - 200 - application/json;+charset=utf-8 0.3227ms
info: Microsoft.AspNetCore.Hosting.Diagnostics[1]
      Request starting HTTP/1.1 GET http://localhost:5000/api/random - - -
info: Microsoft.AspNetCore.Routing.EndpointMiddleware[0]
      Executing endpoint 'RandomNumberApi.Controllers.RandomController.Get (RandomNumberApi)'
info: Microsoft.AspNetCore.Mvc.Infrastructure.ControllerActionInvoker[102]
      Route matched with {action = "Get", controller = "Random"}. Executing controller action with signature Microsoft.AspNetCore.Mvc.IActionResult Get() on controller RandomNumberApi.Controllers.RandomController (RandomNumberApi).
info: Microsoft.AspNetCore.Mvc.Infrastructure.ObjectResultExecutor[1]
      Executing OkObjectResult, writing value of type '<>f__AnonymousType0`1[[System.Int32, System.Private.CoreLib, Version=8.0.0.0, Culture=neutral, PublicKeyToken=7cec85d7bea7798e]]'.
info: Microsoft.AspNetCore.Mvc.Infrastructure.ControllerActionInvoker[105]
      Executed action RandomNumberApi.Controllers.RandomController.Get (RandomNumberApi) in 0.0957ms
info: Microsoft.AspNetCore.Routing.EndpointMiddleware[1]
      Executed endpoint 'RandomNumberApi.Controllers.RandomController.Get (RandomNumberApi)'
info: Microsoft.AspNetCore.Hosting.Diagnostics[2]
      Request finished HTTP/1.1 GET http://localhost:5000/api/random - 200 - application/json;+charset=utf-8 0.2663ms
info: Microsoft.AspNetCore.Hosting.Diagnostics[1]
      Request starting HTTP/1.1 GET http://localhost:5000/api/random - - -
info: Microsoft.AspNetCore.Routing.EndpointMiddleware[0]
      Executing endpoint 'RandomNumberApi.Controllers.RandomController.Get (RandomNumberApi)'
info: Microsoft.AspNetCore.Mvc.Infrastructure.ControllerActionInvoker[102]
      Route matched with {action = "Get", controller = "Random"}. Executing controller action with signature Microsoft.AspNetCore.Mvc.IActionResult Get() on controller RandomNumberApi.Controllers.RandomController (RandomNumberApi).
info: Microsoft.AspNetCore.Mvc.Infrastructure.ObjectResultExecutor[1]
      Executing OkObjectResult, writing value of type '<>f__AnonymousType0`1[[System.Int32, System.Private.CoreLib, Version=8.0.0.0, Culture=neutral, PublicKeyToken=7cec85d7bea7798e]]'.
info: Microsoft.AspNetCore.Mvc.Infrastructure.ControllerActionInvoker[105]
      Executed action RandomNumberApi.Controllers.RandomController.Get (RandomNumberApi) in 0.3929ms
info: Microsoft.AspNetCore.Routing.EndpointMiddleware[1]
      Executed endpoint 'RandomNumberApi.Controllers.RandomController.Get (RandomNumberApi)'
info: Microsoft.AspNetCore.Hosting.Diagnostics[2]
      Request finished HTTP/1.1 GET http://localhost:5000/api/random - 200 - application/json;+charset=utf-8 0.5247ms
info: Microsoft.AspNetCore.Hosting.Diagnostics[1]
      Request starting HTTP/1.1 GET http://localhost:5000/api/random - - -
info: Microsoft.AspNetCore.Routing.EndpointMiddleware[0]
      Executing endpoint 'RandomNumberApi.Controllers.RandomController.Get (RandomNumberApi)'
info: Microsoft.AspNetCore.Mvc.Infrastructure.ControllerActionInvoker[102]
      Route matched with {action = "Get", controller = "Random"}. Executing controller action with signature Microsoft.AspNetCore.Mvc.IActionResult Get() on controller RandomNumberApi.Controllers.RandomController (RandomNumberApi).
info: Microsoft.AspNetCore.Mvc.Infrastructure.ObjectResultExecutor[1]
      Executing OkObjectResult, writing value of type '<>f__AnonymousType0`1[[System.Int32, System.Private.CoreLib, Version=8.0.0.0, Culture=neutral, PublicKeyToken=7cec85d7bea7798e]]'.
info: Microsoft.AspNetCore.Mvc.Infrastructure.ControllerActionInvoker[105]
      Executed action RandomNumberApi.Controllers.RandomController.Get (RandomNumberApi) in 0.445ms
info: Microsoft.AspNetCore.Routing.EndpointMiddleware[1]
      Executed endpoint 'RandomNumberApi.Controllers.RandomController.Get (RandomNumberApi)'
info: Microsoft.AspNetCore.Hosting.Diagnostics[2]
      Request finished HTTP/1.1 GET http://localhost:5000/api/random - 200 - application/json;+charset=utf-8 0.6542ms
info: Microsoft.AspNetCore.Hosting.Diagnostics[1]
      Request starting HTTP/1.1 GET http://localhost:5000/api/random - - -
info: Microsoft.AspNetCore.Routing.EndpointMiddleware[0]
      Executing endpoint 'RandomNumberApi.Controllers.RandomController.Get (RandomNumberApi)'
info: Microsoft.AspNetCore.Mvc.Infrastructure.ControllerActionInvoker[102]
      Route matched with {action = "Get", controller = "Random"}. Executing controller action with signature Microsoft.AspNetCore.Mvc.IActionResult Get() on controller RandomNumberApi.Controllers.RandomController (RandomNumberApi).
info: Microsoft.AspNetCore.Mvc.Infrastructure.ObjectResultExecutor[1]
      Executing OkObjectResult, writing value of type '<>f__AnonymousType0`1[[System.Int32, System.Private.CoreLib, Version=8.0.0.0, Culture=neutral, PublicKeyToken=7cec85d7bea7798e]]'.
info: Microsoft.AspNetCore.Mvc.Infrastructure.ControllerActionInvoker[105]
      Executed action RandomNumberApi.Controllers.RandomController.Get (RandomNumberApi) in 0.1047ms
info: Microsoft.AspNetCore.Routing.EndpointMiddleware[1]
      Executed endpoint 'RandomNumberApi.Controllers.RandomController.Get (RandomNumberApi)'
info: Microsoft.AspNetCore.Hosting.Diagnostics[2]
      Request finished HTTP/1.1 GET http://localhost:5000/api/random - 200 - application/json;+charset=utf-8 0.2977ms
info: Microsoft.AspNetCore.Hosting.Diagnostics[1]
      Request starting HTTP/1.1 GET http://localhost:5000/api/random - - -
info: Microsoft.AspNetCore.Routing.EndpointMiddleware[0]
      Executing endpoint 'RandomNumberApi.Controllers.RandomController.Get (RandomNumberApi)'
info: Microsoft.AspNetCore.Mvc.Infrastructure.ControllerActionInvoker[102]
      Route matched with {action = "Get", controller = "Random"}. Executing controller action with signature Microsoft.AspNetCore.Mvc.IActionResult Get() on controller RandomNumberApi.Controllers.RandomController (RandomNumberApi).
info: Microsoft.AspNetCore.Mvc.Infrastructure.ObjectResultExecutor[1]
      Executing OkObjectResult, writing value of type '<>f__AnonymousType0`1[[System.Int32, System.Private.CoreLib, Version=8.0.0.0, Culture=neutral, PublicKeyToken=7cec85d7bea7798e]]'.
info: Microsoft.AspNetCore.Mvc.Infrastructure.ControllerActionInvoker[105]
      Executed action RandomNumberApi.Controllers.RandomController.Get (RandomNumberApi) in 0.1113ms
info: Microsoft.AspNetCore.Routing.EndpointMiddleware[1]
      Executed endpoint 'RandomNumberApi.Controllers.RandomController.Get (RandomNumberApi)'
info: Microsoft.AspNetCore.Hosting.Diagnostics[2]
      Request finished HTTP/1.1 GET http://localhost:5000/api/random - 200 - application/json;+charset=utf-8 0.3116ms
info: Microsoft.AspNetCore.Hosting.Diagnostics[1]
      Request starting HTTP/1.1 GET http://localhost:5000/api/random - - -
info: Microsoft.AspNetCore.Routing.EndpointMiddleware[0]
      Executing endpoint 'RandomNumberApi.Controllers.RandomController.Get (RandomNumberApi)'
info: Microsoft.AspNetCore.Mvc.Infrastructure.ControllerActionInvoker[102]
      Route matched with {action = "Get", controller = "Random"}. Executing controller action with signature Microsoft.AspNetCore.Mvc.IActionResult Get() on controller RandomNumberApi.Controllers.RandomController (RandomNumberApi).
info: Microsoft.AspNetCore.Mvc.Infrastructure.ObjectResultExecutor[1]
      Executing OkObjectResult, writing value of type '<>f__AnonymousType0`1[[System.Int32, System.Private.CoreLib, Version=8.0.0.0, Culture=neutral, PublicKeyToken=7cec85d7bea7798e]]'.
info: Microsoft.AspNetCore.Mvc.Infrastructure.ControllerActionInvoker[105]
      Executed action RandomNumberApi.Controllers.RandomController.Get (RandomNumberApi) in 0.0866ms
info: Microsoft.AspNetCore.Routing.EndpointMiddleware[1]
      Executed endpoint 'RandomNumberApi.Controllers.RandomController.Get (RandomNumberApi)'
info: Microsoft.AspNetCore.Hosting.Diagnostics[2]
      Request finished HTTP/1.1 GET http://localhost:5000/api/random - 200 - application/json;+charset=utf-8 0.2418ms
info: Microsoft.AspNetCore.Hosting.Diagnostics[1]
      Request starting HTTP/1.1 GET http://localhost:5000/api/random - - -
info: Microsoft.AspNetCore.Routing.EndpointMiddleware[0]
      Executing endpoint 'RandomNumberApi.Controllers.RandomController.Get (RandomNumberApi)'
info: Microsoft.AspNetCore.Mvc.Infrastructure.ControllerActionInvoker[102]
      Route matched with {action = "Get", controller = "Random"}. Executing controller action with signature Microsoft.AspNetCore.Mvc.IActionResult Get() on controller RandomNumberApi.Controllers.RandomController (RandomNumberApi).
info: Microsoft.AspNetCore.Mvc.Infrastructure.ObjectResultExecutor[1]
      Executing OkObjectResult, writing value of type '<>f__AnonymousType0`1[[System.Int32, System.Private.CoreLib, Version=8.0.0.0, Culture=neutral, PublicKeyToken=7cec85d7bea7798e]]'.
info: Microsoft.AspNetCore.Mvc.Infrastructure.ControllerActionInvoker[105]
      Executed action RandomNumberApi.Controllers.RandomController.Get (RandomNumberApi) in 0.4467ms
info: Microsoft.AspNetCore.Routing.EndpointMiddleware[1]
      Executed endpoint 'RandomNumberApi.Controllers.RandomController.Get (RandomNumberApi)'
info: Microsoft.AspNetCore.Hosting.Diagnostics[2]
      Request finished HTTP/1.1 GET http://localhost:5000/api/random - 200 - application/json;+charset=utf-8 0.6229ms
info: Microsoft.AspNetCore.Hosting.Diagnostics[1]
      Request starting HTTP/1.1 GET http://localhost:5000/api/random - - -
info: Microsoft.AspNetCore.Routing.EndpointMiddleware[0]
      Executing endpoint 'RandomNumberApi.Controllers.RandomController.Get (RandomNumberApi)'
info: Microsoft.AspNetCore.Mvc.Infrastructure.ControllerActionInvoker[102]
      Route matched with {action = "Get", controller = "Random"}. Executing controller action with signature Microsoft.AspNetCore.Mvc.IActionResult Get() on controller RandomNumberApi.Controllers.RandomController (RandomNumberApi).
info: Microsoft.AspNetCore.Mvc.Infrastructure.ObjectResultExecutor[1]
      Executing OkObjectResult, writing value of type '<>f__AnonymousType0`1[[System.Int32, System.Private.CoreLib, Version=8.0.0.0, Culture=neutral, PublicKeyToken=7cec85d7bea7798e]]'.
info: Microsoft.AspNetCore.Mvc.Infrastructure.ControllerActionInvoker[105]
      Executed action RandomNumberApi.Controllers.RandomController.Get (RandomNumberApi) in 0.1052ms
info: Microsoft.AspNetCore.Routing.EndpointMiddleware[1]
      Executed endpoint 'RandomNumberApi.Controllers.RandomController.Get (RandomNumberApi)'
info: Microsoft.AspNetCore.Hosting.Diagnostics[2]
      Request finished HTTP/1.1 GET http://localhost:5000/api/random - 200 - application/json;+charset=utf-8 0.2875ms
info: Microsoft.AspNetCore.Hosting.Diagnostics[1]
      Request starting HTTP/1.1 GET http://localhost:5000/api/random - - -
info: Microsoft.AspNetCore.Routing.EndpointMiddleware[0]
      Executing endpoint 'RandomNumberApi.Controllers.RandomController.Get (RandomNumberApi)'
info: Microsoft.AspNetCore.Mvc.Infrastructure.ControllerActionInvoker[102]
      Route matched with {action = "Get", controller = "Random"}. Executing controller action with signature Microsoft.AspNetCore.Mvc.IActionResult Get() on controller RandomNumberApi.Controllers.RandomController (RandomNumberApi).
info: Microsoft.AspNetCore.Mvc.Infrastructure.ObjectResultExecutor[1]
      Executing OkObjectResult, writing value of type '<>f__AnonymousType0`1[[System.Int32, System.Private.CoreLib, Version=8.0.0.0, Culture=neutral, PublicKeyToken=7cec85d7bea7798e]]'.
info: Microsoft.AspNetCore.Mvc.Infrastructure.ControllerActionInvoker[105]
      Executed action RandomNumberApi.Controllers.RandomController.Get (RandomNumberApi) in 0.0868ms
info: Microsoft.AspNetCore.Routing.EndpointMiddleware[1]
      Executed endpoint 'RandomNumberApi.Controllers.RandomController.Get (RandomNumberApi)'
info: Microsoft.AspNetCore.Hosting.Diagnostics[2]
      Request finished HTTP/1.1 GET http://localhost:5000/api/random - 200 - application/json;+charset=utf-8 0.2519ms
info: Microsoft.AspNetCore.Hosting.Diagnostics[1]
      Request starting HTTP/1.1 GET http://localhost:5000/api/random - - -
info: Microsoft.AspNetCore.Routing.EndpointMiddleware[0]
      Executing endpoint 'RandomNumberApi.Controllers.RandomController.Get (RandomNumberApi)'
info: Microsoft.AspNetCore.Mvc.Infrastructure.ControllerActionInvoker[102]
      Route matched with {action = "Get", controller = "Random"}. Executing controller action with signature Microsoft.AspNetCore.Mvc.IActionResult Get() on controller RandomNumberApi.Controllers.RandomController (RandomNumberApi).
info: Microsoft.AspNetCore.Mvc.Infrastructure.ObjectResultExecutor[1]
      Executing OkObjectResult, writing value of type '<>f__AnonymousType0`1[[System.Int32, System.Private.CoreLib, Version=8.0.0.0, Culture=neutral, PublicKeyToken=7cec85d7bea7798e]]'.
info: Microsoft.AspNetCore.Mvc.Infrastructure.ControllerActionInvoker[105]
      Executed action RandomNumberApi.Controllers.RandomController.Get (RandomNumberApi) in 0.4377ms
info: Microsoft.AspNetCore.Routing.EndpointMiddleware[1]
      Executed endpoint 'RandomNumberApi.Controllers.RandomController.Get (RandomNumberApi)'
info: Microsoft.AspNetCore.Hosting.Diagnostics[2]
      Request finished HTTP/1.1 GET http://localhost:5000/api/random - 200 - application/json;+charset=utf-8 0.6492ms
info: Microsoft.AspNetCore.Hosting.Diagnostics[1]
      Request starting HTTP/1.1 GET http://localhost:5000/api/random - - -
info: Microsoft.AspNetCore.Routing.EndpointMiddleware[0]
      Executing endpoint 'RandomNumberApi.Controllers.RandomController.Get (RandomNumberApi)'
info: Microsoft.AspNetCore.Mvc.Infrastructure.ControllerActionInvoker[102]
      Route matched with {action = "Get", controller = "Random"}. Executing controller action with signature Microsoft.AspNetCore.Mvc.IActionResult Get() on controller RandomNumberApi.Controllers.RandomController (RandomNumberApi).
info: Microsoft.AspNetCore.Mvc.Infrastructure.ObjectResultExecutor[1]
      Executing OkObjectResult, writing value of type '<>f__AnonymousType0`1[[System.Int32, System.Private.CoreLib, Version=8.0.0.0, Culture=neutral, PublicKeyToken=7cec85d7bea7798e]]'.
info: Microsoft.AspNetCore.Mvc.Infrastructure.ControllerActionInvoker[105]
      Executed action RandomNumberApi.Controllers.RandomController.Get (RandomNumberApi) in 0.4064ms
info: Microsoft.AspNetCore.Routing.EndpointMiddleware[1]
      Executed endpoint 'RandomNumberApi.Controllers.RandomController.Get (RandomNumberApi)'
info: Microsoft.AspNetCore.Hosting.Diagnostics[2]
      Request finished HTTP/1.1 GET http://localhost:5000/api/random - 200 - application/json;+charset=utf-8 0.5423ms
info: Microsoft.AspNetCore.Hosting.Diagnostics[1]
      Request starting HTTP/1.1 GET http://localhost:5000/api/random - - -
info: Microsoft.AspNetCore.Routing.EndpointMiddleware[0]
      Executing endpoint 'RandomNumberApi.Controllers.RandomController.Get (RandomNumberApi)'
info: Microsoft.AspNetCore.Mvc.Infrastructure.ControllerActionInvoker[102]
      Route matched with {action = "Get", controller = "Random"}. Executing controller action with signature Microsoft.AspNetCore.Mvc.IActionResult Get() on controller RandomNumberApi.Controllers.RandomController (RandomNumberApi).
info: Microsoft.AspNetCore.Mvc.Infrastructure.ObjectResultExecutor[1]
      Executing OkObjectResult, writing value of type '<>f__AnonymousType0`1[[System.Int32, System.Private.CoreLib, Version=8.0.0.0, Culture=neutral, PublicKeyToken=7cec85d7bea7798e]]'.
info: Microsoft.AspNetCore.Mvc.Infrastructure.ControllerActionInvoker[105]
      Executed action RandomNumberApi.Controllers.RandomController.Get (RandomNumberApi) in 0.4369ms
info: Microsoft.AspNetCore.Routing.EndpointMiddleware[1]
      Executed endpoint 'RandomNumberApi.Controllers.RandomController.Get (RandomNumberApi)'
info: Microsoft.AspNetCore.Hosting.Diagnostics[2]
      Request finished HTTP/1.1 GET http://localhost:5000/api/random - 200 - application/json;+charset=utf-8 0.6395ms
info: Microsoft.AspNetCore.Hosting.Diagnostics[1]
      Request starting HTTP/1.1 GET http://localhost:5000/api/random - - -
info: Microsoft.AspNetCore.Routing.EndpointMiddleware[0]
      Executing endpoint 'RandomNumberApi.Controllers.RandomController.Get (RandomNumberApi)'
info: Microsoft.AspNetCore.Mvc.Infrastructure.ControllerActionInvoker[102]
      Route matched with {action = "Get", controller = "Random"}. Executing controller action with signature Microsoft.AspNetCore.Mvc.IActionResult Get() on controller RandomNumberApi.Controllers.RandomController (RandomNumberApi).
info: Microsoft.AspNetCore.Mvc.Infrastructure.ObjectResultExecutor[1]
      Executing OkObjectResult, writing value of type '<>f__AnonymousType0`1[[System.Int32, System.Private.CoreLib, Version=8.0.0.0, Culture=neutral, PublicKeyToken=7cec85d7bea7798e]]'.
info: Microsoft.AspNetCore.Mvc.Infrastructure.ControllerActionInvoker[105]
      Executed action RandomNumberApi.Controllers.RandomController.Get (RandomNumberApi) in 0.0894ms
info: Microsoft.AspNetCore.Routing.EndpointMiddleware[1]
      Executed endpoint 'RandomNumberApi.Controllers.RandomController.Get (RandomNumberApi)'
info: Microsoft.AspNetCore.Hosting.Diagnostics[2]
      Request finished HTTP/1.1 GET http://localhost:5000/api/random - 200 - application/json;+charset=utf-8 0.2734ms
info: Microsoft.AspNetCore.Hosting.Diagnostics[1]
      Request starting HTTP/1.1 GET http://localhost:5000/api/random - - -
info: Microsoft.AspNetCore.Routing.EndpointMiddleware[0]
      Executing endpoint 'RandomNumberApi.Controllers.RandomController.Get (RandomNumberApi)'
info: Microsoft.AspNetCore.Mvc.Infrastructure.ControllerActionInvoker[102]
      Route matched with {action = "Get", controller = "Random"}. Executing controller action with signature Microsoft.AspNetCore.Mvc.IActionResult Get() on controller RandomNumberApi.Controllers.RandomController (RandomNumberApi).
info: Microsoft.AspNetCore.Mvc.Infrastructure.ObjectResultExecutor[1]
      Executing OkObjectResult, writing value of type '<>f__AnonymousType0`1[[System.Int32, System.Private.CoreLib, Version=8.0.0.0, Culture=neutral, PublicKeyToken=7cec85d7bea7798e]]'.
info: Microsoft.AspNetCore.Mvc.Infrastructure.ControllerActionInvoker[105]
      Executed action RandomNumberApi.Controllers.RandomController.Get (RandomNumberApi) in 0.0651ms
info: Microsoft.AspNetCore.Routing.EndpointMiddleware[1]
      Executed endpoint 'RandomNumberApi.Controllers.RandomController.Get (RandomNumberApi)'
info: Microsoft.AspNetCore.Hosting.Diagnostics[2]
      Request finished HTTP/1.1 GET http://localhost:5000/api/random - 200 - application/json;+charset=utf-8 0.2478ms
info: Microsoft.AspNetCore.Hosting.Diagnostics[1]
      Request starting HTTP/1.1 GET http://localhost:5000/api/random - - -
info: Microsoft.AspNetCore.Routing.EndpointMiddleware[0]
      Executing endpoint 'RandomNumberApi.Controllers.RandomController.Get (RandomNumberApi)'
info: Microsoft.AspNetCore.Mvc.Infrastructure.ControllerActionInvoker[102]
      Route matched with {action = "Get", controller = "Random"}. Executing controller action with signature Microsoft.AspNetCore.Mvc.IActionResult Get() on controller RandomNumberApi.Controllers.RandomController (RandomNumberApi).
info: Microsoft.AspNetCore.Mvc.Infrastructure.ObjectResultExecutor[1]
      Executing OkObjectResult, writing value of type '<>f__AnonymousType0`1[[System.Int32, System.Private.CoreLib, Version=8.0.0.0, Culture=neutral, PublicKeyToken=7cec85d7bea7798e]]'.
info: Microsoft.AspNetCore.Mvc.Infrastructure.ControllerActionInvoker[105]
      Executed action RandomNumberApi.Controllers.RandomController.Get (RandomNumberApi) in 0.0793ms
info: Microsoft.AspNetCore.Routing.EndpointMiddleware[1]
      Executed endpoint 'RandomNumberApi.Controllers.RandomController.Get (RandomNumberApi)'
info: Microsoft.AspNetCore.Hosting.Diagnostics[2]
      Request finished HTTP/1.1 GET http://localhost:5000/api/random - 200 - application/json;+charset=utf-8 0.2153ms
info: Microsoft.AspNetCore.Hosting.Diagnostics[1]
      Request starting HTTP/1.1 GET http://localhost:5000/api/random - - -
info: Microsoft.AspNetCore.Routing.EndpointMiddleware[0]
      Executing endpoint 'RandomNumberApi.Controllers.RandomController.Get (RandomNumberApi)'
info: Microsoft.AspNetCore.Mvc.Infrastructure.ControllerActionInvoker[102]
      Route matched with {action = "Get", controller = "Random"}. Executing controller action with signature Microsoft.AspNetCore.Mvc.IActionResult Get() on controller RandomNumberApi.Controllers.RandomController (RandomNumberApi).
info: Microsoft.AspNetCore.Mvc.Infrastructure.ObjectResultExecutor[1]
      Executing OkObjectResult, writing value of type '<>f__AnonymousType0`1[[System.Int32, System.Private.CoreLib, Version=8.0.0.0, Culture=neutral, PublicKeyToken=7cec85d7bea7798e]]'.
info: Microsoft.AspNetCore.Mvc.Infrastructure.ControllerActionInvoker[105]
      Executed action RandomNumberApi.Controllers.RandomController.Get (RandomNumberApi) in 0.0865ms
info: Microsoft.AspNetCore.Routing.EndpointMiddleware[1]
      Executed endpoint 'RandomNumberApi.Controllers.RandomController.Get (RandomNumberApi)'
info: Microsoft.AspNetCore.Hosting.Diagnostics[2]
      Request finished HTTP/1.1 GET http://localhost:5000/api/random - 200 - application/json;+charset=utf-8 0.2683ms
info: Microsoft.AspNetCore.Hosting.Diagnostics[1]
      Request starting HTTP/1.1 GET http://localhost:5000/api/random - - -
info: Microsoft.AspNetCore.Routing.EndpointMiddleware[0]
      Executing endpoint 'RandomNumberApi.Controllers.RandomController.Get (RandomNumberApi)'
info: Microsoft.AspNetCore.Mvc.Infrastructure.ControllerActionInvoker[102]
      Route matched with {action = "Get", controller = "Random"}. Executing controller action with signature Microsoft.AspNetCore.Mvc.IActionResult Get() on controller RandomNumberApi.Controllers.RandomController (RandomNumberApi).
info: Microsoft.AspNetCore.Mvc.Infrastructure.ObjectResultExecutor[1]
      Executing OkObjectResult, writing value of type '<>f__AnonymousType0`1[[System.Int32, System.Private.CoreLib, Version=8.0.0.0, Culture=neutral, PublicKeyToken=7cec85d7bea7798e]]'.
info: Microsoft.AspNetCore.Mvc.Infrastructure.ControllerActionInvoker[105]
      Executed action RandomNumberApi.Controllers.RandomController.Get (RandomNumberApi) in 0.0927ms
info: Microsoft.AspNetCore.Routing.EndpointMiddleware[1]
      Executed endpoint 'RandomNumberApi.Controllers.RandomController.Get (RandomNumberApi)'
info: Microsoft.AspNetCore.Hosting.Diagnostics[2]
      Request finished HTTP/1.1 GET http://localhost:5000/api/random - 200 - application/json;+charset=utf-8 0.2932ms
info: Microsoft.AspNetCore.Hosting.Diagnostics[1]
      Request starting HTTP/1.1 GET http://localhost:5000/api/random - - -
info: Microsoft.AspNetCore.Routing.EndpointMiddleware[0]
      Executing endpoint 'RandomNumberApi.Controllers.RandomController.Get (RandomNumberApi)'
info: Microsoft.AspNetCore.Mvc.Infrastructure.ControllerActionInvoker[102]
      Route matched with {action = "Get", controller = "Random"}. Executing controller action with signature Microsoft.AspNetCore.Mvc.IActionResult Get() on controller RandomNumberApi.Controllers.RandomController (RandomNumberApi).
info: Microsoft.AspNetCore.Mvc.Infrastructure.ObjectResultExecutor[1]
      Executing OkObjectResult, writing value of type '<>f__AnonymousType0`1[[System.Int32, System.Private.CoreLib, Version=8.0.0.0, Culture=neutral, PublicKeyToken=7cec85d7bea7798e]]'.
info: Microsoft.AspNetCore.Mvc.Infrastructure.ControllerActionInvoker[105]
      Executed action RandomNumberApi.Controllers.RandomController.Get (RandomNumberApi) in 0.4286ms
info: Microsoft.AspNetCore.Routing.EndpointMiddleware[1]
      Executed endpoint 'RandomNumberApi.Controllers.RandomController.Get (RandomNumberApi)'
info: Microsoft.AspNetCore.Hosting.Diagnostics[2]
      Request finished HTTP/1.1 GET http://localhost:5000/api/random - 200 - application/json;+charset=utf-8 0.6545ms
info: Microsoft.AspNetCore.Hosting.Diagnostics[1]
      Request starting HTTP/1.1 GET http://localhost:5000/api/random - - -
info: Microsoft.AspNetCore.Routing.EndpointMiddleware[0]
      Executing endpoint 'RandomNumberApi.Controllers.RandomController.Get (RandomNumberApi)'
info: Microsoft.AspNetCore.Mvc.Infrastructure.ControllerActionInvoker[102]
      Route matched with {action = "Get", controller = "Random"}. Executing controller action with signature Microsoft.AspNetCore.Mvc.IActionResult Get() on controller RandomNumberApi.Controllers.RandomController (RandomNumberApi).
info: Microsoft.AspNetCore.Mvc.Infrastructure.ObjectResultExecutor[1]
      Executing OkObjectResult, writing value of type '<>f__AnonymousType0`1[[System.Int32, System.Private.CoreLib, Version=8.0.0.0, Culture=neutral, PublicKeyToken=7cec85d7bea7798e]]'.
info: Microsoft.AspNetCore.Mvc.Infrastructure.ControllerActionInvoker[105]
      Executed action RandomNumberApi.Controllers.RandomController.Get (RandomNumberApi) in 0.0906ms
info: Microsoft.AspNetCore.Routing.EndpointMiddleware[1]
      Executed endpoint 'RandomNumberApi.Controllers.RandomController.Get (RandomNumberApi)'
info: Microsoft.AspNetCore.Hosting.Diagnostics[2]
      Request finished HTTP/1.1 GET http://localhost:5000/api/random - 200 - application/json;+charset=utf-8 0.3538ms
info: Microsoft.AspNetCore.Hosting.Diagnostics[1]
      Request starting HTTP/1.1 GET http://localhost:5000/api/random - - -
info: Microsoft.AspNetCore.Routing.EndpointMiddleware[0]
      Executing endpoint 'RandomNumberApi.Controllers.RandomController.Get (RandomNumberApi)'
info: Microsoft.AspNetCore.Mvc.Infrastructure.ControllerActionInvoker[102]
      Route matched with {action = "Get", controller = "Random"}. Executing controller action with signature Microsoft.AspNetCore.Mvc.IActionResult Get() on controller RandomNumberApi.Controllers.RandomController (RandomNumberApi).
info: Microsoft.AspNetCore.Mvc.Infrastructure.ObjectResultExecutor[1]
      Executing OkObjectResult, writing value of type '<>f__AnonymousType0`1[[System.Int32, System.Private.CoreLib, Version=8.0.0.0, Culture=neutral, PublicKeyToken=7cec85d7bea7798e]]'.
info: Microsoft.AspNetCore.Mvc.Infrastructure.ControllerActionInvoker[105]
      Executed action RandomNumberApi.Controllers.RandomController.Get (RandomNumberApi) in 0.4807ms
info: Microsoft.AspNetCore.Routing.EndpointMiddleware[1]
      Executed endpoint 'RandomNumberApi.Controllers.RandomController.Get (RandomNumberApi)'
info: Microsoft.AspNetCore.Hosting.Diagnostics[2]
      Request finished HTTP/1.1 GET http://localhost:5000/api/random - 200 - application/json;+charset=utf-8 0.7020ms
info: Microsoft.AspNetCore.Hosting.Diagnostics[1]
      Request starting HTTP/1.1 GET http://localhost:5000/api/random - - -
info: Microsoft.AspNetCore.Routing.EndpointMiddleware[0]
      Executing endpoint 'RandomNumberApi.Controllers.RandomController.Get (RandomNumberApi)'
info: Microsoft.AspNetCore.Mvc.Infrastructure.ControllerActionInvoker[102]
      Route matched with {action = "Get", controller = "Random"}. Executing controller action with signature Microsoft.AspNetCore.Mvc.IActionResult Get() on controller RandomNumberApi.Controllers.RandomController (RandomNumberApi).
info: Microsoft.AspNetCore.Mvc.Infrastructure.ObjectResultExecutor[1]
      Executing OkObjectResult, writing value of type '<>f__AnonymousType0`1[[System.Int32, System.Private.CoreLib, Version=8.0.0.0, Culture=neutral, PublicKeyToken=7cec85d7bea7798e]]'.
info: Microsoft.AspNetCore.Mvc.Infrastructure.ControllerActionInvoker[105]
      Executed action RandomNumberApi.Controllers.RandomController.Get (RandomNumberApi) in 0.0935ms
info: Microsoft.AspNetCore.Routing.EndpointMiddleware[1]
      Executed endpoint 'RandomNumberApi.Controllers.RandomController.Get (RandomNumberApi)'
info: Microsoft.AspNetCore.Hosting.Diagnostics[2]
      Request finished HTTP/1.1 GET http://localhost:5000/api/random - 200 - application/json;+charset=utf-8 0.2773ms
info: Microsoft.AspNetCore.Hosting.Diagnostics[1]
      Request starting HTTP/1.1 GET http://localhost:5000/api/random - - -
info: Microsoft.AspNetCore.Routing.EndpointMiddleware[0]
      Executing endpoint 'RandomNumberApi.Controllers.RandomController.Get (RandomNumberApi)'
info: Microsoft.AspNetCore.Mvc.Infrastructure.ControllerActionInvoker[102]
      Route matched with {action = "Get", controller = "Random"}. Executing controller action with signature Microsoft.AspNetCore.Mvc.IActionResult Get() on controller RandomNumberApi.Controllers.RandomController (RandomNumberApi).
info: Microsoft.AspNetCore.Mvc.Infrastructure.ObjectResultExecutor[1]
      Executing OkObjectResult, writing value of type '<>f__AnonymousType0`1[[System.Int32, System.Private.CoreLib, Version=8.0.0.0, Culture=neutral, PublicKeyToken=7cec85d7bea7798e]]'.
info: Microsoft.AspNetCore.Mvc.Infrastructure.ControllerActionInvoker[105]
      Executed action RandomNumberApi.Controllers.RandomController.Get (RandomNumberApi) in 0.0851ms
info: Microsoft.AspNetCore.Routing.EndpointMiddleware[1]
      Executed endpoint 'RandomNumberApi.Controllers.RandomController.Get (RandomNumberApi)'
info: Microsoft.AspNetCore.Hosting.Diagnostics[2]
      Request finished HTTP/1.1 GET http://localhost:5000/api/random - 200 - application/json;+charset=utf-8 0.2549ms
info: Microsoft.AspNetCore.Hosting.Diagnostics[1]
      Request starting HTTP/1.1 GET http://localhost:5000/api/random - - -
info: Microsoft.AspNetCore.Routing.EndpointMiddleware[0]
      Executing endpoint 'RandomNumberApi.Controllers.RandomController.Get (RandomNumberApi)'
info: Microsoft.AspNetCore.Mvc.Infrastructure.ControllerActionInvoker[102]
      Route matched with {action = "Get", controller = "Random"}. Executing controller action with signature Microsoft.AspNetCore.Mvc.IActionResult Get() on controller RandomNumberApi.Controllers.RandomController (RandomNumberApi).
info: Microsoft.AspNetCore.Mvc.Infrastructure.ObjectResultExecutor[1]
      Executing OkObjectResult, writing value of type '<>f__AnonymousType0`1[[System.Int32, System.Private.CoreLib, Version=8.0.0.0, Culture=neutral, PublicKeyToken=7cec85d7bea7798e]]'.
info: Microsoft.AspNetCore.Mvc.Infrastructure.ControllerActionInvoker[105]
      Executed action RandomNumberApi.Controllers.RandomController.Get (RandomNumberApi) in 0.4422ms
info: Microsoft.AspNetCore.Routing.EndpointMiddleware[1]
      Executed endpoint 'RandomNumberApi.Controllers.RandomController.Get (RandomNumberApi)'
info: Microsoft.AspNetCore.Hosting.Diagnostics[2]
      Request finished HTTP/1.1 GET http://localhost:5000/api/random - 200 - application/json;+charset=utf-8 0.6811ms
info: Microsoft.AspNetCore.Hosting.Diagnostics[1]
      Request starting HTTP/1.1 GET http://localhost:5000/api/random - - -
info: Microsoft.AspNetCore.Routing.EndpointMiddleware[0]
      Executing endpoint 'RandomNumberApi.Controllers.RandomController.Get (RandomNumberApi)'
info: Microsoft.AspNetCore.Mvc.Infrastructure.ControllerActionInvoker[102]
      Route matched with {action = "Get", controller = "Random"}. Executing controller action with signature Microsoft.AspNetCore.Mvc.IActionResult Get() on controller RandomNumberApi.Controllers.RandomController (RandomNumberApi).
info: Microsoft.AspNetCore.Mvc.Infrastructure.ObjectResultExecutor[1]
      Executing OkObjectResult, writing value of type '<>f__AnonymousType0`1[[System.Int32, System.Private.CoreLib, Version=8.0.0.0, Culture=neutral, PublicKeyToken=7cec85d7bea7798e]]'.
info: Microsoft.AspNetCore.Mvc.Infrastructure.ControllerActionInvoker[105]
      Executed action RandomNumberApi.Controllers.RandomController.Get (RandomNumberApi) in 0.422ms
info: Microsoft.AspNetCore.Routing.EndpointMiddleware[1]
      Executed endpoint 'RandomNumberApi.Controllers.RandomController.Get (RandomNumberApi)'
info: Microsoft.AspNetCore.Hosting.Diagnostics[2]
      Request finished HTTP/1.1 GET http://localhost:5000/api/random - 200 - application/json;+charset=utf-8 0.6052ms
info: Microsoft.AspNetCore.Hosting.Diagnostics[1]
      Request starting HTTP/1.1 GET http://localhost:5000/api/random - - -
info: Microsoft.AspNetCore.Routing.EndpointMiddleware[0]
      Executing endpoint 'RandomNumberApi.Controllers.RandomController.Get (RandomNumberApi)'
info: Microsoft.AspNetCore.Mvc.Infrastructure.ControllerActionInvoker[102]
      Route matched with {action = "Get", controller = "Random"}. Executing controller action with signature Microsoft.AspNetCore.Mvc.IActionResult Get() on controller RandomNumberApi.Controllers.RandomController (RandomNumberApi).
info: Microsoft.AspNetCore.Mvc.Infrastructure.ObjectResultExecutor[1]
      Executing OkObjectResult, writing value of type '<>f__AnonymousType0`1[[System.Int32, System.Private.CoreLib, Version=8.0.0.0, Culture=neutral, PublicKeyToken=7cec85d7bea7798e]]'.
info: Microsoft.AspNetCore.Mvc.Infrastructure.ControllerActionInvoker[105]
      Executed action RandomNumberApi.Controllers.RandomController.Get (RandomNumberApi) in 0.1147ms
info: Microsoft.AspNetCore.Routing.EndpointMiddleware[1]
      Executed endpoint 'RandomNumberApi.Controllers.RandomController.Get (RandomNumberApi)'
info: Microsoft.AspNetCore.Hosting.Diagnostics[2]
      Request finished HTTP/1.1 GET http://localhost:5000/api/random - 200 - application/json;+charset=utf-8 0.3426ms
info: Microsoft.AspNetCore.Hosting.Diagnostics[1]
      Request starting HTTP/1.1 GET http://localhost:5000/api/random - - -
info: Microsoft.AspNetCore.Routing.EndpointMiddleware[0]
      Executing endpoint 'RandomNumberApi.Controllers.RandomController.Get (RandomNumberApi)'
info: Microsoft.AspNetCore.Mvc.Infrastructure.ControllerActionInvoker[102]
      Route matched with {action = "Get", controller = "Random"}. Executing controller action with signature Microsoft.AspNetCore.Mvc.IActionResult Get() on controller RandomNumberApi.Controllers.RandomController (RandomNumberApi).
info: Microsoft.AspNetCore.Mvc.Infrastructure.ObjectResultExecutor[1]
      Executing OkObjectResult, writing value of type '<>f__AnonymousType0`1[[System.Int32, System.Private.CoreLib, Version=8.0.0.0, Culture=neutral, PublicKeyToken=7cec85d7bea7798e]]'.
info: Microsoft.AspNetCore.Mvc.Infrastructure.ControllerActionInvoker[105]
      Executed action RandomNumberApi.Controllers.RandomController.Get (RandomNumberApi) in 0.5222ms
info: Microsoft.AspNetCore.Routing.EndpointMiddleware[1]
      Executed endpoint 'RandomNumberApi.Controllers.RandomController.Get (RandomNumberApi)'
info: Microsoft.AspNetCore.Hosting.Diagnostics[2]
      Request finished HTTP/1.1 GET http://localhost:5000/api/random - 200 - application/json;+charset=utf-8 0.7287ms
info: Microsoft.AspNetCore.Hosting.Diagnostics[1]
      Request starting HTTP/1.1 GET http://localhost:5000/api/random - - -
info: Microsoft.AspNetCore.Routing.EndpointMiddleware[0]
      Executing endpoint 'RandomNumberApi.Controllers.RandomController.Get (RandomNumberApi)'
info: Microsoft.AspNetCore.Mvc.Infrastructure.ControllerActionInvoker[102]
      Route matched with {action = "Get", controller = "Random"}. Executing controller action with signature Microsoft.AspNetCore.Mvc.IActionResult Get() on controller RandomNumberApi.Controllers.RandomController (RandomNumberApi).
info: Microsoft.AspNetCore.Mvc.Infrastructure.ObjectResultExecutor[1]
      Executing OkObjectResult, writing value of type '<>f__AnonymousType0`1[[System.Int32, System.Private.CoreLib, Version=8.0.0.0, Culture=neutral, PublicKeyToken=7cec85d7bea7798e]]'.
info: Microsoft.AspNetCore.Mvc.Infrastructure.ControllerActionInvoker[105]
      Executed action RandomNumberApi.Controllers.RandomController.Get (RandomNumberApi) in 0.1332ms
info: Microsoft.AspNetCore.Routing.EndpointMiddleware[1]
      Executed endpoint 'RandomNumberApi.Controllers.RandomController.Get (RandomNumberApi)'
info: Microsoft.AspNetCore.Hosting.Diagnostics[2]
      Request finished HTTP/1.1 GET http://localhost:5000/api/random - 200 - application/json;+charset=utf-8 0.3460ms
info: Microsoft.AspNetCore.Hosting.Diagnostics[1]
      Request starting HTTP/1.1 GET http://localhost:5000/api/random - - -
info: Microsoft.AspNetCore.Routing.EndpointMiddleware[0]
      Executing endpoint 'RandomNumberApi.Controllers.RandomController.Get (RandomNumberApi)'
info: Microsoft.AspNetCore.Mvc.Infrastructure.ControllerActionInvoker[102]
      Route matched with {action = "Get", controller = "Random"}. Executing controller action with signature Microsoft.AspNetCore.Mvc.IActionResult Get() on controller RandomNumberApi.Controllers.RandomController (RandomNumberApi).
info: Microsoft.AspNetCore.Mvc.Infrastructure.ObjectResultExecutor[1]
      Executing OkObjectResult, writing value of type '<>f__AnonymousType0`1[[System.Int32, System.Private.CoreLib, Version=8.0.0.0, Culture=neutral, PublicKeyToken=7cec85d7bea7798e]]'.
info: Microsoft.AspNetCore.Mvc.Infrastructure.ControllerActionInvoker[105]
      Executed action RandomNumberApi.Controllers.RandomController.Get (RandomNumberApi) in 0.0858ms
info: Microsoft.AspNetCore.Routing.EndpointMiddleware[1]
      Executed endpoint 'RandomNumberApi.Controllers.RandomController.Get (RandomNumberApi)'
info: Microsoft.AspNetCore.Hosting.Diagnostics[2]
      Request finished HTTP/1.1 GET http://localhost:5000/api/random - 200 - application/json;+charset=utf-8 0.2597ms
info: Microsoft.AspNetCore.Hosting.Diagnostics[1]
      Request starting HTTP/1.1 GET http://localhost:5000/api/random - - -
info: Microsoft.AspNetCore.Routing.EndpointMiddleware[0]
      Executing endpoint 'RandomNumberApi.Controllers.RandomController.Get (RandomNumberApi)'
info: Microsoft.AspNetCore.Mvc.Infrastructure.ControllerActionInvoker[102]
      Route matched with {action = "Get", controller = "Random"}. Executing controller action with signature Microsoft.AspNetCore.Mvc.IActionResult Get() on controller RandomNumberApi.Controllers.RandomController (RandomNumberApi).
info: Microsoft.AspNetCore.Mvc.Infrastructure.ObjectResultExecutor[1]
      Executing OkObjectResult, writing value of type '<>f__AnonymousType0`1[[System.Int32, System.Private.CoreLib, Version=8.0.0.0, Culture=neutral, PublicKeyToken=7cec85d7bea7798e]]'.
info: Microsoft.AspNetCore.Mvc.Infrastructure.ControllerActionInvoker[105]
      Executed action RandomNumberApi.Controllers.RandomController.Get (RandomNumberApi) in 0.4661ms
info: Microsoft.AspNetCore.Routing.EndpointMiddleware[1]
      Executed endpoint 'RandomNumberApi.Controllers.RandomController.Get (RandomNumberApi)'
info: Microsoft.AspNetCore.Hosting.Diagnostics[2]
      Request finished HTTP/1.1 GET http://localhost:5000/api/random - 200 - application/json;+charset=utf-8 0.6967ms
info: Microsoft.AspNetCore.Hosting.Diagnostics[1]
      Request starting HTTP/1.1 GET http://localhost:5000/api/random - - -
info: Microsoft.AspNetCore.Routing.EndpointMiddleware[0]
      Executing endpoint 'RandomNumberApi.Controllers.RandomController.Get (RandomNumberApi)'
info: Microsoft.AspNetCore.Mvc.Infrastructure.ControllerActionInvoker[102]
      Route matched with {action = "Get", controller = "Random"}. Executing controller action with signature Microsoft.AspNetCore.Mvc.IActionResult Get() on controller RandomNumberApi.Controllers.RandomController (RandomNumberApi).
info: Microsoft.AspNetCore.Mvc.Infrastructure.ObjectResultExecutor[1]
      Executing OkObjectResult, writing value of type '<>f__AnonymousType0`1[[System.Int32, System.Private.CoreLib, Version=8.0.0.0, Culture=neutral, PublicKeyToken=7cec85d7bea7798e]]'.
info: Microsoft.AspNetCore.Mvc.Infrastructure.ControllerActionInvoker[105]
      Executed action RandomNumberApi.Controllers.RandomController.Get (RandomNumberApi) in 0.1147ms
info: Microsoft.AspNetCore.Routing.EndpointMiddleware[1]
      Executed endpoint 'RandomNumberApi.Controllers.RandomController.Get (RandomNumberApi)'
info: Microsoft.AspNetCore.Hosting.Diagnostics[2]
      Request finished HTTP/1.1 GET http://localhost:5000/api/random - 200 - application/json;+charset=utf-8 0.3579ms
info: Microsoft.AspNetCore.Hosting.Diagnostics[1]
      Request starting HTTP/1.1 GET http://localhost:5000/api/random - - -
info: Microsoft.AspNetCore.Routing.EndpointMiddleware[0]
      Executing endpoint 'RandomNumberApi.Controllers.RandomController.Get (RandomNumberApi)'
info: Microsoft.AspNetCore.Mvc.Infrastructure.ControllerActionInvoker[102]
      Route matched with {action = "Get", controller = "Random"}. Executing controller action with signature Microsoft.AspNetCore.Mvc.IActionResult Get() on controller RandomNumberApi.Controllers.RandomController (RandomNumberApi).
info: Microsoft.AspNetCore.Mvc.Infrastructure.ObjectResultExecutor[1]
      Executing OkObjectResult, writing value of type '<>f__AnonymousType0`1[[System.Int32, System.Private.CoreLib, Version=8.0.0.0, Culture=neutral, PublicKeyToken=7cec85d7bea7798e]]'.
info: Microsoft.AspNetCore.Mvc.Infrastructure.ControllerActionInvoker[105]
      Executed action RandomNumberApi.Controllers.RandomController.Get (RandomNumberApi) in 0.4372ms
info: Microsoft.AspNetCore.Routing.EndpointMiddleware[1]
      Executed endpoint 'RandomNumberApi.Controllers.RandomController.Get (RandomNumberApi)'
info: Microsoft.AspNetCore.Hosting.Diagnostics[2]
      Request finished HTTP/1.1 GET http://localhost:5000/api/random - 200 - application/json;+charset=utf-8 0.6758ms
info: Microsoft.AspNetCore.Hosting.Diagnostics[1]
      Request starting HTTP/1.1 GET http://localhost:5000/api/random - - -
info: Microsoft.AspNetCore.Routing.EndpointMiddleware[0]
      Executing endpoint 'RandomNumberApi.Controllers.RandomController.Get (RandomNumberApi)'
info: Microsoft.AspNetCore.Mvc.Infrastructure.ControllerActionInvoker[102]
      Route matched with {action = "Get", controller = "Random"}. Executing controller action with signature Microsoft.AspNetCore.Mvc.IActionResult Get() on controller RandomNumberApi.Controllers.RandomController (RandomNumberApi).
info: Microsoft.AspNetCore.Mvc.Infrastructure.ObjectResultExecutor[1]
      Executing OkObjectResult, writing value of type '<>f__AnonymousType0`1[[System.Int32, System.Private.CoreLib, Version=8.0.0.0, Culture=neutral, PublicKeyToken=7cec85d7bea7798e]]'.
info: Microsoft.AspNetCore.Mvc.Infrastructure.ControllerActionInvoker[105]
      Executed action RandomNumberApi.Controllers.RandomController.Get (RandomNumberApi) in 0.4608ms
info: Microsoft.AspNetCore.Routing.EndpointMiddleware[1]
      Executed endpoint 'RandomNumberApi.Controllers.RandomController.Get (RandomNumberApi)'
info: Microsoft.AspNetCore.Hosting.Diagnostics[2]
      Request finished HTTP/1.1 GET http://localhost:5000/api/random - 200 - application/json;+charset=utf-8 0.7209ms
info: Microsoft.AspNetCore.Hosting.Diagnostics[1]
      Request starting HTTP/1.1 GET http://localhost:5000/api/random - - -
info: Microsoft.AspNetCore.Routing.EndpointMiddleware[0]
      Executing endpoint 'RandomNumberApi.Controllers.RandomController.Get (RandomNumberApi)'
info: Microsoft.AspNetCore.Mvc.Infrastructure.ControllerActionInvoker[102]
      Route matched with {action = "Get", controller = "Random"}. Executing controller action with signature Microsoft.AspNetCore.Mvc.IActionResult Get() on controller RandomNumberApi.Controllers.RandomController (RandomNumberApi).
info: Microsoft.AspNetCore.Mvc.Infrastructure.ObjectResultExecutor[1]
      Executing OkObjectResult, writing value of type '<>f__AnonymousType0`1[[System.Int32, System.Private.CoreLib, Version=8.0.0.0, Culture=neutral, PublicKeyToken=7cec85d7bea7798e]]'.
info: Microsoft.AspNetCore.Mvc.Infrastructure.ControllerActionInvoker[105]
      Executed action RandomNumberApi.Controllers.RandomController.Get (RandomNumberApi) in 0.0909ms
info: Microsoft.AspNetCore.Routing.EndpointMiddleware[1]
      Executed endpoint 'RandomNumberApi.Controllers.RandomController.Get (RandomNumberApi)'
info: Microsoft.AspNetCore.Hosting.Diagnostics[2]
      Request finished HTTP/1.1 GET http://localhost:5000/api/random - 200 - application/json;+charset=utf-8 0.2538ms
info: Microsoft.AspNetCore.Hosting.Diagnostics[1]
      Request starting HTTP/1.1 GET http://localhost:5000/api/random - - -
info: Microsoft.AspNetCore.Routing.EndpointMiddleware[0]
      Executing endpoint 'RandomNumberApi.Controllers.RandomController.Get (RandomNumberApi)'
info: Microsoft.AspNetCore.Mvc.Infrastructure.ControllerActionInvoker[102]
      Route matched with {action = "Get", controller = "Random"}. Executing controller action with signature Microsoft.AspNetCore.Mvc.IActionResult Get() on controller RandomNumberApi.Controllers.RandomController (RandomNumberApi).
info: Microsoft.AspNetCore.Mvc.Infrastructure.ObjectResultExecutor[1]
      Executing OkObjectResult, writing value of type '<>f__AnonymousType0`1[[System.Int32, System.Private.CoreLib, Version=8.0.0.0, Culture=neutral, PublicKeyToken=7cec85d7bea7798e]]'.
info: Microsoft.AspNetCore.Mvc.Infrastructure.ControllerActionInvoker[105]
      Executed action RandomNumberApi.Controllers.RandomController.Get (RandomNumberApi) in 0.057ms
info: Microsoft.AspNetCore.Routing.EndpointMiddleware[1]
      Executed endpoint 'RandomNumberApi.Controllers.RandomController.Get (RandomNumberApi)'
info: Microsoft.AspNetCore.Hosting.Diagnostics[2]
      Request finished HTTP/1.1 GET http://localhost:5000/api/random - 200 - application/json;+charset=utf-8 0.1958ms
info: Microsoft.AspNetCore.Hosting.Diagnostics[1]
      Request starting HTTP/1.1 GET http://localhost:5000/api/random - - -
info: Microsoft.AspNetCore.Routing.EndpointMiddleware[0]
      Executing endpoint 'RandomNumberApi.Controllers.RandomController.Get (RandomNumberApi)'
info: Microsoft.AspNetCore.Mvc.Infrastructure.ControllerActionInvoker[102]
      Route matched with {action = "Get", controller = "Random"}. Executing controller action with signature Microsoft.AspNetCore.Mvc.IActionResult Get() on controller RandomNumberApi.Controllers.RandomController (RandomNumberApi).
info: Microsoft.AspNetCore.Mvc.Infrastructure.ObjectResultExecutor[1]
      Executing OkObjectResult, writing value of type '<>f__AnonymousType0`1[[System.Int32, System.Private.CoreLib, Version=8.0.0.0, Culture=neutral, PublicKeyToken=7cec85d7bea7798e]]'.
info: Microsoft.AspNetCore.Mvc.Infrastructure.ControllerActionInvoker[105]
      Executed action RandomNumberApi.Controllers.RandomController.Get (RandomNumberApi) in 0.1059ms
info: Microsoft.AspNetCore.Routing.EndpointMiddleware[1]
      Executed endpoint 'RandomNumberApi.Controllers.RandomController.Get (RandomNumberApi)'
info: Microsoft.AspNetCore.Hosting.Diagnostics[2]
      Request finished HTTP/1.1 GET http://localhost:5000/api/random - 200 - application/json;+charset=utf-8 0.3151ms
info: Microsoft.AspNetCore.Hosting.Diagnostics[1]
      Request starting HTTP/1.1 GET http://localhost:5000/api/random - - -
info: Microsoft.AspNetCore.Routing.EndpointMiddleware[0]
      Executing endpoint 'RandomNumberApi.Controllers.RandomController.Get (RandomNumberApi)'
info: Microsoft.AspNetCore.Mvc.Infrastructure.ControllerActionInvoker[102]
      Route matched with {action = "Get", controller = "Random"}. Executing controller action with signature Microsoft.AspNetCore.Mvc.IActionResult Get() on controller RandomNumberApi.Controllers.RandomController (RandomNumberApi).
info: Microsoft.AspNetCore.Mvc.Infrastructure.ObjectResultExecutor[1]
      Executing OkObjectResult, writing value of type '<>f__AnonymousType0`1[[System.Int32, System.Private.CoreLib, Version=8.0.0.0, Culture=neutral, PublicKeyToken=7cec85d7bea7798e]]'.
info: Microsoft.AspNetCore.Mvc.Infrastructure.ControllerActionInvoker[105]
      Executed action RandomNumberApi.Controllers.RandomController.Get (RandomNumberApi) in 0.1014ms
info: Microsoft.AspNetCore.Routing.EndpointMiddleware[1]
      Executed endpoint 'RandomNumberApi.Controllers.RandomController.Get (RandomNumberApi)'
info: Microsoft.AspNetCore.Hosting.Diagnostics[2]
      Request finished HTTP/1.1 GET http://localhost:5000/api/random - 200 - application/json;+charset=utf-8 0.3120ms
info: Microsoft.AspNetCore.Hosting.Diagnostics[1]
      Request starting HTTP/1.1 GET http://localhost:5000/api/random - - -
info: Microsoft.AspNetCore.Routing.EndpointMiddleware[0]
      Executing endpoint 'RandomNumberApi.Controllers.RandomController.Get (RandomNumberApi)'
info: Microsoft.AspNetCore.Mvc.Infrastructure.ControllerActionInvoker[102]
      Route matched with {action = "Get", controller = "Random"}. Executing controller action with signature Microsoft.AspNetCore.Mvc.IActionResult Get() on controller RandomNumberApi.Controllers.RandomController (RandomNumberApi).
info: Microsoft.AspNetCore.Mvc.Infrastructure.ObjectResultExecutor[1]
      Executing OkObjectResult, writing value of type '<>f__AnonymousType0`1[[System.Int32, System.Private.CoreLib, Version=8.0.0.0, Culture=neutral, PublicKeyToken=7cec85d7bea7798e]]'.
info: Microsoft.AspNetCore.Mvc.Infrastructure.ControllerActionInvoker[105]
      Executed action RandomNumberApi.Controllers.RandomController.Get (RandomNumberApi) in 0.0948ms
info: Microsoft.AspNetCore.Routing.EndpointMiddleware[1]
      Executed endpoint 'RandomNumberApi.Controllers.RandomController.Get (RandomNumberApi)'
info: Microsoft.AspNetCore.Hosting.Diagnostics[2]
      Request finished HTTP/1.1 GET http://localhost:5000/api/random - 200 - application/json;+charset=utf-8 0.2727ms
info: Microsoft.AspNetCore.Hosting.Diagnostics[1]
      Request starting HTTP/1.1 GET http://localhost:5000/api/random - - -
info: Microsoft.AspNetCore.Routing.EndpointMiddleware[0]
      Executing endpoint 'RandomNumberApi.Controllers.RandomController.Get (RandomNumberApi)'
info: Microsoft.AspNetCore.Mvc.Infrastructure.ControllerActionInvoker[102]
      Route matched with {action = "Get", controller = "Random"}. Executing controller action with signature Microsoft.AspNetCore.Mvc.IActionResult Get() on controller RandomNumberApi.Controllers.RandomController (RandomNumberApi).
info: Microsoft.AspNetCore.Mvc.Infrastructure.ObjectResultExecutor[1]
      Executing OkObjectResult, writing value of type '<>f__AnonymousType0`1[[System.Int32, System.Private.CoreLib, Version=8.0.0.0, Culture=neutral, PublicKeyToken=7cec85d7bea7798e]]'.
info: Microsoft.AspNetCore.Mvc.Infrastructure.ControllerActionInvoker[105]
      Executed action RandomNumberApi.Controllers.RandomController.Get (RandomNumberApi) in 0.0792ms
info: Microsoft.AspNetCore.Routing.EndpointMiddleware[1]
      Executed endpoint 'RandomNumberApi.Controllers.RandomController.Get (RandomNumberApi)'
info: Microsoft.AspNetCore.Hosting.Diagnostics[2]
      Request finished HTTP/1.1 GET http://localhost:5000/api/random - 200 - application/json;+charset=utf-8 0.2200ms
info: Microsoft.AspNetCore.Hosting.Diagnostics[1]
      Request starting HTTP/1.1 GET http://localhost:5000/api/random - - -
info: Microsoft.AspNetCore.Routing.EndpointMiddleware[0]
      Executing endpoint 'RandomNumberApi.Controllers.RandomController.Get (RandomNumberApi)'
info: Microsoft.AspNetCore.Mvc.Infrastructure.ControllerActionInvoker[102]
      Route matched with {action = "Get", controller = "Random"}. Executing controller action with signature Microsoft.AspNetCore.Mvc.IActionResult Get() on controller RandomNumberApi.Controllers.RandomController (RandomNumberApi).
info: Microsoft.AspNetCore.Mvc.Infrastructure.ObjectResultExecutor[1]
      Executing OkObjectResult, writing value of type '<>f__AnonymousType0`1[[System.Int32, System.Private.CoreLib, Version=8.0.0.0, Culture=neutral, PublicKeyToken=7cec85d7bea7798e]]'.
info: Microsoft.AspNetCore.Mvc.Infrastructure.ControllerActionInvoker[105]
      Executed action RandomNumberApi.Controllers.RandomController.Get (RandomNumberApi) in 0.0986ms
info: Microsoft.AspNetCore.Routing.EndpointMiddleware[1]
      Executed endpoint 'RandomNumberApi.Controllers.RandomController.Get (RandomNumberApi)'
info: Microsoft.AspNetCore.Hosting.Diagnostics[2]
      Request finished HTTP/1.1 GET http://localhost:5000/api/random - 200 - application/json;+charset=utf-8 0.3162ms
info: Microsoft.AspNetCore.Hosting.Diagnostics[1]
      Request starting HTTP/1.1 GET http://localhost:5000/api/random - - -
info: Microsoft.AspNetCore.Routing.EndpointMiddleware[0]
      Executing endpoint 'RandomNumberApi.Controllers.RandomController.Get (RandomNumberApi)'
info: Microsoft.AspNetCore.Mvc.Infrastructure.ControllerActionInvoker[102]
      Route matched with {action = "Get", controller = "Random"}. Executing controller action with signature Microsoft.AspNetCore.Mvc.IActionResult Get() on controller RandomNumberApi.Controllers.RandomController (RandomNumberApi).
info: Microsoft.AspNetCore.Mvc.Infrastructure.ObjectResultExecutor[1]
      Executing OkObjectResult, writing value of type '<>f__AnonymousType0`1[[System.Int32, System.Private.CoreLib, Version=8.0.0.0, Culture=neutral, PublicKeyToken=7cec85d7bea7798e]]'.
info: Microsoft.AspNetCore.Mvc.Infrastructure.ControllerActionInvoker[105]
      Executed action RandomNumberApi.Controllers.RandomController.Get (RandomNumberApi) in 0.0639ms
info: Microsoft.AspNetCore.Routing.EndpointMiddleware[1]
      Executed endpoint 'RandomNumberApi.Controllers.RandomController.Get (RandomNumberApi)'
info: Microsoft.AspNetCore.Hosting.Diagnostics[2]
      Request finished HTTP/1.1 GET http://localhost:5000/api/random - 200 - application/json;+charset=utf-8 0.2103ms
info: Microsoft.AspNetCore.Hosting.Diagnostics[1]
      Request starting HTTP/1.1 GET http://localhost:5000/api/random - - -
info: Microsoft.AspNetCore.Routing.EndpointMiddleware[0]
      Executing endpoint 'RandomNumberApi.Controllers.RandomController.Get (RandomNumberApi)'
info: Microsoft.AspNetCore.Mvc.Infrastructure.ControllerActionInvoker[102]
      Route matched with {action = "Get", controller = "Random"}. Executing controller action with signature Microsoft.AspNetCore.Mvc.IActionResult Get() on controller RandomNumberApi.Controllers.RandomController (RandomNumberApi).
info: Microsoft.AspNetCore.Mvc.Infrastructure.ObjectResultExecutor[1]
      Executing OkObjectResult, writing value of type '<>f__AnonymousType0`1[[System.Int32, System.Private.CoreLib, Version=8.0.0.0, Culture=neutral, PublicKeyToken=7cec85d7bea7798e]]'.
info: Microsoft.AspNetCore.Mvc.Infrastructure.ControllerActionInvoker[105]
      Executed action RandomNumberApi.Controllers.RandomController.Get (RandomNumberApi) in 0.0883ms
info: Microsoft.AspNetCore.Routing.EndpointMiddleware[1]
      Executed endpoint 'RandomNumberApi.Controllers.RandomController.Get (RandomNumberApi)'
info: Microsoft.AspNetCore.Hosting.Diagnostics[2]
      Request finished HTTP/1.1 GET http://localhost:5000/api/random - 200 - application/json;+charset=utf-8 0.2804ms
info: Microsoft.AspNetCore.Hosting.Diagnostics[1]
      Request starting HTTP/1.1 GET http://localhost:5000/api/random - - -
info: Microsoft.AspNetCore.Routing.EndpointMiddleware[0]
      Executing endpoint 'RandomNumberApi.Controllers.RandomController.Get (RandomNumberApi)'
info: Microsoft.AspNetCore.Mvc.Infrastructure.ControllerActionInvoker[102]
      Route matched with {action = "Get", controller = "Random"}. Executing controller action with signature Microsoft.AspNetCore.Mvc.IActionResult Get() on controller RandomNumberApi.Controllers.RandomController (RandomNumberApi).
info: Microsoft.AspNetCore.Mvc.Infrastructure.ObjectResultExecutor[1]
      Executing OkObjectResult, writing value of type '<>f__AnonymousType0`1[[System.Int32, System.Private.CoreLib, Version=8.0.0.0, Culture=neutral, PublicKeyToken=7cec85d7bea7798e]]'.
info: Microsoft.AspNetCore.Mvc.Infrastructure.ControllerActionInvoker[105]
      Executed action RandomNumberApi.Controllers.RandomController.Get (RandomNumberApi) in 0.3943ms
info: Microsoft.AspNetCore.Routing.EndpointMiddleware[1]
      Executed endpoint 'RandomNumberApi.Controllers.RandomController.Get (RandomNumberApi)'
info: Microsoft.AspNetCore.Hosting.Diagnostics[2]
      Request finished HTTP/1.1 GET http://localhost:5000/api/random - 200 - application/json;+charset=utf-8 0.5434ms
info: Microsoft.AspNetCore.Hosting.Diagnostics[1]
      Request starting HTTP/1.1 GET http://localhost:5000/api/random - - -
info: Microsoft.AspNetCore.Routing.EndpointMiddleware[0]
      Executing endpoint 'RandomNumberApi.Controllers.RandomController.Get (RandomNumberApi)'
info: Microsoft.AspNetCore.Mvc.Infrastructure.ControllerActionInvoker[102]
      Route matched with {action = "Get", controller = "Random"}. Executing controller action with signature Microsoft.AspNetCore.Mvc.IActionResult Get() on controller RandomNumberApi.Controllers.RandomController (RandomNumberApi).
info: Microsoft.AspNetCore.Mvc.Infrastructure.ObjectResultExecutor[1]
      Executing OkObjectResult, writing value of type '<>f__AnonymousType0`1[[System.Int32, System.Private.CoreLib, Version=8.0.0.0, Culture=neutral, PublicKeyToken=7cec85d7bea7798e]]'.
info: Microsoft.AspNetCore.Mvc.Infrastructure.ControllerActionInvoker[105]
      Executed action RandomNumberApi.Controllers.RandomController.Get (RandomNumberApi) in 0.0822ms
info: Microsoft.AspNetCore.Routing.EndpointMiddleware[1]
      Executed endpoint 'RandomNumberApi.Controllers.RandomController.Get (RandomNumberApi)'
info: Microsoft.AspNetCore.Hosting.Diagnostics[2]
      Request finished HTTP/1.1 GET http://localhost:5000/api/random - 200 - application/json;+charset=utf-8 0.2476ms
info: Microsoft.AspNetCore.Hosting.Diagnostics[1]
      Request starting HTTP/1.1 GET http://localhost:5000/api/random - - -
info: Microsoft.AspNetCore.Routing.EndpointMiddleware[0]
      Executing endpoint 'RandomNumberApi.Controllers.RandomController.Get (RandomNumberApi)'
info: Microsoft.AspNetCore.Mvc.Infrastructure.ControllerActionInvoker[102]
      Route matched with {action = "Get", controller = "Random"}. Executing controller action with signature Microsoft.AspNetCore.Mvc.IActionResult Get() on controller RandomNumberApi.Controllers.RandomController (RandomNumberApi).
info: Microsoft.AspNetCore.Mvc.Infrastructure.ObjectResultExecutor[1]
      Executing OkObjectResult, writing value of type '<>f__AnonymousType0`1[[System.Int32, System.Private.CoreLib, Version=8.0.0.0, Culture=neutral, PublicKeyToken=7cec85d7bea7798e]]'.
info: Microsoft.AspNetCore.Mvc.Infrastructure.ControllerActionInvoker[105]
      Executed action RandomNumberApi.Controllers.RandomController.Get (RandomNumberApi) in 0.0887ms
info: Microsoft.AspNetCore.Routing.EndpointMiddleware[1]
      Executed endpoint 'RandomNumberApi.Controllers.RandomController.Get (RandomNumberApi)'
info: Microsoft.AspNetCore.Hosting.Diagnostics[2]
      Request finished HTTP/1.1 GET http://localhost:5000/api/random - 200 - application/json;+charset=utf-8 0.2624ms
info: Microsoft.AspNetCore.Hosting.Diagnostics[1]
      Request starting HTTP/1.1 GET http://localhost:5000/api/random - - -
info: Microsoft.AspNetCore.Routing.EndpointMiddleware[0]
      Executing endpoint 'RandomNumberApi.Controllers.RandomController.Get (RandomNumberApi)'
info: Microsoft.AspNetCore.Mvc.Infrastructure.ControllerActionInvoker[102]
      Route matched with {action = "Get", controller = "Random"}. Executing controller action with signature Microsoft.AspNetCore.Mvc.IActionResult Get() on controller RandomNumberApi.Controllers.RandomController (RandomNumberApi).
info: Microsoft.AspNetCore.Mvc.Infrastructure.ObjectResultExecutor[1]
      Executing OkObjectResult, writing value of type '<>f__AnonymousType0`1[[System.Int32, System.Private.CoreLib, Version=8.0.0.0, Culture=neutral, PublicKeyToken=7cec85d7bea7798e]]'.
info: Microsoft.AspNetCore.Mvc.Infrastructure.ControllerActionInvoker[105]
      Executed action RandomNumberApi.Controllers.RandomController.Get (RandomNumberApi) in 0.0692ms
info: Microsoft.AspNetCore.Routing.EndpointMiddleware[1]
      Executed endpoint 'RandomNumberApi.Controllers.RandomController.Get (RandomNumberApi)'
info: Microsoft.AspNetCore.Hosting.Diagnostics[2]
      Request finished HTTP/1.1 GET http://localhost:5000/api/random - 200 - application/json;+charset=utf-8 0.2153ms
info: Microsoft.AspNetCore.Hosting.Diagnostics[1]
      Request starting HTTP/1.1 GET http://localhost:5000/api/random - - -
info: Microsoft.AspNetCore.Routing.EndpointMiddleware[0]
      Executing endpoint 'RandomNumberApi.Controllers.RandomController.Get (RandomNumberApi)'
info: Microsoft.AspNetCore.Mvc.Infrastructure.ControllerActionInvoker[102]
      Route matched with {action = "Get", controller = "Random"}. Executing controller action with signature Microsoft.AspNetCore.Mvc.IActionResult Get() on controller RandomNumberApi.Controllers.RandomController (RandomNumberApi).
info: Microsoft.AspNetCore.Mvc.Infrastructure.ObjectResultExecutor[1]
      Executing OkObjectResult, writing value of type '<>f__AnonymousType0`1[[System.Int32, System.Private.CoreLib, Version=8.0.0.0, Culture=neutral, PublicKeyToken=7cec85d7bea7798e]]'.
info: Microsoft.AspNetCore.Mvc.Infrastructure.ControllerActionInvoker[105]
      Executed action RandomNumberApi.Controllers.RandomController.Get (RandomNumberApi) in 0.0925ms
info: Microsoft.AspNetCore.Routing.EndpointMiddleware[1]
      Executed endpoint 'RandomNumberApi.Controllers.RandomController.Get (RandomNumberApi)'
info: Microsoft.AspNetCore.Hosting.Diagnostics[2]
      Request finished HTTP/1.1 GET http://localhost:5000/api/random - 200 - application/json;+charset=utf-8 0.2833ms
info: Microsoft.AspNetCore.Hosting.Diagnostics[1]
      Request starting HTTP/1.1 GET http://localhost:5000/api/random - - -
info: Microsoft.AspNetCore.Routing.EndpointMiddleware[0]
      Executing endpoint 'RandomNumberApi.Controllers.RandomController.Get (RandomNumberApi)'
info: Microsoft.AspNetCore.Mvc.Infrastructure.ControllerActionInvoker[102]
      Route matched with {action = "Get", controller = "Random"}. Executing controller action with signature Microsoft.AspNetCore.Mvc.IActionResult Get() on controller RandomNumberApi.Controllers.RandomController (RandomNumberApi).
info: Microsoft.AspNetCore.Mvc.Infrastructure.ObjectResultExecutor[1]
      Executing OkObjectResult, writing value of type '<>f__AnonymousType0`1[[System.Int32, System.Private.CoreLib, Version=8.0.0.0, Culture=neutral, PublicKeyToken=7cec85d7bea7798e]]'.
info: Microsoft.AspNetCore.Mvc.Infrastructure.ControllerActionInvoker[105]
      Executed action RandomNumberApi.Controllers.RandomController.Get (RandomNumberApi) in 0.0936ms
info: Microsoft.AspNetCore.Routing.EndpointMiddleware[1]
      Executed endpoint 'RandomNumberApi.Controllers.RandomController.Get (RandomNumberApi)'
info: Microsoft.AspNetCore.Hosting.Diagnostics[2]
      Request finished HTTP/1.1 GET http://localhost:5000/api/random - 200 - application/json;+charset=utf-8 0.2749ms
info: Microsoft.AspNetCore.Hosting.Diagnostics[1]
      Request starting HTTP/1.1 GET http://localhost:5000/api/random - - -
info: Microsoft.AspNetCore.Routing.EndpointMiddleware[0]
      Executing endpoint 'RandomNumberApi.Controllers.RandomController.Get (RandomNumberApi)'
info: Microsoft.AspNetCore.Mvc.Infrastructure.ControllerActionInvoker[102]
      Route matched with {action = "Get", controller = "Random"}. Executing controller action with signature Microsoft.AspNetCore.Mvc.IActionResult Get() on controller RandomNumberApi.Controllers.RandomController (RandomNumberApi).
info: Microsoft.AspNetCore.Mvc.Infrastructure.ObjectResultExecutor[1]
      Executing OkObjectResult, writing value of type '<>f__AnonymousType0`1[[System.Int32, System.Private.CoreLib, Version=8.0.0.0, Culture=neutral, PublicKeyToken=7cec85d7bea7798e]]'.
info: Microsoft.AspNetCore.Mvc.Infrastructure.ControllerActionInvoker[105]
      Executed action RandomNumberApi.Controllers.RandomController.Get (RandomNumberApi) in 0.0412ms
info: Microsoft.AspNetCore.Routing.EndpointMiddleware[1]
      Executed endpoint 'RandomNumberApi.Controllers.RandomController.Get (RandomNumberApi)'
info: Microsoft.AspNetCore.Hosting.Diagnostics[2]
      Request finished HTTP/1.1 GET http://localhost:5000/api/random - 200 - application/json;+charset=utf-8 0.1178ms
info: Microsoft.AspNetCore.Hosting.Diagnostics[1]
      Request starting HTTP/1.1 GET http://localhost:5000/api/random - - -
info: Microsoft.AspNetCore.Routing.EndpointMiddleware[0]
      Executing endpoint 'RandomNumberApi.Controllers.RandomController.Get (RandomNumberApi)'
info: Microsoft.AspNetCore.Mvc.Infrastructure.ControllerActionInvoker[102]
      Route matched with {action = "Get", controller = "Random"}. Executing controller action with signature Microsoft.AspNetCore.Mvc.IActionResult Get() on controller RandomNumberApi.Controllers.RandomController (RandomNumberApi).
info: Microsoft.AspNetCore.Mvc.Infrastructure.ObjectResultExecutor[1]
      Executing OkObjectResult, writing value of type '<>f__AnonymousType0`1[[System.Int32, System.Private.CoreLib, Version=8.0.0.0, Culture=neutral, PublicKeyToken=7cec85d7bea7798e]]'.
info: Microsoft.AspNetCore.Mvc.Infrastructure.ControllerActionInvoker[105]
      Executed action RandomNumberApi.Controllers.RandomController.Get (RandomNumberApi) in 0.0958ms
info: Microsoft.AspNetCore.Routing.EndpointMiddleware[1]
      Executed endpoint 'RandomNumberApi.Controllers.RandomController.Get (RandomNumberApi)'
info: Microsoft.AspNetCore.Hosting.Diagnostics[2]
      Request finished HTTP/1.1 GET http://localhost:5000/api/random - 200 - application/json;+charset=utf-8 0.2575ms
info: Microsoft.AspNetCore.Hosting.Diagnostics[1]
      Request starting HTTP/1.1 GET http://localhost:5000/api/random - - -
info: Microsoft.AspNetCore.Routing.EndpointMiddleware[0]
      Executing endpoint 'RandomNumberApi.Controllers.RandomController.Get (RandomNumberApi)'
info: Microsoft.AspNetCore.Mvc.Infrastructure.ControllerActionInvoker[102]
      Route matched with {action = "Get", controller = "Random"}. Executing controller action with signature Microsoft.AspNetCore.Mvc.IActionResult Get() on controller RandomNumberApi.Controllers.RandomController (RandomNumberApi).
info: Microsoft.AspNetCore.Mvc.Infrastructure.ObjectResultExecutor[1]
      Executing OkObjectResult, writing value of type '<>f__AnonymousType0`1[[System.Int32, System.Private.CoreLib, Version=8.0.0.0, Culture=neutral, PublicKeyToken=7cec85d7bea7798e]]'.
info: Microsoft.AspNetCore.Mvc.Infrastructure.ControllerActionInvoker[105]
      Executed action RandomNumberApi.Controllers.RandomController.Get (RandomNumberApi) in 0.0953ms
info: Microsoft.AspNetCore.Routing.EndpointMiddleware[1]
      Executed endpoint 'RandomNumberApi.Controllers.RandomController.Get (RandomNumberApi)'
info: Microsoft.AspNetCore.Hosting.Diagnostics[2]
      Request finished HTTP/1.1 GET http://localhost:5000/api/random - 200 - application/json;+charset=utf-8 0.2478ms
info: Microsoft.AspNetCore.Hosting.Diagnostics[1]
      Request starting HTTP/1.1 GET http://localhost:5000/api/random - - -
info: Microsoft.AspNetCore.Routing.EndpointMiddleware[0]
      Executing endpoint 'RandomNumberApi.Controllers.RandomController.Get (RandomNumberApi)'
info: Microsoft.AspNetCore.Mvc.Infrastructure.ControllerActionInvoker[102]
      Route matched with {action = "Get", controller = "Random"}. Executing controller action with signature Microsoft.AspNetCore.Mvc.IActionResult Get() on controller RandomNumberApi.Controllers.RandomController (RandomNumberApi).
info: Microsoft.AspNetCore.Mvc.Infrastructure.ObjectResultExecutor[1]
      Executing OkObjectResult, writing value of type '<>f__AnonymousType0`1[[System.Int32, System.Private.CoreLib, Version=8.0.0.0, Culture=neutral, PublicKeyToken=7cec85d7bea7798e]]'.
info: Microsoft.AspNetCore.Mvc.Infrastructure.ControllerActionInvoker[105]
      Executed action RandomNumberApi.Controllers.RandomController.Get (RandomNumberApi) in 0.0662ms
info: Microsoft.AspNetCore.Routing.EndpointMiddleware[1]
      Executed endpoint 'RandomNumberApi.Controllers.RandomController.Get (RandomNumberApi)'
info: Microsoft.AspNetCore.Hosting.Diagnostics[2]
      Request finished HTTP/1.1 GET http://localhost:5000/api/random - 200 - application/json;+charset=utf-8 0.2079ms
info: Microsoft.AspNetCore.Hosting.Diagnostics[1]
      Request starting HTTP/1.1 GET http://localhost:5000/api/random - - -
info: Microsoft.AspNetCore.Routing.EndpointMiddleware[0]
      Executing endpoint 'RandomNumberApi.Controllers.RandomController.Get (RandomNumberApi)'
info: Microsoft.AspNetCore.Mvc.Infrastructure.ControllerActionInvoker[102]
      Route matched with {action = "Get", controller = "Random"}. Executing controller action with signature Microsoft.AspNetCore.Mvc.IActionResult Get() on controller RandomNumberApi.Controllers.RandomController (RandomNumberApi).
info: Microsoft.AspNetCore.Mvc.Infrastructure.ObjectResultExecutor[1]
      Executing OkObjectResult, writing value of type '<>f__AnonymousType0`1[[System.Int32, System.Private.CoreLib, Version=8.0.0.0, Culture=neutral, PublicKeyToken=7cec85d7bea7798e]]'.
info: Microsoft.AspNetCore.Mvc.Infrastructure.ControllerActionInvoker[105]
      Executed action RandomNumberApi.Controllers.RandomController.Get (RandomNumberApi) in 0.1166ms
info: Microsoft.AspNetCore.Routing.EndpointMiddleware[1]
      Executed endpoint 'RandomNumberApi.Controllers.RandomController.Get (RandomNumberApi)'
info: Microsoft.AspNetCore.Hosting.Diagnostics[2]
      Request finished HTTP/1.1 GET http://localhost:5000/api/random - 200 - application/json;+charset=utf-8 0.3207ms
info: Microsoft.AspNetCore.Hosting.Diagnostics[1]
      Request starting HTTP/1.1 GET http://localhost:5000/api/random - - -
info: Microsoft.AspNetCore.Routing.EndpointMiddleware[0]
      Executing endpoint 'RandomNumberApi.Controllers.RandomController.Get (RandomNumberApi)'
info: Microsoft.AspNetCore.Mvc.Infrastructure.ControllerActionInvoker[102]
      Route matched with {action = "Get", controller = "Random"}. Executing controller action with signature Microsoft.AspNetCore.Mvc.IActionResult Get() on controller RandomNumberApi.Controllers.RandomController (RandomNumberApi).
info: Microsoft.AspNetCore.Mvc.Infrastructure.ObjectResultExecutor[1]
      Executing OkObjectResult, writing value of type '<>f__AnonymousType0`1[[System.Int32, System.Private.CoreLib, Version=8.0.0.0, Culture=neutral, PublicKeyToken=7cec85d7bea7798e]]'.
info: Microsoft.AspNetCore.Mvc.Infrastructure.ControllerActionInvoker[105]
      Executed action RandomNumberApi.Controllers.RandomController.Get (RandomNumberApi) in 0.0923ms
info: Microsoft.AspNetCore.Routing.EndpointMiddleware[1]
      Executed endpoint 'RandomNumberApi.Controllers.RandomController.Get (RandomNumberApi)'
info: Microsoft.AspNetCore.Hosting.Diagnostics[2]
      Request finished HTTP/1.1 GET http://localhost:5000/api/random - 200 - application/json;+charset=utf-8 0.2524ms
info: Microsoft.AspNetCore.Hosting.Diagnostics[1]
      Request starting HTTP/1.1 GET http://localhost:5000/api/random - - -
info: Microsoft.AspNetCore.Routing.EndpointMiddleware[0]
      Executing endpoint 'RandomNumberApi.Controllers.RandomController.Get (RandomNumberApi)'
info: Microsoft.AspNetCore.Mvc.Infrastructure.ControllerActionInvoker[102]
      Route matched with {action = "Get", controller = "Random"}. Executing controller action with signature Microsoft.AspNetCore.Mvc.IActionResult Get() on controller RandomNumberApi.Controllers.RandomController (RandomNumberApi).
info: Microsoft.AspNetCore.Mvc.Infrastructure.ObjectResultExecutor[1]
      Executing OkObjectResult, writing value of type '<>f__AnonymousType0`1[[System.Int32, System.Private.CoreLib, Version=8.0.0.0, Culture=neutral, PublicKeyToken=7cec85d7bea7798e]]'.
info: Microsoft.AspNetCore.Mvc.Infrastructure.ControllerActionInvoker[105]
      Executed action RandomNumberApi.Controllers.RandomController.Get (RandomNumberApi) in 0.0719ms
info: Microsoft.AspNetCore.Routing.EndpointMiddleware[1]
      Executed endpoint 'RandomNumberApi.Controllers.RandomController.Get (RandomNumberApi)'
info: Microsoft.AspNetCore.Hosting.Diagnostics[2]
      Request finished HTTP/1.1 GET http://localhost:5000/api/random - 200 - application/json;+charset=utf-8 0.2103ms
info: Microsoft.AspNetCore.Hosting.Diagnostics[1]
      Request starting HTTP/1.1 GET http://localhost:5000/api/random - - -
info: Microsoft.AspNetCore.Routing.EndpointMiddleware[0]
      Executing endpoint 'RandomNumberApi.Controllers.RandomController.Get (RandomNumberApi)'
info: Microsoft.AspNetCore.Mvc.Infrastructure.ControllerActionInvoker[102]
      Route matched with {action = "Get", controller = "Random"}. Executing controller action with signature Microsoft.AspNetCore.Mvc.IActionResult Get() on controller RandomNumberApi.Controllers.RandomController (RandomNumberApi).
info: Microsoft.AspNetCore.Mvc.Infrastructure.ObjectResultExecutor[1]
      Executing OkObjectResult, writing value of type '<>f__AnonymousType0`1[[System.Int32, System.Private.CoreLib, Version=8.0.0.0, Culture=neutral, PublicKeyToken=7cec85d7bea7798e]]'.
info: Microsoft.AspNetCore.Mvc.Infrastructure.ControllerActionInvoker[105]
      Executed action RandomNumberApi.Controllers.RandomController.Get (RandomNumberApi) in 0.1154ms
info: Microsoft.AspNetCore.Routing.EndpointMiddleware[1]
      Executed endpoint 'RandomNumberApi.Controllers.RandomController.Get (RandomNumberApi)'
info: Microsoft.AspNetCore.Hosting.Diagnostics[2]
      Request finished HTTP/1.1 GET http://localhost:5000/api/random - 200 - application/json;+charset=utf-8 0.3475ms
info: Microsoft.AspNetCore.Hosting.Diagnostics[1]
      Request starting HTTP/1.1 GET http://localhost:5000/api/random - - -
info: Microsoft.AspNetCore.Routing.EndpointMiddleware[0]
      Executing endpoint 'RandomNumberApi.Controllers.RandomController.Get (RandomNumberApi)'
info: Microsoft.AspNetCore.Mvc.Infrastructure.ControllerActionInvoker[102]
      Route matched with {action = "Get", controller = "Random"}. Executing controller action with signature Microsoft.AspNetCore.Mvc.IActionResult Get() on controller RandomNumberApi.Controllers.RandomController (RandomNumberApi).
info: Microsoft.AspNetCore.Mvc.Infrastructure.ObjectResultExecutor[1]
      Executing OkObjectResult, writing value of type '<>f__AnonymousType0`1[[System.Int32, System.Private.CoreLib, Version=8.0.0.0, Culture=neutral, PublicKeyToken=7cec85d7bea7798e]]'.
info: Microsoft.AspNetCore.Mvc.Infrastructure.ControllerActionInvoker[105]
      Executed action RandomNumberApi.Controllers.RandomController.Get (RandomNumberApi) in 0.0998ms
info: Microsoft.AspNetCore.Routing.EndpointMiddleware[1]
      Executed endpoint 'RandomNumberApi.Controllers.RandomController.Get (RandomNumberApi)'
info: Microsoft.AspNetCore.Hosting.Diagnostics[2]
      Request finished HTTP/1.1 GET http://localhost:5000/api/random - 200 - application/json;+charset=utf-8 0.3787ms
info: Microsoft.AspNetCore.Hosting.Diagnostics[1]
      Request starting HTTP/1.1 GET http://localhost:5000/api/random - - -
info: Microsoft.AspNetCore.Routing.EndpointMiddleware[0]
      Executing endpoint 'RandomNumberApi.Controllers.RandomController.Get (RandomNumberApi)'
info: Microsoft.AspNetCore.Mvc.Infrastructure.ControllerActionInvoker[102]
      Route matched with {action = "Get", controller = "Random"}. Executing controller action with signature Microsoft.AspNetCore.Mvc.IActionResult Get() on controller RandomNumberApi.Controllers.RandomController (RandomNumberApi).
info: Microsoft.AspNetCore.Mvc.Infrastructure.ObjectResultExecutor[1]
      Executing OkObjectResult, writing value of type '<>f__AnonymousType0`1[[System.Int32, System.Private.CoreLib, Version=8.0.0.0, Culture=neutral, PublicKeyToken=7cec85d7bea7798e]]'.
info: Microsoft.AspNetCore.Mvc.Infrastructure.ControllerActionInvoker[105]
      Executed action RandomNumberApi.Controllers.RandomController.Get (RandomNumberApi) in 0.0603ms
info: Microsoft.AspNetCore.Routing.EndpointMiddleware[1]
      Executed endpoint 'RandomNumberApi.Controllers.RandomController.Get (RandomNumberApi)'
info: Microsoft.AspNetCore.Hosting.Diagnostics[2]
      Request finished HTTP/1.1 GET http://localhost:5000/api/random - 200 - application/json;+charset=utf-8 0.2128ms
info: Microsoft.AspNetCore.Hosting.Diagnostics[1]
      Request starting HTTP/1.1 GET http://localhost:5000/api/random - - -
info: Microsoft.AspNetCore.Routing.EndpointMiddleware[0]
      Executing endpoint 'RandomNumberApi.Controllers.RandomController.Get (RandomNumberApi)'
info: Microsoft.AspNetCore.Mvc.Infrastructure.ControllerActionInvoker[102]
      Route matched with {action = "Get", controller = "Random"}. Executing controller action with signature Microsoft.AspNetCore.Mvc.IActionResult Get() on controller RandomNumberApi.Controllers.RandomController (RandomNumberApi).
info: Microsoft.AspNetCore.Mvc.Infrastructure.ObjectResultExecutor[1]
      Executing OkObjectResult, writing value of type '<>f__AnonymousType0`1[[System.Int32, System.Private.CoreLib, Version=8.0.0.0, Culture=neutral, PublicKeyToken=7cec85d7bea7798e]]'.
info: Microsoft.AspNetCore.Mvc.Infrastructure.ControllerActionInvoker[105]
      Executed action RandomNumberApi.Controllers.RandomController.Get (RandomNumberApi) in 0.1623ms
info: Microsoft.AspNetCore.Routing.EndpointMiddleware[1]
      Executed endpoint 'RandomNumberApi.Controllers.RandomController.Get (RandomNumberApi)'
info: Microsoft.AspNetCore.Hosting.Diagnostics[2]
      Request finished HTTP/1.1 GET http://localhost:5000/api/random - 200 - application/json;+charset=utf-8 0.8922ms
info: Microsoft.AspNetCore.Hosting.Diagnostics[1]
      Request starting HTTP/1.1 GET http://localhost:5000/api/random - - -
info: Microsoft.AspNetCore.Routing.EndpointMiddleware[0]
      Executing endpoint 'RandomNumberApi.Controllers.RandomController.Get (RandomNumberApi)'
info: Microsoft.AspNetCore.Mvc.Infrastructure.ControllerActionInvoker[102]
      Route matched with {action = "Get", controller = "Random"}. Executing controller action with signature Microsoft.AspNetCore.Mvc.IActionResult Get() on controller RandomNumberApi.Controllers.RandomController (RandomNumberApi).
info: Microsoft.AspNetCore.Mvc.Infrastructure.ObjectResultExecutor[1]
      Executing OkObjectResult, writing value of type '<>f__AnonymousType0`1[[System.Int32, System.Private.CoreLib, Version=8.0.0.0, Culture=neutral, PublicKeyToken=7cec85d7bea7798e]]'.
info: Microsoft.AspNetCore.Mvc.Infrastructure.ControllerActionInvoker[105]
      Executed action RandomNumberApi.Controllers.RandomController.Get (RandomNumberApi) in 0.1012ms
info: Microsoft.AspNetCore.Routing.EndpointMiddleware[1]
      Executed endpoint 'RandomNumberApi.Controllers.RandomController.Get (RandomNumberApi)'
info: Microsoft.AspNetCore.Hosting.Diagnostics[2]
      Request finished HTTP/1.1 GET http://localhost:5000/api/random - 200 - application/json;+charset=utf-8 0.2974ms
info: Microsoft.AspNetCore.Hosting.Diagnostics[1]
      Request starting HTTP/1.1 GET http://localhost:5000/api/random - - -
info: Microsoft.AspNetCore.Routing.EndpointMiddleware[0]
      Executing endpoint 'RandomNumberApi.Controllers.RandomController.Get (RandomNumberApi)'
info: Microsoft.AspNetCore.Mvc.Infrastructure.ControllerActionInvoker[102]
      Route matched with {action = "Get", controller = "Random"}. Executing controller action with signature Microsoft.AspNetCore.Mvc.IActionResult Get() on controller RandomNumberApi.Controllers.RandomController (RandomNumberApi).
info: Microsoft.AspNetCore.Mvc.Infrastructure.ObjectResultExecutor[1]
      Executing OkObjectResult, writing value of type '<>f__AnonymousType0`1[[System.Int32, System.Private.CoreLib, Version=8.0.0.0, Culture=neutral, PublicKeyToken=7cec85d7bea7798e]]'.
info: Microsoft.AspNetCore.Mvc.Infrastructure.ControllerActionInvoker[105]
      Executed action RandomNumberApi.Controllers.RandomController.Get (RandomNumberApi) in 0.2462ms
info: Microsoft.AspNetCore.Routing.EndpointMiddleware[1]
      Executed endpoint 'RandomNumberApi.Controllers.RandomController.Get (RandomNumberApi)'
info: Microsoft.AspNetCore.Hosting.Diagnostics[2]
      Request finished HTTP/1.1 GET http://localhost:5000/api/random - 200 - application/json;+charset=utf-8 0.5802ms
info: Microsoft.AspNetCore.Hosting.Diagnostics[1]
      Request starting HTTP/1.1 GET http://localhost:5000/api/random - - -
info: Microsoft.AspNetCore.Routing.EndpointMiddleware[0]
      Executing endpoint 'RandomNumberApi.Controllers.RandomController.Get (RandomNumberApi)'
info: Microsoft.AspNetCore.Mvc.Infrastructure.ControllerActionInvoker[102]
      Route matched with {action = "Get", controller = "Random"}. Executing controller action with signature Microsoft.AspNetCore.Mvc.IActionResult Get() on controller RandomNumberApi.Controllers.RandomController (RandomNumberApi).
info: Microsoft.AspNetCore.Mvc.Infrastructure.ObjectResultExecutor[1]
      Executing OkObjectResult, writing value of type '<>f__AnonymousType0`1[[System.Int32, System.Private.CoreLib, Version=8.0.0.0, Culture=neutral, PublicKeyToken=7cec85d7bea7798e]]'.
info: Microsoft.AspNetCore.Mvc.Infrastructure.ControllerActionInvoker[105]
      Executed action RandomNumberApi.Controllers.RandomController.Get (RandomNumberApi) in 0.1003ms
info: Microsoft.AspNetCore.Routing.EndpointMiddleware[1]
      Executed endpoint 'RandomNumberApi.Controllers.RandomController.Get (RandomNumberApi)'
info: Microsoft.AspNetCore.Hosting.Diagnostics[2]
      Request finished HTTP/1.1 GET http://localhost:5000/api/random - 200 - application/json;+charset=utf-8 0.3946ms
info: Microsoft.AspNetCore.Hosting.Diagnostics[1]
      Request starting HTTP/1.1 GET http://localhost:5000/api/random - - -
info: Microsoft.AspNetCore.Routing.EndpointMiddleware[0]
      Executing endpoint 'RandomNumberApi.Controllers.RandomController.Get (RandomNumberApi)'
info: Microsoft.AspNetCore.Mvc.Infrastructure.ControllerActionInvoker[102]
      Route matched with {action = "Get", controller = "Random"}. Executing controller action with signature Microsoft.AspNetCore.Mvc.IActionResult Get() on controller RandomNumberApi.Controllers.RandomController (RandomNumberApi).
info: Microsoft.AspNetCore.Mvc.Infrastructure.ObjectResultExecutor[1]
      Executing OkObjectResult, writing value of type '<>f__AnonymousType0`1[[System.Int32, System.Private.CoreLib, Version=8.0.0.0, Culture=neutral, PublicKeyToken=7cec85d7bea7798e]]'.
info: Microsoft.AspNetCore.Mvc.Infrastructure.ControllerActionInvoker[105]
      Executed action RandomNumberApi.Controllers.RandomController.Get (RandomNumberApi) in 0.1134ms
info: Microsoft.AspNetCore.Routing.EndpointMiddleware[1]
      Executed endpoint 'RandomNumberApi.Controllers.RandomController.Get (RandomNumberApi)'
info: Microsoft.AspNetCore.Hosting.Diagnostics[2]
      Request finished HTTP/1.1 GET http://localhost:5000/api/random - 200 - application/json;+charset=utf-8 0.3550ms
info: Microsoft.AspNetCore.Hosting.Diagnostics[1]
      Request starting HTTP/1.1 GET http://localhost:5000/api/random - - -
info: Microsoft.AspNetCore.Routing.EndpointMiddleware[0]
      Executing endpoint 'RandomNumberApi.Controllers.RandomController.Get (RandomNumberApi)'
info: Microsoft.AspNetCore.Mvc.Infrastructure.ControllerActionInvoker[102]
      Route matched with {action = "Get", controller = "Random"}. Executing controller action with signature Microsoft.AspNetCore.Mvc.IActionResult Get() on controller RandomNumberApi.Controllers.RandomController (RandomNumberApi).
info: Microsoft.AspNetCore.Mvc.Infrastructure.ObjectResultExecutor[1]
      Executing OkObjectResult, writing value of type '<>f__AnonymousType0`1[[System.Int32, System.Private.CoreLib, Version=8.0.0.0, Culture=neutral, PublicKeyToken=7cec85d7bea7798e]]'.
info: Microsoft.AspNetCore.Mvc.Infrastructure.ControllerActionInvoker[105]
      Executed action RandomNumberApi.Controllers.RandomController.Get (RandomNumberApi) in 0.1135ms
info: Microsoft.AspNetCore.Routing.EndpointMiddleware[1]
      Executed endpoint 'RandomNumberApi.Controllers.RandomController.Get (RandomNumberApi)'
info: Microsoft.AspNetCore.Hosting.Diagnostics[2]
      Request finished HTTP/1.1 GET http://localhost:5000/api/random - 200 - application/json;+charset=utf-8 0.3089ms
info: Microsoft.AspNetCore.Hosting.Diagnostics[1]
      Request starting HTTP/1.1 GET http://localhost:5000/api/images/mwcraft-collection - - -
info: Microsoft.AspNetCore.Hosting.Diagnostics[2]
      Request finished HTTP/1.1 GET http://localhost:5000/api/images/mwcraft-collection - 404 0 - 9.1111ms
info: Microsoft.AspNetCore.Hosting.Diagnostics[16]
      Request reached the end of the middleware pipeline without being handled by application code. Request path: GET http://localhost:5000/api/images/mwcraft-collection, Response status code: 404
info: Microsoft.AspNetCore.Hosting.Diagnostics[1]
      Request starting HTTP/1.1 GET http://localhost:5000/api/images/mwcraft-collection - - -
info: Microsoft.AspNetCore.Hosting.Diagnostics[2]
      Request finished HTTP/1.1 GET http://localhost:5000/api/images/mwcraft-collection - 404 0 - 0.1677ms
info: Microsoft.AspNetCore.Hosting.Diagnostics[16]
      Request reached the end of the middleware pipeline without being handled by application code. Request path: GET http://localhost:5000/api/images/mwcraft-collection, Response status code: 404
